date,price,Year,Month,Quarter,Price Change,Pct_Change,MA_30,month_name
1986-01-02,25.56,1986,1,1,,,,January
1986-01-03,26.0,1986,1,1,0.4400000000000013,1.7214397496087663,,January
1986-01-06,26.53,1986,1,1,0.5300000000000011,2.0384615384615445,,January
1986-01-07,25.85,1986,1,1,-0.6799999999999997,-2.5631360723708974,,January
1986-01-08,25.87,1986,1,1,0.019999999999999574,0.0773694390715729,,January
1986-01-09,26.03,1986,1,1,0.16000000000000014,0.6184770003865525,,January
1986-01-10,25.65,1986,1,1,-0.38000000000000256,-1.4598540145985495,,January
1986-01-13,25.08,1986,1,1,-0.5700000000000003,-2.2222222222222254,,January
1986-01-14,24.97,1986,1,1,-0.10999999999999943,-0.43859649122807154,,January
1986-01-15,25.18,1986,1,1,0.21000000000000085,0.8410092110532563,,January
1986-01-16,23.98,1986,1,1,-1.1999999999999993,-4.765687053216839,,January
1986-01-17,23.63,1986,1,1,-0.3500000000000014,-1.4595496246872508,,January
1986-01-20,21.33,1986,1,1,-2.3000000000000007,-9.733389758781218,,January
1986-01-21,20.61,1986,1,1,-0.7199999999999989,-3.3755274261603296,,January
1986-01-22,20.25,1986,1,1,-0.35999999999999943,-1.7467248908296873,,January
1986-01-23,19.93,1986,1,1,-0.3200000000000003,-1.5802469135802522,,January
1986-01-24,19.45,1986,1,1,-0.4800000000000004,-2.4084295032614222,,January
1986-01-27,20.87,1986,1,1,1.4200000000000017,7.300771208226231,,January
1986-01-28,19.45,1986,1,1,-1.4200000000000017,-6.804024916147588,,January
1986-01-29,19.61,1986,1,1,0.16000000000000014,0.8226221079691509,,January
1986-01-30,19.58,1986,1,1,-0.030000000000001137,-0.15298317185110655,,January
1986-01-31,18.95,1986,1,1,-0.629999999999999,-3.2175689479060243,,January
1986-02-03,17.42,1986,2,1,-1.5299999999999976,-8.073878627968323,,February
1986-02-04,15.58,1986,2,1,-1.8400000000000016,-10.562571756601614,,February
1986-02-05,16.28,1986,2,1,0.7000000000000011,4.492939666238782,,February
1986-02-06,16.6,1986,2,1,0.3200000000000003,1.9656019656019597,,February
1986-02-07,17.7,1986,2,1,1.0999999999999979,6.626506024096379,,February
1986-02-10,16.78,1986,2,1,-0.9199999999999982,-5.197740112994342,,February
1986-02-11,16.28,1986,2,1,-0.5,-2.979737783075087,,February
1986-02-12,15.74,1986,2,1,-0.5400000000000009,-3.3169533169533194,21.224666666666668,February
1986-02-13,16.43,1986,2,1,0.6899999999999995,4.383735705209646,20.920333333333335,February
1986-02-14,16.03,1986,2,1,-0.3999999999999986,-2.4345709068776533,20.588000000000005,February
1986-02-18,14.7,1986,2,1,-1.3300000000000018,-8.296943231441055,20.193666666666665,February
1986-02-19,15.08,1986,2,1,0.3800000000000008,2.5850340136054584,19.834666666666667,February
1986-02-20,14.13,1986,2,1,-0.9499999999999993,-6.299734748010611,19.443333333333335,February
1986-02-21,13.63,1986,2,1,-0.5,-3.538570417551312,19.029999999999998,February
1986-02-24,14.68,1986,2,1,1.049999999999999,7.703595011005127,18.66433333333333,February
1986-02-25,14.68,1986,2,1,0.0,0.0,18.317666666666664,February
1986-02-26,14.62,1986,2,1,-0.0600000000000005,-0.4087193460490468,17.97266666666667,February
1986-02-27,14.05,1986,2,1,-0.5699999999999985,-3.8987688098495066,17.601666666666667,February
1986-02-28,13.23,1986,2,1,-0.8200000000000003,-5.836298932384343,17.243333333333332,February
1986-03-03,11.98,1986,3,1,-1.25,-9.448223733938022,16.855,March
1986-03-04,11.98,1986,3,1,0.0,0.0,16.543333333333333,March
1986-03-05,12.03,1986,3,1,0.049999999999998934,0.4173622704507496,16.257333333333335,March
1986-03-06,13.13,1986,3,1,1.1000000000000014,9.143807148794703,16.02,March
1986-03-07,12.24,1986,3,1,-0.8900000000000006,-6.778370144706781,15.763666666666667,March
1986-03-10,12.94,1986,3,1,0.6999999999999993,5.718954248366015,15.546666666666669,March
1986-03-11,13.23,1986,3,1,0.2900000000000009,2.2411128284389514,15.292,March
1986-03-12,14.05,1986,3,1,0.8200000000000003,6.198034769463345,15.112,March
1986-03-13,12.6,1986,3,1,-1.450000000000001,-10.320284697508908,14.878333333333334,March
1986-03-14,12.55,1986,3,1,-0.049999999999998934,-0.3968253968253843,14.644000000000002,March
1986-03-17,13.28,1986,3,1,0.7299999999999986,5.816733067729074,14.455,March
1986-03-18,14.03,1986,3,1,0.75,5.647590361445776,14.342000000000002,March
1986-03-19,13.25,1986,3,1,-0.7799999999999994,-5.559515324305053,14.264333333333333,March
1986-03-20,12.75,1986,3,1,-0.5,-3.7735849056603765,14.146666666666668,March
1986-03-21,13.95,1986,3,1,1.1999999999999993,9.41176470588234,14.058333333333334,March
1986-03-24,12.2,1986,3,1,-1.75,-12.54480286738351,13.875,March
1986-03-25,12.43,1986,3,1,0.23000000000000043,1.885245901639343,13.73,March
1986-03-26,12.03,1986,3,1,-0.40000000000000036,-3.2180209171359664,13.588333333333333,March
1986-03-27,11.35,1986,3,1,-0.6799999999999997,-5.652535328345798,13.442,March
1986-03-31,10.25,1986,3,1,-1.0999999999999996,-9.691629955947134,13.235999999999999,March
1986-04-01,11.13,1986,4,2,0.8800000000000008,8.585365853658544,13.072666666666667,April
1986-04-02,11.35,1986,4,2,0.21999999999999886,1.9766397124887591,12.961000000000002,April
1986-04-03,11.7,1986,4,2,0.34999999999999964,3.083700440528636,12.848333333333333,April
1986-04-04,12.75,1986,4,2,1.0500000000000007,8.974358974358987,12.802333333333333,April
1986-04-07,14.39,1986,4,2,1.6400000000000006,12.86274509803922,12.827666666666666,April
1986-04-08,12.83,1986,4,2,-1.5600000000000005,-10.8408617095205,12.765999999999998,April
1986-04-09,13.0,1986,4,2,0.16999999999999993,1.3250194855806807,12.709999999999999,April
1986-04-10,13.45,1986,4,2,0.4499999999999993,3.4615384615384492,12.671,April
1986-04-11,13.63,1986,4,2,0.1800000000000015,1.3382899628253009,12.657000000000002,April
1986-04-14,12.94,1986,4,2,-0.6900000000000013,-5.06236243580338,12.647333333333334,April
1986-04-15,12.72,1986,4,2,-0.21999999999999886,-1.7001545595053957,12.671999999999999,April
1986-04-16,11.5,1986,4,2,-1.2200000000000006,-9.591194968553463,12.656,April
1986-04-17,11.75,1986,4,2,0.25,2.1739130434782705,12.646666666666667,April
1986-04-18,11.88,1986,4,2,0.13000000000000078,1.106382978723408,12.604999999999999,April
1986-04-21,12.48,1986,4,2,0.5999999999999996,5.050505050505039,12.613,April
1986-04-22,13.13,1986,4,2,0.6500000000000004,5.208333333333326,12.619333333333334,April
1986-04-23,13.7,1986,4,2,0.5699999999999985,4.341203351104328,12.635,April
1986-04-24,13.65,1986,4,2,-0.049999999999998934,-0.36496350364962904,12.621666666666668,April
1986-04-25,14.23,1986,4,2,0.5800000000000001,4.249084249084256,12.675999999999998,April
1986-04-28,13.34,1986,4,2,-0.8900000000000006,-6.2543921293042875,12.702333333333334,April
1986-04-29,13.63,1986,4,2,0.2900000000000009,2.1739130434782705,12.714,April
1986-04-30,13.38,1986,4,2,-0.25,-1.8341892883345534,12.692333333333332,April
1986-05-01,13.8,1986,5,2,0.41999999999999993,3.1390134529148073,12.710666666666667,May
1986-05-02,14.65,1986,5,2,0.8499999999999996,6.159420289855078,12.774,May
1986-05-05,14.32,1986,5,2,-0.33000000000000007,-2.2525597269624553,12.786333333333333,May
1986-05-06,14.43,1986,5,2,0.10999999999999943,0.7681564245810124,12.860666666666667,May
1986-05-07,15.13,1986,5,2,0.7000000000000011,4.851004851004848,12.950666666666667,May
1986-05-08,15.7,1986,5,2,0.5699999999999985,3.7673496364837966,13.073,May
1986-05-09,15.83,1986,5,2,0.13000000000000078,0.8280254777070173,13.222333333333333,May
1986-05-12,15.75,1986,5,2,-0.08000000000000007,-0.5053695514845247,13.405666666666667,May
1986-05-13,15.65,1986,5,2,-0.09999999999999964,-0.6349206349206327,13.556333333333333,May
1986-05-14,15.53,1986,5,2,-0.120000000000001,-0.7667731629393049,13.695666666666666,May
1986-05-15,15.68,1986,5,2,0.15000000000000036,0.965872504829357,13.828333333333331,May
1986-05-16,16.08,1986,5,2,0.3999999999999986,2.5510204081632626,13.939333333333334,May
1986-05-19,17.13,1986,5,2,1.0500000000000007,6.529850746268662,14.030666666666667,May
1986-05-20,16.18,1986,5,2,-0.9499999999999993,-5.545826036193812,14.142333333333335,May
1986-05-21,15.53,1986,5,2,-0.6500000000000004,-4.017305315203956,14.226666666666667,May
1986-05-22,16.04,1986,5,2,0.5099999999999998,3.283966516419823,14.313,May
1986-05-23,16.95,1986,5,2,0.9100000000000001,5.673316708229437,14.423666666666666,May
1986-05-27,15.1,1986,5,2,-1.8499999999999996,-10.914454277286135,14.495666666666667,May
1986-05-28,14.65,1986,5,2,-0.4499999999999993,-2.980132450331119,14.56,May
1986-05-29,14.5,1986,5,2,-0.15000000000000036,-1.0238907849829393,14.66,May
1986-05-30,14.3,1986,5,2,-0.1999999999999993,-1.3793103448275779,14.745000000000001,May
1986-06-02,13.8,1986,6,2,-0.5,-3.4965034965035002,14.809000000000001,June
1986-06-03,13.35,1986,6,2,-0.45000000000000107,-3.2608695652173947,14.838,June
1986-06-04,13.15,1986,6,2,-0.1999999999999993,-1.4981273408239626,14.838666666666667,June
1986-06-05,13.21,1986,6,2,0.0600000000000005,0.4562737642585635,14.822333333333335,June
1986-06-06,12.73,1986,6,2,-0.4800000000000004,-3.6336109008327067,14.791666666666666,June
1986-06-09,12.61,1986,6,2,-0.120000000000001,-0.9426551453260101,14.737666666666666,June
1986-06-10,12.38,1986,6,2,-0.22999999999999865,-1.8239492466296525,14.705666666666666,June
1986-06-11,13.52,1986,6,2,1.1399999999999988,9.20840064620354,14.702,June
1986-06-12,13.69,1986,6,2,0.16999999999999993,1.2573964497041512,14.712333333333333,June
1986-06-13,13.83,1986,6,2,0.14000000000000057,1.022644265887518,14.713333333333333,June
1986-06-16,13.65,1986,6,2,-0.17999999999999972,-1.3015184381778733,14.68,June
1986-06-17,13.65,1986,6,2,0.0,0.0,14.657666666666668,June
1986-06-18,13.62,1986,6,2,-0.030000000000001137,-0.2197802197802301,14.630666666666666,June
1986-06-19,13.73,1986,6,2,0.11000000000000121,0.8076358296622788,14.584,June
1986-06-20,14.44,1986,6,2,0.7099999999999991,5.171158048069913,14.542000000000002,June
1986-06-23,14.05,1986,6,2,-0.3899999999999988,-2.700831024930739,14.482666666666665,June
1986-06-24,13.98,1986,6,2,-0.07000000000000028,-0.4982206405694023,14.423666666666666,June
1986-06-25,13.23,1986,6,2,-0.75,-5.364806866952787,14.343,June
1986-06-26,13.14,1986,6,2,-0.08999999999999986,-0.6802721088435382,14.263333333333332,June
1986-06-27,13.38,1986,6,2,0.2400000000000002,1.82648401826484,14.186666666666667,June
1986-06-30,12.8,1986,6,2,-0.5800000000000001,-4.33482810164425,14.077333333333334,June
1986-07-01,12.39,1986,7,3,-0.41000000000000014,-3.2031249999999956,13.919333333333332,July
1986-07-02,12.04,1986,7,3,-0.3500000000000014,-2.824858757062154,13.781333333333333,July
1986-07-03,11.7,1986,7,3,-0.33999999999999986,-2.8239202657807327,13.653666666666668,July
1986-07-07,11.18,1986,7,3,-0.5199999999999996,-4.444444444444439,13.491666666666667,July
1986-07-08,11.19,1986,7,3,0.009999999999999787,0.08944543828264262,13.299666666666667,July
1986-07-09,11.0,1986,7,3,-0.1899999999999995,-1.6979445933869464,13.163,July
1986-07-10,11.13,1986,7,3,0.13000000000000078,1.181818181818195,13.045666666666667,July
1986-07-11,11.13,1986,7,3,0.0,0.0,12.933333333333334,July
1986-07-14,11.23,1986,7,3,0.09999999999999964,0.8984725965857976,12.831,July
1986-07-15,11.85,1986,7,3,0.6199999999999992,5.520926090828127,12.765999999999998,July
1986-07-16,12.68,1986,7,3,0.8300000000000001,7.004219409282708,12.743666666666666,July
1986-07-17,12.3,1986,7,3,-0.379999999999999,-2.9968454258675004,12.715333333333332,July
1986-07-18,12.8,1986,7,3,0.5,4.065040650406493,12.701666666666666,July
1986-07-21,13.07,1986,7,3,0.2699999999999996,2.109374999999991,12.713,July
1986-07-22,10.88,1986,7,3,-2.1899999999999995,-16.75592960979342,12.655333333333335,July
1986-07-23,10.83,1986,7,3,-0.05000000000000071,-0.4595588235294157,12.603666666666667,July
1986-07-24,10.95,1986,7,3,0.11999999999999922,1.1080332409972193,12.517999999999999,July
1986-07-25,10.83,1986,7,3,-0.11999999999999922,-1.0958904109588996,12.422666666666666,July
1986-07-28,11.09,1986,7,3,0.2599999999999998,2.4007386888273308,12.331333333333333,July
1986-07-29,11.63,1986,7,3,0.5400000000000009,4.8692515779982015,12.264,July
1986-07-30,11.73,1986,7,3,0.09999999999999964,0.8598452278589797,12.2,July
1986-07-31,11.23,1986,7,3,-0.5,-4.262574595055413,12.120333333333333,July
1986-08-01,11.56,1986,8,3,0.33000000000000007,2.9385574354407806,12.048,August
1986-08-04,14.0,1986,8,3,2.4399999999999995,21.107266435986148,12.033333333333333,August
1986-08-05,14.35,1986,8,3,0.34999999999999964,2.499999999999991,12.043333333333333,August
1986-08-06,14.8,1986,8,3,0.45000000000000107,3.1358885017421567,12.070666666666666,August
1986-08-07,15.18,1986,8,3,0.379999999999999,2.5675675675675524,12.135666666666667,August
1986-08-08,14.83,1986,8,3,-0.34999999999999964,-2.305665349143604,12.192,August
1986-08-11,14.92,1986,8,3,0.08999999999999986,0.6068779501011479,12.243333333333334,August
1986-08-12,15.5,1986,8,3,0.5800000000000001,3.887399463806962,12.333333333333334,August
1986-08-13,15.28,1986,8,3,-0.22000000000000064,-1.4193548387096855,12.429666666666666,August
1986-08-14,15.43,1986,8,3,0.15000000000000036,0.981675392670156,12.542666666666666,August
1986-08-15,15.83,1986,8,3,0.40000000000000036,2.5923525599481634,12.680333333333333,August
1986-08-18,15.58,1986,8,3,-0.25,-1.5792798483891368,12.827,August
1986-08-19,14.98,1986,8,3,-0.5999999999999996,-3.8510911424903704,12.953333333333335,August
1986-08-20,15.23,1986,8,3,0.25,1.6688918558077415,13.094333333333333,August
1986-08-21,15.23,1986,8,3,0.0,0.0,13.231,August
1986-08-22,15.48,1986,8,3,0.25,1.641497045305318,13.376000000000001,August
1986-08-25,15.48,1986,8,3,0.0,0.0,13.517666666666665,August
1986-08-26,15.78,1986,8,3,0.29999999999999893,1.9379844961240345,13.648666666666667,August
1986-08-27,15.83,1986,8,3,0.05000000000000071,0.3168567807351197,13.753666666666668,August
1986-08-28,15.83,1986,8,3,0.0,0.0,13.871333333333332,August
1986-08-29,15.93,1986,8,3,0.09999999999999964,0.6317119393556503,13.975666666666665,August
1986-09-02,16.43,1986,9,3,0.5,3.138731952291285,14.087666666666667,September
1986-09-03,16.03,1986,9,3,-0.3999999999999986,-2.4345709068776533,14.259333333333334,September
1986-09-04,16.18,1986,9,3,0.14999999999999858,0.9357454772301876,14.437666666666667,September
1986-09-05,15.63,1986,9,3,-0.5499999999999989,-3.399258343634115,14.593666666666667,September
1986-09-08,15.63,1986,9,3,0.0,0.0,14.753666666666668,September
1986-09-09,15.0,1986,9,3,-0.6300000000000008,-4.0307101727447225,14.884000000000002,September
1986-09-10,14.9,1986,9,3,-0.09999999999999964,-0.6666666666666599,14.993,September
1986-09-11,15.05,1986,9,3,0.15000000000000036,1.0067114093959662,15.103666666666667,September
1986-09-12,15.06,1986,9,3,0.009999999999999787,0.0664451827242507,15.231333333333334,September
1986-09-15,14.31,1986,9,3,-0.75,-4.980079681274896,15.323,September
1986-09-16,13.8,1986,9,3,-0.5099999999999998,-3.563941299790352,15.316333333333334,September
1986-09-17,14.03,1986,9,3,0.22999999999999865,1.6666666666666607,15.305666666666667,September
1986-09-18,14.55,1986,9,3,0.5200000000000014,3.706343549536717,15.297333333333334,September
1986-09-19,14.47,1986,9,3,-0.08000000000000007,-0.5498281786941561,15.273666666666665,September
1986-09-22,13.94,1986,9,3,-0.5300000000000011,-3.662750518313762,15.244,September
1986-09-23,14.3,1986,9,3,0.3600000000000012,2.582496413199431,15.223333333333333,September
1986-09-24,14.55,1986,9,3,0.25,1.7482517482517501,15.191666666666666,September
1986-09-25,14.28,1986,9,3,-0.27000000000000135,-1.855670103092788,15.158333333333335,September
1986-09-26,14.43,1986,9,3,0.15000000000000036,1.0504201680672232,15.125,September
1986-09-29,14.93,1986,9,3,0.5,3.465003465003469,15.094999999999999,September
1986-09-30,14.7,1986,9,3,-0.23000000000000043,-1.5405224380442117,15.065666666666665,September
1986-10-01,15.23,1986,10,4,0.5300000000000011,3.6054421768707545,15.074,October
1986-10-02,15.38,1986,10,4,0.15000000000000036,0.9848982271831952,15.079,October
1986-10-03,14.86,1986,10,4,-0.5200000000000014,-3.3810143042912966,15.066666666666666,October
1986-10-06,14.83,1986,10,4,-0.02999999999999936,-0.20188425302826163,15.044999999999998,October
1986-10-07,15.6,1986,10,4,0.7699999999999996,5.192178017532023,15.049000000000001,October
1986-10-08,15.35,1986,10,4,-0.25,-1.602564102564108,15.034666666666665,October
1986-10-09,15.05,1986,10,4,-0.29999999999999893,-1.9543973941367976,15.008666666666667,October
1986-10-10,14.98,1986,10,4,-0.07000000000000028,-0.46511627906976605,14.980333333333334,October
1986-10-14,14.55,1986,10,4,-0.4299999999999997,-2.87049399198932,14.934333333333335,October
1986-10-15,14.83,1986,10,4,0.27999999999999936,1.9243986254295464,14.881,October
1986-10-16,14.53,1986,10,4,-0.3000000000000007,-2.0229265003371633,14.831,October
1986-10-17,14.85,1986,10,4,0.3200000000000003,2.20233998623538,14.786666666666667,October
1986-10-20,15.17,1986,10,4,0.3200000000000003,2.154882154882154,14.771333333333333,October
1986-10-21,15.22,1986,10,4,0.05000000000000071,0.3295978905734964,14.757666666666665,October
1986-10-22,14.85,1986,10,4,-0.370000000000001,-2.4310118265440273,14.752666666666666,October
1986-10-23,14.88,1986,10,4,0.030000000000001137,0.20202020202020332,14.752,October
1986-10-24,14.93,1986,10,4,0.049999999999998934,0.33602150537632713,14.748,October
1986-10-27,14.4,1986,10,4,-0.5299999999999994,-3.5498995311453396,14.725999999999999,October
1986-10-28,14.18,1986,10,4,-0.22000000000000064,-1.5277777777777835,14.721666666666666,October
1986-10-29,13.73,1986,10,4,-0.4499999999999993,-3.1734837799717863,14.719333333333333,October
1986-10-30,15.08,1986,10,4,1.3499999999999996,9.832483612527309,14.754333333333333,October
1986-10-31,15.25,1986,10,4,0.16999999999999993,1.1273209549071517,14.777666666666667,October
1986-11-03,14.7,1986,11,4,-0.5500000000000007,-3.60655737704918,14.785333333333334,November
1986-11-04,15.05,1986,11,4,0.3500000000000014,2.3809523809523947,14.822333333333335,November
1986-11-05,14.93,1986,11,4,-0.120000000000001,-0.7973421926910418,14.843333333333334,November
1986-11-06,15.08,1986,11,4,0.15000000000000036,1.0046885465505806,14.860999999999999,November
1986-11-07,15.15,1986,11,4,0.07000000000000028,0.46419098143235527,14.889999999999999,November
1986-11-10,15.3,1986,11,4,0.15000000000000036,0.990099009900991,14.919000000000002,November
1986-11-11,15.39,1986,11,4,0.08999999999999986,0.588235294117645,14.934333333333335,November
1986-11-12,15.33,1986,11,4,-0.0600000000000005,-0.3898635477582846,14.955333333333334,November
1986-11-13,15.55,1986,11,4,0.22000000000000064,1.4350945857795283,14.966000000000001,November
1986-11-14,15.68,1986,11,4,0.129999999999999,0.8360128617363349,14.976,November
1986-11-17,15.62,1986,11,4,-0.0600000000000005,-0.3826530612244916,15.001333333333333,November
1986-11-18,15.65,1986,11,4,0.030000000000001137,0.1920614596671033,15.028666666666668,November
1986-11-19,15.52,1986,11,4,-0.13000000000000078,-0.8306709265175738,15.026,November
1986-11-20,15.1,1986,11,4,-0.41999999999999993,-2.7061855670103108,15.017666666666667,November
1986-11-21,15.13,1986,11,4,0.030000000000001137,0.1986754966887494,15.020333333333333,November
1986-11-24,14.98,1986,11,4,-0.15000000000000036,-0.9914077990746839,15.020333333333333,November
1986-11-25,15.05,1986,11,4,0.07000000000000028,0.4672897196261738,15.037,November
1986-11-26,15.0,1986,11,4,-0.05000000000000071,-0.33222591362126463,15.042666666666667,November
1986-11-28,15.0,1986,11,4,0.0,0.0,15.058333333333334,November
1986-12-01,15.29,1986,12,4,0.28999999999999915,1.9333333333333202,15.073,December
1986-12-02,15.22,1986,12,4,-0.06999999999999851,-0.4578155657292249,15.074666666666667,December
1986-12-03,15.13,1986,12,4,-0.08999999999999986,-0.5913272010512505,15.071666666666667,December
1986-12-04,15.2,1986,12,4,0.06999999999999851,0.46265697290150953,15.083333333333334,December
1986-12-05,15.14,1986,12,4,-0.05999999999999872,-0.39473684210525883,15.092,December
1986-12-08,15.01,1986,12,4,-0.13000000000000078,-0.8586525759577301,15.094666666666665,December
1986-12-09,14.93,1986,12,4,-0.08000000000000007,-0.532978014656893,15.112333333333334,December
1986-12-10,15.12,1986,12,4,0.1899999999999995,1.272605492297374,15.143666666666666,December
1986-12-11,15.49,1986,12,4,0.370000000000001,2.447089947089953,15.202333333333334,December
1986-12-12,16.13,1986,12,4,0.6399999999999988,4.131697869593287,15.237333333333334,December
1986-12-15,16.38,1986,12,4,0.25,1.5499070055796649,15.275,December
1986-12-16,16.11,1986,12,4,-0.2699999999999996,-1.6483516483516425,15.322000000000001,December
1986-12-17,15.83,1986,12,4,-0.27999999999999936,-1.7380509000620714,15.348,December
1986-12-18,16.28,1986,12,4,0.45000000000000107,2.8427037271004485,15.393,December
1986-12-19,16.55,1986,12,4,0.2699999999999996,1.6584766584766486,15.442000000000002,December
1986-12-22,16.95,1986,12,4,0.3999999999999986,2.4169184290030232,15.502,December
1986-12-23,16.93,1986,12,4,-0.019999999999999574,-0.11799410029498247,15.556333333333333,December
1986-12-24,17.26,1986,12,4,0.33000000000000185,1.9492025989368056,15.618666666666666,December
1986-12-29,17.65,1986,12,4,0.389999999999997,2.259559675550382,15.696,December
1986-12-30,17.73,1986,12,4,0.08000000000000185,0.45325779036828884,15.768666666666666,December
1986-12-31,17.93,1986,12,4,0.1999999999999993,1.1280315848843703,15.843666666666667,December
1987-01-02,18.13,1987,1,1,0.1999999999999993,1.115448968209698,15.927333333333333,January
1987-01-05,17.98,1987,1,1,-0.14999999999999858,-0.8273579702151035,16.005,January
1987-01-06,18.21,1987,1,1,0.23000000000000043,1.2791991101223532,16.09466666666667,January
1987-01-07,18.28,1987,1,1,0.07000000000000028,0.38440417353102774,16.200666666666667,January
1987-01-08,18.63,1987,1,1,0.34999999999999787,1.9146608315098401,16.317333333333334,January
1987-01-09,18.78,1987,1,1,0.15000000000000213,0.8051529790660261,16.444,January
1987-01-12,19.0,1987,1,1,0.21999999999999886,1.1714589989350266,16.575666666666667,January
1987-01-13,18.86,1987,1,1,-0.14000000000000057,-0.736842105263158,16.704333333333334,January
1987-01-14,19.13,1987,1,1,0.2699999999999996,1.4316012725344551,16.842,January
1987-01-15,19.09,1987,1,1,-0.03999999999999915,-0.2090956612650241,16.968666666666667,January
1987-01-16,19.13,1987,1,1,0.03999999999999915,0.20953378732320171,17.099,January
1987-01-19,18.7,1987,1,1,-0.4299999999999997,-2.247778358599062,17.218,January
1987-01-20,18.73,1987,1,1,0.030000000000001137,0.16042780748664054,17.33566666666667,January
1987-01-21,18.6,1987,1,1,-0.129999999999999,-0.69407367859049,17.451,January
1987-01-22,18.76,1987,1,1,0.16000000000000014,0.8602150537634357,17.576,January
1987-01-23,18.59,1987,1,1,-0.1700000000000017,-0.9061833688699505,17.697999999999997,January
1987-01-26,18.63,1987,1,1,0.03999999999999915,0.2151694459386677,17.814999999999998,January
1987-01-27,18.48,1987,1,1,-0.14999999999999858,-0.805152979066015,17.914666666666665,January
1987-01-28,18.56,1987,1,1,0.0799999999999983,0.43290043290042934,17.99566666666667,January
1987-01-29,18.68,1987,1,1,0.120000000000001,0.6465517241379448,18.072333333333333,January
1987-01-30,18.73,1987,1,1,0.05000000000000071,0.2676659528908054,18.15966666666667,January
1987-02-02,18.59,1987,2,1,-0.14000000000000057,-0.7474639615590029,18.25166666666667,February
1987-02-03,18.38,1987,2,1,-0.21000000000000085,-1.1296395911780555,18.32166666666667,February
1987-02-04,18.26,1987,2,1,-0.11999999999999744,-0.6528835690968293,18.378666666666668,February
1987-02-05,18.56,1987,2,1,0.29999999999999716,1.642935377875121,18.432333333333336,February
1987-02-06,18.44,1987,2,1,-0.11999999999999744,-0.6465517241379226,18.482666666666667,February
1987-02-09,18.37,1987,2,1,-0.07000000000000028,-0.379609544468551,18.51966666666667,February
1987-02-10,18.43,1987,2,1,0.05999999999999872,0.3266194882961315,18.545666666666666,February
1987-02-11,18.03,1987,2,1,-0.3999999999999986,-2.170374389582197,18.555666666666664,February
1987-02-12,18.05,1987,2,1,0.019999999999999574,0.11092623405435376,18.55966666666667,February
1987-02-13,17.83,1987,2,1,-0.22000000000000242,-1.2188365650969701,18.549666666666667,February
1987-02-17,17.78,1987,2,1,-0.04999999999999716,-0.28042624789679227,18.543000000000003,February
1987-02-18,17.44,1987,2,1,-0.33999999999999986,-1.9122609673790758,18.517333333333333,February
1987-02-19,17.48,1987,2,1,0.03999999999999915,0.2293577981651307,18.490666666666666,February
1987-02-20,17.83,1987,2,1,0.34999999999999787,2.0022883295194305,18.464000000000002,February
1987-02-23,17.15,1987,2,1,-0.6799999999999997,-3.8137969713965214,18.40966666666667,February
1987-02-24,16.75,1987,2,1,-0.3999999999999986,-2.3323615160349753,18.33466666666667,February
1987-02-25,16.43,1987,2,1,-0.3200000000000003,-1.910447761194034,18.253666666666668,February
1987-02-26,16.98,1987,2,1,0.5500000000000007,3.3475349969567914,18.182000000000002,February
1987-02-27,16.45,1987,2,1,-0.5300000000000011,-3.121319199057726,18.094,February
1987-03-02,16.43,1987,3,1,-0.019999999999999574,-0.12158054711245425,18.004,March
1987-03-03,17.4,1987,3,1,0.9699999999999989,5.903834449178325,17.960666666666665,March
1987-03-04,17.4,1987,3,1,0.0,0.0,17.91633333333333,March
1987-03-05,18.0,1987,3,1,0.6000000000000014,3.4482758620689724,17.896333333333335,March
1987-03-06,18.13,1987,3,1,0.129999999999999,0.7222222222222241,17.875333333333334,March
1987-03-09,18.13,1987,3,1,0.0,0.0,17.860000000000003,March
1987-03-10,18.27,1987,3,1,0.14000000000000057,0.7722007722007707,17.848000000000003,March
1987-03-11,18.33,1987,3,1,0.05999999999999872,0.3284072249589487,17.843,March
1987-03-12,18.42,1987,3,1,0.09000000000000341,0.49099836333881264,17.83833333333333,March
1987-03-13,18.39,1987,3,1,-0.030000000000001137,-0.16286644951141183,17.828666666666667,March
1987-03-16,18.61,1987,3,1,0.21999999999999886,1.1963023382272953,17.824666666666666,March
1987-03-17,18.94,1987,3,1,0.33000000000000185,1.773240193444403,17.836333333333332,March
1987-03-18,18.75,1987,3,1,-0.19000000000000128,-1.0031678986272552,17.848666666666663,March
1987-03-19,18.61,1987,3,1,-0.14000000000000057,-0.7466666666666733,17.860333333333333,March
1987-03-20,18.7,1987,3,1,0.08999999999999986,0.4836109618484574,17.865000000000002,March
1987-03-23,18.6,1987,3,1,-0.09999999999999787,-0.5347593582887611,17.87033333333333,March
1987-03-25,18.48,1987,3,1,-0.120000000000001,-0.6451612903225823,17.874,March
1987-03-26,18.63,1987,3,1,0.14999999999999858,0.8116883116882967,17.880666666666666,March
1987-03-27,18.65,1987,3,1,0.019999999999999574,0.10735373054213682,17.901333333333337,March
1987-03-30,18.67,1987,3,1,0.020000000000003126,0.10723860589814116,17.922,March
1987-03-31,18.82,1987,3,1,0.14999999999999858,0.8034279592929794,17.955000000000002,March
1987-04-01,18.78,1987,4,2,-0.03999999999999915,-0.2125398512221044,17.988333333333333,April
1987-04-02,18.9,1987,4,2,0.11999999999999744,0.6389776357827337,18.037,April
1987-04-03,18.68,1987,4,2,-0.21999999999999886,-1.1640211640211562,18.076999999999998,April
1987-04-06,18.71,1987,4,2,0.030000000000001137,0.1605995717344877,18.106333333333332,April
1987-04-07,18.69,1987,4,2,-0.019999999999999574,-0.1068947087119132,18.157666666666668,April
1987-04-08,18.68,1987,4,2,-0.010000000000001563,-0.05350454788657366,18.221999999999998,April
1987-04-09,18.64,1987,4,2,-0.03999999999999915,-0.21413276231262435,18.295666666666666,April
1987-04-10,18.26,1987,4,2,-0.379999999999999,-2.0386266094420513,18.33833333333333,April
1987-04-13,18.07,1987,4,2,-0.19000000000000128,-1.04052573932093,18.392333333333333,April
1987-04-14,18.09,1987,4,2,0.019999999999999574,0.11068068622024363,18.44766666666667,April
1987-04-15,18.46,1987,4,2,0.370000000000001,2.0453289110005546,18.483,April
1987-04-16,18.58,1987,4,2,0.11999999999999744,0.6500541711809138,18.522333333333336,April
1987-04-20,18.66,1987,4,2,0.08000000000000185,0.43057050592034685,18.544333333333334,April
1987-04-21,18.97,1987,4,2,0.3099999999999987,1.6613076098606516,18.572333333333336,April
1987-04-22,19.03,1987,4,2,0.060000000000002274,0.3162888771744976,18.60233333333333,April
1987-04-23,19.03,1987,4,2,0.0,0.0,18.627666666666663,April
1987-04-24,19.01,1987,4,2,-0.019999999999999574,-0.10509721492379942,18.650333333333332,April
1987-04-27,18.83,1987,4,2,-0.18000000000000327,-0.946870068385075,18.663999999999998,April
1987-04-28,18.73,1987,4,2,-0.09999999999999787,-0.5310674455655806,18.675333333333334,April
1987-04-29,18.66,1987,4,2,-0.07000000000000028,-0.3737319807795014,18.677,April
1987-04-30,18.76,1987,4,2,0.10000000000000142,0.5359056806002238,18.671,April
1987-05-01,18.84,1987,5,2,0.0799999999999983,0.4264392324093702,18.674,May
1987-05-04,18.93,1987,5,2,0.08999999999999986,0.4777070063694211,18.684666666666665,May
1987-05-05,19.18,1987,5,2,0.25,1.3206550449022636,18.700666666666667,May
1987-05-06,19.22,1987,5,2,0.03999999999999915,0.2085505735140769,18.721333333333337,May
1987-05-07,19.08,1987,5,2,-0.14000000000000057,-0.7284079084287187,18.741333333333333,May
1987-05-08,19.28,1987,5,2,0.20000000000000284,1.048218029350112,18.763,May
1987-05-11,19.43,1987,5,2,0.14999999999999858,0.778008298755184,18.788999999999998,May
1987-05-12,19.37,1987,5,2,-0.05999999999999872,-0.30880082346885773,18.812333333333335,May
1987-05-13,19.39,1987,5,2,0.019999999999999574,0.10325245224573898,18.83133333333333,May
1987-05-14,19.56,1987,5,2,0.16999999999999815,0.8767405879319234,18.857333333333333,May
1987-05-15,19.84,1987,5,2,0.28000000000000114,1.4314928425357865,18.888666666666666,May
1987-05-18,19.91,1987,5,2,0.07000000000000028,0.35282258064517347,18.92966666666667,May
1987-05-19,19.97,1987,5,2,0.05999999999999872,0.30135610246107003,18.971666666666668,May
1987-05-20,19.75,1987,5,2,-0.21999999999999886,-1.1016524787180737,19.006999999999998,May
1987-05-21,19.95,1987,5,2,0.1999999999999993,1.0126582278481067,19.049333333333333,May
1987-05-22,19.68,1987,5,2,-0.2699999999999996,-1.3533834586466176,19.084,May
1987-05-26,19.35,1987,5,2,-0.3299999999999983,-1.6768292682926789,19.120333333333335,May
1987-05-27,19.38,1987,5,2,0.029999999999997584,0.15503875968991832,19.163999999999998,May
1987-05-28,19.28,1987,5,2,-0.09999999999999787,-0.5159958720330149,19.203666666666663,May
1987-05-29,19.36,1987,5,2,0.0799999999999983,0.4149377593360981,19.233666666666668,May
1987-06-01,19.55,1987,6,2,0.19000000000000128,0.9814049586776896,19.266000000000002,June
1987-06-02,19.7,1987,6,2,0.14999999999999858,0.7672634271099765,19.300666666666665,June
1987-06-03,19.87,1987,6,2,0.1700000000000017,0.8629441624365519,19.330666666666666,June
1987-06-04,19.75,1987,6,2,-0.120000000000001,-0.6039255158530543,19.354666666666667,June
1987-06-05,19.79,1987,6,2,0.03999999999999915,0.20253164556962577,19.380000000000003,June
1987-06-08,19.94,1987,6,2,0.15000000000000213,0.7579585649317933,19.411,June
1987-06-09,19.84,1987,6,2,-0.10000000000000142,-0.5015045135406293,19.444666666666667,June
1987-06-10,19.83,1987,6,2,-0.010000000000001563,-0.05040322580646128,19.481333333333332,June
1987-06-11,19.85,1987,6,2,0.020000000000003126,0.10085728693900453,19.521,June
1987-06-12,19.93,1987,6,2,0.0799999999999983,0.4030226700251882,19.560000000000002,June
1987-06-15,20.07,1987,6,2,0.14000000000000057,0.702458605117906,19.601,June
1987-06-16,20.27,1987,6,2,0.1999999999999993,0.9965122072745247,19.645666666666667,June
1987-06-17,20.41,1987,6,2,0.14000000000000057,0.6906758756783482,19.686666666666667,June
1987-06-18,20.5,1987,6,2,0.08999999999999986,0.4409603135717699,19.729333333333333,June
1987-06-19,20.65,1987,6,2,0.14999999999999858,0.7317073170731714,19.78166666666667,June
1987-06-22,20.49,1987,6,2,-0.16000000000000014,-0.7748184019370497,19.822,June
1987-06-23,19.95,1987,6,2,-0.5399999999999991,-2.6354319180087793,19.839333333333332,June
1987-06-24,20.13,1987,6,2,0.17999999999999972,0.9022556390977376,19.864666666666665,June
1987-06-25,20.15,1987,6,2,0.019999999999999574,0.09935419771485154,19.89,June
1987-06-26,20.34,1987,6,2,0.19000000000000128,0.9429280397022399,19.915999999999997,June
1987-06-29,20.38,1987,6,2,0.03999999999999915,0.1966568338249708,19.934,June
1987-06-30,20.22,1987,6,2,-0.16000000000000014,-0.7850834151128527,19.94433333333333,June
1987-07-01,20.47,1987,7,3,0.25,1.2363996043521341,19.961000000000002,July
1987-07-02,20.61,1987,7,3,0.14000000000000057,0.6839276990718179,19.98966666666667,July
1987-07-03,20.61,1987,7,3,0.0,0.0,20.011666666666667,July
1987-07-06,20.92,1987,7,3,0.3100000000000023,1.504124211547797,20.053,July
1987-07-07,20.76,1987,7,3,-0.16000000000000014,-0.7648183556405397,20.1,July
1987-07-08,20.94,1987,7,3,0.17999999999999972,0.8670520231213841,20.152,July
1987-07-09,21.32,1987,7,3,0.379999999999999,1.8147086914995114,20.220000000000002,July
1987-07-10,21.34,1987,7,3,0.019999999999999574,0.09380863039398779,20.286,July
1987-07-13,21.38,1987,7,3,0.03999999999999915,0.18744142455482393,20.346999999999998,July
1987-07-14,21.65,1987,7,3,0.2699999999999996,1.2628624883068262,20.412,July
1987-07-15,22.23,1987,7,3,0.5800000000000018,2.6789838337182514,20.490666666666666,July
1987-07-16,22.44,1987,7,3,0.21000000000000085,0.9446693657219951,20.580333333333332,July
1987-07-17,22.44,1987,7,3,0.0,0.0,20.668666666666663,July
1987-07-20,22.23,1987,7,3,-0.21000000000000085,-0.9358288770053513,20.745,July
1987-07-21,21.75,1987,7,3,-0.4800000000000004,-2.1592442645074206,20.808666666666667,July
1987-07-22,21.73,1987,7,3,-0.019999999999999574,-0.09195402298850519,20.872000000000003,July
1987-07-23,21.23,1987,7,3,-0.5,-2.30096640589047,20.918000000000003,July
1987-07-24,20.58,1987,7,3,-0.6500000000000021,-3.0617051342440083,20.939666666666664,July
1987-07-27,20.5,1987,7,3,-0.0799999999999983,-0.38872691933915515,20.954,July
1987-07-28,21.35,1987,7,3,0.8500000000000014,4.146341463414638,20.990000000000002,July
1987-07-29,21.49,1987,7,3,0.13999999999999702,0.6557377049180246,21.026,July
1987-07-30,21.47,1987,7,3,-0.019999999999999574,-0.09306654257794644,21.058333333333334,July
1987-07-31,21.43,1987,7,3,-0.03999999999999915,-0.18630647414997759,21.084333333333333,July
1987-08-03,22.21,1987,8,3,0.7800000000000011,3.639757349510031,21.141666666666666,August
1987-08-04,21.82,1987,8,3,-0.39000000000000057,-1.755965781179647,21.204,August
1987-08-05,21.37,1987,8,3,-0.4499999999999993,-2.062328139321723,21.245333333333335,August
1987-08-06,21.17,1987,8,3,-0.1999999999999993,-0.9358914365933502,21.279333333333334,August
1987-08-07,21.01,1987,8,3,-0.16000000000000014,-0.7557864903164901,21.30166666666667,August
1987-08-10,20.7,1987,8,3,-0.3100000000000023,-1.475487862922431,21.312333333333335,August
1987-08-11,21.07,1987,8,3,0.370000000000001,1.7874396135265647,21.340666666666667,August
1987-08-12,20.96,1987,8,3,-0.10999999999999943,-0.5220692928334048,21.357000000000003,August
1987-08-13,20.76,1987,8,3,-0.1999999999999993,-0.9541984732824416,21.362000000000002,August
1987-08-14,20.53,1987,8,3,-0.23000000000000043,-1.1078998073217772,21.359333333333332,August
1987-08-17,19.85,1987,8,3,-0.6799999999999997,-3.312226010716024,21.323666666666668,August
1987-08-18,19.84,1987,8,3,-0.010000000000001563,-0.05037783375315685,21.293,August
1987-08-19,19.71,1987,8,3,-0.129999999999999,-0.6552419354838634,21.252,August
1987-08-20,19.47,1987,8,3,-0.240000000000002,-1.2176560121765712,21.190333333333335,August
1987-08-21,19.2,1987,8,3,-0.2699999999999996,-1.3867488443759624,21.118999999999996,August
1987-08-24,19.18,1987,8,3,-0.019999999999999574,-0.10416666666666075,21.045666666666666,August
1987-08-25,19.3,1987,8,3,0.120000000000001,0.6256517205422307,20.967333333333332,August
1987-08-26,19.49,1987,8,3,0.18999999999999773,0.984455958549213,20.875999999999998,August
1987-08-27,19.69,1987,8,3,0.20000000000000284,1.026167265264255,20.784333333333336,August
1987-08-28,19.44,1987,8,3,-0.25,-1.2696800406297615,20.68433333333333,August
1987-08-31,19.76,1987,8,3,0.3200000000000003,1.6460905349794164,20.601999999999997,August
1987-09-01,19.61,1987,9,3,-0.15000000000000213,-0.759109311740902,20.530666666666665,September
1987-09-02,19.62,1987,9,3,0.010000000000001563,0.05099439061704292,20.46033333333333,September
1987-09-03,19.48,1987,9,3,-0.14000000000000057,-0.7135575942915473,20.401999999999997,September
1987-09-04,19.34,1987,9,3,-0.14000000000000057,-0.7186858316221789,20.360666666666667,September
1987-09-07,19.34,1987,9,3,0.0,0.0,20.322000000000003,September
1987-09-08,18.99,1987,9,3,-0.3500000000000014,-1.8097207859358866,20.243333333333332,September
1987-09-09,19.43,1987,9,3,0.4400000000000013,2.3170089520800463,20.174666666666667,September
1987-09-10,19.72,1987,9,3,0.28999999999999915,1.4925373134328401,20.116333333333333,September
1987-09-11,19.42,1987,9,3,-0.29999999999999716,-1.521298174442176,20.049333333333333,September
1987-09-14,19.64,1987,9,3,0.21999999999999886,1.1328527291452062,19.963666666666665,September
1987-09-15,19.66,1987,9,3,0.019999999999999574,0.10183299389001643,19.891666666666666,September
1987-09-16,19.71,1987,9,3,0.05000000000000071,0.254323499491349,19.836333333333336,September
1987-09-17,19.58,1987,9,3,-0.13000000000000256,-0.65956367326232,19.783333333333335,September
1987-09-18,19.58,1987,9,3,0.0,0.0,19.735666666666663,September
1987-09-21,19.77,1987,9,3,0.19000000000000128,0.9703779366700749,19.70466666666667,September
1987-09-22,19.35,1987,9,3,-0.41999999999999815,-2.1244309559939167,19.647333333333332,September
1987-09-23,19.66,1987,9,3,0.3099999999999987,1.6020671834625189,19.604,September
1987-09-24,19.61,1987,9,3,-0.05000000000000071,-0.2543234994913601,19.565666666666665,September
1987-09-25,19.47,1987,9,3,-0.14000000000000057,-0.7139214686384565,19.53033333333333,September
1987-09-28,19.48,1987,9,3,0.010000000000001563,0.05136106831022946,19.517999999999997,September
1987-09-29,19.58,1987,9,3,0.09999999999999787,0.5133470225872516,19.509333333333338,September
1987-09-30,19.62,1987,9,3,0.0400000000000027,0.20429009193054792,19.506333333333334,September
1987-10-01,19.62,1987,10,4,0.0,0.0,19.511333333333333,October
1987-10-02,19.88,1987,10,4,0.259999999999998,1.3251783893985625,19.534000000000002,October
1987-10-05,19.81,1987,10,4,-0.07000000000000028,-0.35211267605633756,19.555,October
1987-10-06,19.33,1987,10,4,-0.4800000000000004,-2.42301867743564,19.556,October
1987-10-07,19.68,1987,10,4,0.3500000000000014,1.8106570098292973,19.562333333333335,October
1987-10-08,19.77,1987,10,4,0.08999999999999986,0.45731707317073766,19.564999999999998,October
1987-10-09,19.67,1987,10,4,-0.09999999999999787,-0.5058168942842611,19.57266666666667,October
1987-10-12,19.67,1987,10,4,0.0,0.0,19.569666666666667,October
1987-10-13,19.66,1987,10,4,-0.010000000000001563,-0.050838840874434243,19.57133333333333,October
1987-10-14,19.79,1987,10,4,0.129999999999999,0.6612410986775119,19.577,October
1987-10-15,19.77,1987,10,4,-0.019999999999999574,-0.1010611419908991,19.586666666666666,October
1987-10-16,20.23,1987,10,4,0.46000000000000085,2.32675771370765,19.616333333333333,October
1987-10-19,19.79,1987,10,4,-0.4400000000000013,-2.1749876421156777,19.63133333333333,October
1987-10-20,19.79,1987,10,4,0.0,0.0,19.658,October
1987-10-21,19.93,1987,10,4,0.14000000000000057,0.707427993936327,19.674666666666667,October
1987-10-22,20.19,1987,10,4,0.26000000000000156,1.30456598093327,19.69033333333333,October
1987-10-23,20.18,1987,10,4,-0.010000000000001563,-0.049529470034681555,19.715666666666667,October
1987-10-26,20.0,1987,10,4,-0.17999999999999972,-0.8919722497522264,19.727666666666668,October
1987-10-27,20.15,1987,10,4,0.14999999999999858,0.749999999999984,19.744000000000003,October
1987-10-28,20.1,1987,10,4,-0.04999999999999716,-0.2481389578163684,19.757,October
1987-10-29,19.93,1987,10,4,-0.1700000000000017,-0.8457711442786175,19.768666666666665,October
1987-10-30,19.96,1987,10,4,0.030000000000001137,0.15052684395384652,19.781333333333336,October
1987-11-02,19.64,1987,11,4,-0.3200000000000003,-1.603206412825653,19.777,November
1987-11-03,19.39,1987,11,4,-0.25,-1.2729124236252498,19.778333333333332,November
1987-11-04,19.09,1987,11,4,-0.3000000000000007,-1.547189272821048,19.759333333333334,November
1987-11-05,19.02,1987,11,4,-0.07000000000000028,-0.36668412781560855,19.73966666666667,November
1987-11-06,18.73,1987,11,4,-0.28999999999999915,-1.524710830704512,19.715,November
1987-11-09,18.66,1987,11,4,-0.07000000000000028,-0.3737319807795014,19.687666666666665,November
1987-11-10,18.98,1987,11,4,0.3200000000000003,1.7148981779206984,19.667666666666666,November
1987-11-11,18.92,1987,11,4,-0.05999999999999872,-0.31612223393044925,19.644333333333332,November
1987-11-12,18.93,1987,11,4,0.00999999999999801,0.05285412262154843,19.621333333333332,November
1987-11-13,18.89,1987,11,4,-0.03999999999999915,-0.21130480718435374,19.58833333333333,November
1987-11-16,18.69,1987,11,4,-0.1999999999999993,-1.0587612493382692,19.551,November
1987-11-17,18.28,1987,11,4,-0.41000000000000014,-2.193686463349387,19.516000000000002,November
1987-11-18,18.62,1987,11,4,0.33999999999999986,1.8599562363238453,19.480666666666668,November
1987-11-19,18.55,1987,11,4,-0.07000000000000028,-0.3759398496240629,19.44,November
1987-11-20,18.87,1987,11,4,0.3200000000000003,1.7250673854447562,19.413333333333334,November
1987-11-23,19.31,1987,11,4,0.4399999999999977,2.331743508214079,19.401333333333334,November
1987-11-24,18.73,1987,11,4,-0.5799999999999983,-3.003625064733295,19.370333333333335,November
1987-11-25,18.63,1987,11,4,-0.10000000000000142,-0.5339028296850068,19.331666666666663,November
1987-11-27,18.63,1987,11,4,0.0,0.0,19.293666666666663,November
1987-11-30,18.52,1987,11,4,-0.10999999999999943,-0.5904455179817414,19.236666666666668,November
1987-12-01,18.44,1987,12,4,-0.0799999999999983,-0.4319654427645703,19.191666666666666,December
1987-12-02,18.59,1987,12,4,0.14999999999999858,0.8134490238611569,19.151666666666667,December
1987-12-03,18.87,1987,12,4,0.28000000000000114,1.5061861215707406,19.116333333333333,December
1987-12-04,18.68,1987,12,4,-0.19000000000000128,-1.006889242183362,19.066,December
1987-12-07,18.3,1987,12,4,-0.379999999999999,-2.0342612419700146,19.003333333333334,December
1987-12-08,18.06,1987,12,4,-0.240000000000002,-1.3114754098360715,18.938666666666666,December
1987-12-09,18.53,1987,12,4,0.4700000000000024,2.6024363233665637,18.884666666666664,December
1987-12-10,18.51,1987,12,4,-0.019999999999999574,-0.10793308148947522,18.831666666666663,December
1987-12-11,18.31,1987,12,4,-0.20000000000000284,-1.0804970286331872,18.77766666666667,December
1987-12-14,17.47,1987,12,4,-0.8399999999999999,-4.58765701802294,18.694666666666667,December
1987-12-15,16.75,1987,12,4,-0.7199999999999989,-4.121350887235254,18.598333333333336,December
1987-12-16,15.97,1987,12,4,-0.7799999999999994,-4.656716417910445,18.484333333333332,December
1987-12-17,15.97,1987,12,4,0.0,0.0,18.380333333333333,December
1987-12-18,15.57,1987,12,4,-0.40000000000000036,-2.504696305572951,18.265333333333334,December
1987-12-21,15.12,1987,12,4,-0.45000000000000107,-2.8901734104046284,18.145,December
1987-12-22,16.6,1987,12,4,1.4800000000000022,9.788359788359813,18.07633333333333,December
1987-12-23,16.64,1987,12,4,0.03999999999999915,0.24096385542167198,17.998333333333335,December
1987-12-24,16.54,1987,12,4,-0.10000000000000142,-0.6009615384615419,17.919,December
1987-12-28,16.46,1987,12,4,-0.0799999999999983,-0.48367593712211887,17.836666666666666,December
1987-12-29,16.95,1987,12,4,0.48999999999999844,2.9769137302551485,17.772,December
1987-12-30,16.97,1987,12,4,0.019999999999999574,0.11799410029498247,17.71466666666667,December
1987-12-31,16.74,1987,12,4,-0.23000000000000043,-1.3553329404832115,17.663333333333334,December
1988-01-04,17.77,1988,1,1,1.0300000000000011,6.152927120669061,17.635,January
1988-01-05,17.89,1988,1,1,0.120000000000001,0.6752954417557744,17.613,January
1988-01-06,17.73,1988,1,1,-0.16000000000000014,-0.8943543879262217,17.575,January
1988-01-07,17.3,1988,1,1,-0.4299999999999997,-2.425267907501405,17.508,January
1988-01-08,17.33,1988,1,1,0.029999999999997584,0.1734104046242635,17.461333333333336,January
1988-01-11,16.63,1988,1,1,-0.6999999999999993,-4.039238315060589,17.39466666666667,January
1988-01-12,16.76,1988,1,1,0.13000000000000256,0.781719783523771,17.332333333333334,January
1988-01-13,16.56,1988,1,1,-0.20000000000000284,-1.1933174224343812,17.267,January
1988-01-14,17.1,1988,1,1,0.5400000000000027,3.260869565217406,17.22233333333333,January
1988-01-15,16.92,1988,1,1,-0.17999999999999972,-1.0526315789473717,17.166666666666668,January
1988-01-18,17.28,1988,1,1,0.35999999999999943,2.127659574468077,17.113666666666667,January
1988-01-19,17.3,1988,1,1,0.019999999999999574,0.11574074074074403,17.067666666666664,January
1988-01-20,17.2,1988,1,1,-0.10000000000000142,-0.5780346820809301,17.031,January
1988-01-21,17.21,1988,1,1,0.010000000000001563,0.0581395348837388,17.002666666666666,January
1988-01-22,16.99,1988,1,1,-0.22000000000000242,-1.2783265543288902,16.95133333333333,January
1988-01-25,17.11,1988,1,1,0.120000000000001,0.7062978222483807,16.904666666666667,January
1988-01-26,16.96,1988,1,1,-0.14999999999999858,-0.8766803039158333,16.859666666666666,January
1988-01-27,16.64,1988,1,1,-0.3200000000000003,-1.8867924528301883,16.832,January
1988-01-28,16.94,1988,1,1,0.3000000000000007,1.8028846153846256,16.838333333333335,January
1988-01-29,16.97,1988,1,1,0.029999999999997584,0.17709563164107767,16.871666666666666,January
1988-02-01,16.83,1988,2,1,-0.14000000000000057,-0.8249852681202152,16.900333333333332,February
1988-02-02,16.92,1988,2,1,0.09000000000000341,0.5347593582887944,16.945333333333334,February
1988-02-03,17.12,1988,2,1,0.1999999999999993,1.1820330969267046,17.012,February
1988-02-04,17.17,1988,2,1,0.05000000000000071,0.29205607476636697,17.031,February
1988-02-05,17.34,1988,2,1,0.16999999999999815,0.9900990099009688,17.054333333333332,February
1988-02-08,17.7,1988,2,1,0.35999999999999943,2.076124567474036,17.093,February
1988-02-09,17.38,1988,2,1,-0.3200000000000003,-1.8079096045197751,17.12366666666667,February
1988-02-10,17.12,1988,2,1,-0.259999999999998,-1.4959723820483162,17.12933333333333,February
1988-02-11,17.17,1988,2,1,0.05000000000000071,0.29205607476636697,17.136000000000003,February
1988-02-12,16.84,1988,2,1,-0.33000000000000185,-1.921956901572519,17.139333333333333,February
1988-02-15,16.84,1988,2,1,0.0,0.0,17.108333333333334,February
1988-02-16,16.8,1988,2,1,-0.03999999999999915,-0.23752969121139111,17.072000000000003,February
1988-02-17,16.62,1988,2,1,-0.17999999999999972,-1.0714285714285676,17.035,February
1988-02-18,16.5,1988,2,1,-0.120000000000001,-0.7220216606498298,17.008333333333333,February
1988-02-19,16.73,1988,2,1,0.23000000000000043,1.3939393939393918,16.988333333333333,February
1988-02-22,16.64,1988,2,1,-0.08999999999999986,-0.5379557680812885,16.988666666666667,February
1988-02-23,16.8,1988,2,1,0.16000000000000014,0.9615384615384581,16.990000000000002,February
1988-02-24,16.58,1988,2,1,-0.22000000000000242,-1.309523809523827,16.990666666666666,February
1988-02-25,15.86,1988,2,1,-0.7199999999999989,-4.342581423401681,16.949333333333335,February
1988-02-26,15.77,1988,2,1,-0.08999999999999986,-0.567465321563676,16.910999999999998,February
1988-02-29,15.98,1988,2,1,0.21000000000000085,1.331642358909324,16.86766666666667,February
1988-03-01,15.57,1988,3,1,-0.41000000000000014,-2.5657071339173942,16.81,March
1988-03-02,15.69,1988,3,1,0.11999999999999922,0.770712909441218,16.759666666666668,March
1988-03-03,15.35,1988,3,1,-0.33999999999999986,-2.16698534098152,16.697666666666667,March
1988-03-04,15.63,1988,3,1,0.28000000000000114,1.8241042345277014,16.652333333333335,March
1988-03-07,15.35,1988,3,1,-0.28000000000000114,-1.7914267434421038,16.593666666666667,March
1988-03-08,15.58,1988,3,1,0.23000000000000043,1.4983713355048778,16.547666666666668,March
1988-03-09,15.52,1988,3,1,-0.0600000000000005,-0.38510911424903815,16.51033333333333,March
1988-03-10,16.04,1988,3,1,0.5199999999999996,3.350515463917514,16.48033333333333,March
1988-03-11,16.2,1988,3,1,0.16000000000000014,0.9975062344139696,16.454666666666668,March
1988-03-14,15.57,1988,3,1,-0.629999999999999,-3.888888888888886,16.41266666666667,March
1988-03-15,15.81,1988,3,1,0.2400000000000002,1.541425818882458,16.375666666666667,March
1988-03-16,16.03,1988,3,1,0.22000000000000064,1.3915243516761544,16.339333333333332,March
1988-03-17,16.39,1988,3,1,0.35999999999999943,2.2457891453524503,16.313333333333333,March
1988-03-18,16.61,1988,3,1,0.21999999999999886,1.342281879194629,16.289,March
1988-03-21,16.52,1988,3,1,-0.08999999999999986,-0.5418422636965681,16.249666666666666,March
1988-03-22,16.02,1988,3,1,-0.5,-3.0266343825665842,16.204333333333334,March
1988-03-23,16.58,1988,3,1,0.5599999999999987,3.495630461922583,16.186333333333334,March
1988-03-24,16.73,1988,3,1,0.15000000000000213,0.9047044632086942,16.171666666666667,March
1988-03-25,17.07,1988,3,1,0.33999999999999986,2.0322773460848875,16.179333333333332,March
1988-03-28,17.05,1988,3,1,-0.019999999999999574,-0.11716461628588082,16.186333333333334,March
1988-03-29,17.08,1988,3,1,0.029999999999997584,0.17595307917888103,16.195666666666668,March
1988-03-30,17.06,1988,3,1,-0.019999999999999574,-0.11709601873536313,16.210333333333335,March
1988-03-31,17.09,1988,3,1,0.030000000000001137,0.17584994138335475,16.23,March
1988-04-04,16.99,1988,4,2,-0.10000000000000142,-0.5851375073142262,16.238666666666667,April
1988-04-05,16.72,1988,4,2,-0.2699999999999996,-1.5891701000588565,16.241333333333333,April
1988-04-06,16.8,1988,4,2,0.08000000000000185,0.4784688995215447,16.241333333333333,April
1988-04-07,17.05,1988,4,2,0.25,1.4880952380952328,16.256999999999998,April
1988-04-08,16.87,1988,4,2,-0.17999999999999972,-1.0557184750733084,16.290666666666667,April
1988-04-11,17.87,1988,4,2,1.0,5.927682276229995,16.360666666666667,April
1988-04-12,18.06,1988,4,2,0.18999999999999773,1.0632344711807296,16.43,April
1988-04-13,18.12,1988,4,2,0.060000000000002274,0.33222591362127574,16.515,April
1988-04-14,18.4,1988,4,2,0.2799999999999976,1.5452538631346435,16.60533333333333,April
1988-04-15,18.32,1988,4,2,-0.0799999999999983,-0.43478260869563856,16.704333333333334,April
1988-04-18,18.5,1988,4,2,0.17999999999999972,0.9825327510917026,16.799999999999997,April
1988-04-19,17.92,1988,4,2,-0.5799999999999983,-3.1351351351351253,16.885666666666665,April
1988-04-20,17.93,1988,4,2,0.00999999999999801,0.05580357142855874,16.964000000000002,April
1988-04-21,18.34,1988,4,2,0.41000000000000014,2.286670384829903,17.058,April
1988-04-22,18.13,1988,4,2,-0.21000000000000085,-1.1450381679389388,17.127666666666666,April
1988-04-25,18.36,1988,4,2,0.23000000000000043,1.2686155543298439,17.199666666666666,April
1988-04-26,18.54,1988,4,2,0.17999999999999972,0.9803921568627416,17.298666666666666,April
1988-04-27,18.32,1988,4,2,-0.21999999999999886,-1.1866235167205974,17.382333333333335,April
1988-04-28,17.91,1988,4,2,-0.41000000000000014,-2.2379912663755497,17.445,April
1988-04-29,18.1,1988,4,2,0.19000000000000128,1.06085985482971,17.502000000000002,April
1988-05-02,17.12,1988,5,2,-0.9800000000000004,-5.414364640883984,17.519000000000002,May
1988-05-03,17.3,1988,5,2,0.17999999999999972,1.0514018691588856,17.545,May
1988-05-04,17.23,1988,5,2,-0.07000000000000028,-0.4046242774566444,17.58533333333333,May
1988-05-05,17.41,1988,5,2,0.17999999999999972,1.044689495066753,17.613,May
1988-05-06,17.63,1988,5,2,0.21999999999999886,1.2636415852957938,17.642999999999997,May
1988-05-09,17.56,1988,5,2,-0.07000000000000028,-0.39705048213273253,17.659333333333336,May
1988-05-10,17.5,1988,5,2,-0.05999999999999872,-0.3416856492027276,17.674333333333333,May
1988-05-11,17.48,1988,5,2,-0.019999999999999574,-0.11428571428571122,17.687666666666665,May
1988-05-12,17.49,1988,5,2,0.00999999999999801,0.05720823798625041,17.701999999999998,May
1988-05-13,17.53,1988,5,2,0.0400000000000027,0.22870211549459452,17.716666666666665,May
1988-05-16,17.7,1988,5,2,0.16999999999999815,0.96976611523103,17.740333333333332,May
1988-05-17,17.72,1988,5,2,0.019999999999999574,0.1129943502824915,17.773666666666667,May
1988-05-18,17.39,1988,5,2,-0.3299999999999983,-1.8623024830699664,17.793333333333333,May
1988-05-19,17.43,1988,5,2,0.03999999999999915,0.23001725129383477,17.806,May
1988-05-20,17.41,1988,5,2,-0.019999999999999574,-0.11474469305794432,17.824,May
1988-05-23,17.01,1988,5,2,-0.3999999999999986,-2.2975301550832827,17.795333333333335,May
1988-05-24,17.04,1988,5,2,0.029999999999997584,0.17636684303350414,17.76133333333333,May
1988-05-25,17.39,1988,5,2,0.3500000000000014,2.0539906103286487,17.737000000000002,May
1988-05-26,17.54,1988,5,2,0.14999999999999858,0.8625646923519081,17.708333333333332,May
1988-05-27,17.45,1988,5,2,-0.08999999999999986,-0.5131128848346656,17.679333333333332,May
1988-05-30,17.45,1988,5,2,0.0,0.0,17.644333333333336,May
1988-05-31,17.54,1988,5,2,0.08999999999999986,0.515759312320907,17.631666666666668,May
1988-06-01,17.6,1988,6,2,0.060000000000002274,0.3420752565564511,17.62066666666667,June
1988-06-02,17.67,1988,6,2,0.07000000000000028,0.39772727272726627,17.598333333333333,June
1988-06-03,17.51,1988,6,2,-0.16000000000000014,-0.9054895302773036,17.577666666666666,June
1988-06-06,17.28,1988,6,2,-0.23000000000000043,-1.3135351227869796,17.541666666666668,June
1988-06-07,17.32,1988,6,2,0.03999999999999915,0.23148148148146586,17.500999999999998,June
1988-06-08,17.35,1988,6,2,0.030000000000001137,0.173210161662829,17.468666666666667,June
1988-06-09,17.09,1988,6,2,-0.26000000000000156,-1.4985590778098024,17.441333333333333,June
1988-06-10,16.7,1988,6,2,-0.39000000000000057,-2.2820362785254567,17.39466666666667,June
1988-06-13,16.43,1988,6,2,-0.2699999999999996,-1.6167664670658666,17.371666666666666,June
1988-06-14,16.85,1988,6,2,0.4200000000000017,2.5562994522215554,17.35666666666667,June
1988-06-15,16.56,1988,6,2,-0.2900000000000027,-1.721068249258173,17.334333333333333,June
1988-06-16,16.62,1988,6,2,0.060000000000002274,0.36231884057973396,17.308,June
1988-06-17,16.43,1988,6,2,-0.19000000000000128,-1.1432009626955564,17.267999999999997,June
1988-06-20,16.02,1988,6,2,-0.41000000000000014,-2.49543517954961,17.216666666666665,June
1988-06-21,15.82,1988,6,2,-0.1999999999999993,-1.2484394506866336,17.160666666666668,June
1988-06-22,16.03,1988,6,2,0.21000000000000085,1.3274336283185972,17.112333333333332,June
1988-06-23,15.86,1988,6,2,-0.1700000000000017,-1.0605115408608978,17.058,June
1988-06-24,16.03,1988,6,2,0.1700000000000017,1.0718789407314189,17.008,June
1988-06-27,15.86,1988,6,2,-0.1700000000000017,-1.0605115408608978,16.94666666666667,June
1988-06-28,16.01,1988,6,2,0.15000000000000213,0.9457755359394859,16.889666666666667,June
1988-06-29,15.37,1988,6,2,-0.6400000000000023,-3.997501561524064,16.822333333333333,June
1988-06-30,15.2,1988,6,2,-0.16999999999999993,-1.1060507482107962,16.748,June
1988-07-01,14.92,1988,7,3,-0.27999999999999936,-1.8421052631578894,16.665,July
1988-07-05,15.11,1988,7,3,0.1899999999999995,1.2734584450402098,16.601666666666667,July
1988-07-06,15.44,1988,7,3,0.33000000000000007,2.183984116479154,16.548333333333336,July
1988-07-07,15.83,1988,7,3,0.39000000000000057,2.5259067357513043,16.496333333333332,July
1988-07-08,15.42,1988,7,3,-0.41000000000000014,-2.590018951358186,16.425666666666668,July
1988-07-11,14.56,1988,7,3,-0.8599999999999994,-5.577172503242533,16.329333333333334,July
1988-07-12,14.61,1988,7,3,0.049999999999998934,0.3434065934065922,16.234666666666666,July
1988-07-13,14.35,1988,7,3,-0.2599999999999998,-1.7796030116358663,16.128333333333334,July
1988-07-14,14.84,1988,7,3,0.4900000000000002,3.4146341463414664,16.03633333333333,July
1988-07-15,14.85,1988,7,3,0.009999999999999787,0.06738544474393926,15.942333333333332,July
1988-07-18,15.84,1988,7,3,0.9900000000000002,6.666666666666665,15.886666666666667,July
1988-07-19,15.16,1988,7,3,-0.6799999999999997,-4.292929292929292,15.816,July
1988-07-20,15.76,1988,7,3,0.5999999999999996,3.95778364116095,15.764,July
1988-07-21,16.28,1988,7,3,0.5200000000000014,3.2994923857868175,15.728333333333333,July
1988-07-22,16.27,1988,7,3,-0.010000000000001563,-0.06142506142506887,15.700999999999999,July
1988-07-25,16.09,1988,7,3,-0.17999999999999972,-1.1063306699446773,15.680666666666665,July
1988-07-26,15.99,1988,7,3,-0.09999999999999964,-0.621504039776255,15.665999999999999,July
1988-07-27,16.18,1988,7,3,0.1899999999999995,1.1882426516572897,15.643666666666666,July
1988-07-28,16.08,1988,7,3,-0.10000000000000142,-0.6180469715698522,15.627666666666668,July
1988-07-29,16.37,1988,7,3,0.2900000000000027,1.8034825870646864,15.619333333333334,July
1988-08-01,16.07,1988,8,3,-0.3000000000000007,-1.832620647525962,15.607333333333335,August
1988-08-02,15.57,1988,8,3,-0.5,-3.1113876789047867,15.592333333333334,August
1988-08-03,15.2,1988,8,3,-0.370000000000001,-2.3763648041104757,15.571666666666667,August
1988-08-04,15.12,1988,8,3,-0.08000000000000007,-0.5263157894736858,15.541333333333334,August
1988-08-05,15.31,1988,8,3,0.19000000000000128,1.256613756613767,15.523,August
1988-08-08,15.84,1988,8,3,0.5299999999999994,3.4617896799477466,15.516666666666667,August
1988-08-09,15.56,1988,8,3,-0.27999999999999936,-1.7676767676767624,15.506666666666666,August
1988-08-10,15.65,1988,8,3,0.08999999999999986,0.5784061696658016,15.494666666666667,August
1988-08-11,15.75,1988,8,3,0.09999999999999964,0.6389776357827559,15.507333333333333,August
1988-08-12,15.54,1988,8,3,-0.21000000000000085,-1.333333333333342,15.518666666666666,August
1988-08-15,15.59,1988,8,3,0.05000000000000071,0.3217503217503248,15.541,August
1988-08-16,15.51,1988,8,3,-0.08000000000000007,-0.5131494547787052,15.554333333333334,August
1988-08-17,15.46,1988,8,3,-0.049999999999998934,-0.3223726627981871,15.555,August
1988-08-18,15.59,1988,8,3,0.129999999999999,0.8408796895213344,15.547,August
1988-08-19,15.77,1988,8,3,0.17999999999999972,1.1545862732520895,15.558666666666666,August
1988-08-22,15.75,1988,8,3,-0.019999999999999574,-0.12682308180088642,15.598333333333333,August
1988-08-23,15.71,1988,8,3,-0.03999999999999915,-0.25396825396825085,15.635,August
1988-08-24,15.55,1988,8,3,-0.16000000000000014,-1.0184595798854224,15.675,August
1988-08-25,15.33,1988,8,3,-0.22000000000000064,-1.414790996784565,15.691333333333334,August
1988-08-26,15.35,1988,8,3,0.019999999999999574,0.1304631441617632,15.708,August
1988-08-29,15.24,1988,8,3,-0.10999999999999943,-0.7166123778501565,15.687999999999999,August
1988-08-30,15.39,1988,8,3,0.15000000000000036,0.9842519685039353,15.695666666666666,August
1988-08-31,15.19,1988,8,3,-0.20000000000000107,-1.299545159194293,15.676666666666668,August
1988-09-01,15.05,1988,9,3,-0.1399999999999988,-0.9216589861751112,15.635666666666667,September
1988-09-02,14.79,1988,9,3,-0.26000000000000156,-1.7275747508305739,15.586333333333334,September
1988-09-05,14.79,1988,9,3,0.0,0.0,15.543,September
1988-09-06,14.25,1988,9,3,-0.5399999999999991,-3.6511156186612492,15.485000000000001,September
1988-09-07,14.29,1988,9,3,0.03999999999999915,0.280701754385948,15.422,September
1988-09-08,14.51,1988,9,3,0.22000000000000064,1.5395381385584272,15.369666666666667,September
1988-09-09,14.14,1988,9,3,-0.3699999999999992,-2.549965541006194,15.295333333333334,September
1988-09-12,14.48,1988,9,3,0.33999999999999986,2.40452616690241,15.242333333333333,September
1988-09-13,14.55,1988,9,3,0.07000000000000028,0.4834254143646355,15.208333333333334,September
1988-09-14,15.38,1988,9,3,0.8300000000000001,5.704467353951892,15.214333333333334,September
1988-09-15,14.86,1988,9,3,-0.5200000000000014,-3.3810143042912966,15.205666666666668,September
1988-09-16,14.5,1988,9,3,-0.35999999999999943,-2.4226110363391617,15.178666666666667,September
1988-09-19,14.72,1988,9,3,0.22000000000000064,1.5172413793103523,15.141333333333334,September
1988-09-20,15.08,1988,9,3,0.35999999999999943,2.4456521739130377,15.125333333333334,September
1988-09-21,15.19,1988,9,3,0.10999999999999943,0.7294429708222694,15.109999999999998,September
1988-09-22,15.25,1988,9,3,0.0600000000000005,0.39499670836076195,15.093333333333332,September
1988-09-23,14.26,1988,9,3,-0.9900000000000002,-6.491803278688524,15.050666666666668,September
1988-09-26,14.16,1988,9,3,-0.09999999999999964,-0.7012622720897643,15.002999999999998,September
1988-09-27,14.22,1988,9,3,0.0600000000000005,0.4237288135593209,14.96,September
1988-09-28,14.07,1988,9,3,-0.15000000000000036,-1.0548523206751037,14.913666666666668,September
1988-09-29,13.91,1988,9,3,-0.16000000000000014,-1.1371712864250205,14.857666666666665,September
1988-09-30,13.33,1988,9,3,-0.5800000000000001,-4.169662113587346,14.776333333333334,September
1988-10-03,13.03,1988,10,4,-0.3000000000000007,-2.2505626406601698,14.685666666666666,October
1988-10-04,13.03,1988,10,4,0.0,0.0,14.596333333333336,October
1988-10-05,12.58,1988,10,4,-0.4499999999999993,-3.453568687643893,14.497333333333334,October
1988-10-06,12.62,1988,10,4,0.03999999999999915,0.31796502384737746,14.407000000000002,October
1988-10-07,12.99,1988,10,4,0.370000000000001,2.9318541996830483,14.328333333333335,October
1988-10-10,13.59,1988,10,4,0.5999999999999996,4.618937644341803,14.273333333333333,October
1988-10-11,13.63,1988,10,4,0.040000000000000924,0.29433406916852256,14.214666666666666,October
1988-10-12,14.02,1988,10,4,0.3899999999999988,2.861335289801903,14.175666666666666,October
1988-10-13,14.26,1988,10,4,0.2400000000000002,1.711840228245376,14.149333333333335,October
1988-10-14,14.9,1988,10,4,0.6400000000000006,4.488078541374474,14.152999999999999,October
1988-10-17,15.16,1988,10,4,0.2599999999999998,1.744966442953011,14.165333333333335,October
1988-10-18,14.63,1988,10,4,-0.5299999999999994,-3.49604221635883,14.178,October
1988-10-19,15.33,1988,10,4,0.6999999999999993,4.784688995215314,14.212666666666667,October
1988-10-20,14.44,1988,10,4,-0.8900000000000006,-5.8056099151989615,14.210333333333333,October
1988-10-21,14.22,1988,10,4,-0.21999999999999886,-1.5235457063711877,14.213,October
1988-10-24,12.94,1988,10,4,-1.2800000000000011,-9.001406469760909,14.161666666666667,October
1988-10-25,13.36,1988,10,4,0.41999999999999993,3.2457496136012454,14.121999999999998,October
1988-10-26,13.45,1988,10,4,0.08999999999999986,0.6736526946107713,14.057666666666666,October
1988-10-27,13.67,1988,10,4,0.22000000000000064,1.6356877323420171,14.017999999999999,October
1988-10-28,13.79,1988,10,4,0.11999999999999922,0.8778346744696464,13.994333333333334,October
1988-10-31,13.54,1988,10,4,-0.25,-1.8129079042784602,13.955,October
1988-11-01,13.52,1988,11,4,-0.019999999999999574,-0.1477104874446078,13.903,November
1988-11-02,13.78,1988,11,4,0.2599999999999998,1.9230769230769162,13.856,November
1988-11-03,13.89,1988,11,4,0.11000000000000121,0.7982583454281711,13.810666666666666,November
1988-11-04,14.04,1988,11,4,0.14999999999999858,1.0799136069114423,13.803333333333333,November
1988-11-07,14.08,1988,11,4,0.040000000000000924,0.2849002849002913,13.800666666666666,November
1988-11-08,13.7,1988,11,4,-0.3800000000000008,-2.6988636363636465,13.783333333333333,November
1988-11-09,13.88,1988,11,4,0.1800000000000015,1.3138686131386912,13.777,November
1988-11-10,13.99,1988,11,4,0.10999999999999943,0.7925072046109483,13.779666666666666,November
1988-11-11,13.99,1988,11,4,0.0,0.0,13.801666666666666,November
1988-11-14,14.25,1988,11,4,0.2599999999999998,1.8584703359542543,13.842333333333332,November
1988-11-15,14.03,1988,11,4,-0.22000000000000064,-1.543859649122814,13.875666666666666,November
1988-11-16,13.68,1988,11,4,-0.34999999999999964,-2.4946543121881604,13.912333333333333,November
1988-11-17,13.3,1988,11,4,-0.379999999999999,-2.777777777777768,13.934999999999999,November
1988-11-18,13.47,1988,11,4,0.16999999999999993,1.2781954887218117,13.950999999999999,November
1988-11-21,13.73,1988,11,4,0.2599999999999998,1.9302152932442418,13.955666666666668,November
1988-11-22,14.78,1988,11,4,1.049999999999999,7.647487254187912,13.994,November
1988-11-23,14.11,1988,11,4,-0.6699999999999999,-4.5331529093369465,13.997000000000002,November
1988-11-24,14.11,1988,11,4,0.0,0.0,13.991999999999999,November
1988-11-25,15.43,1988,11,4,1.3200000000000003,9.35506732813607,14.009666666666668,November
1988-11-28,14.93,1988,11,4,-0.5,-3.2404406999351876,14.001999999999999,November
1988-11-29,15.0,1988,11,4,0.07000000000000028,0.46885465505692725,14.014333333333331,November
1988-11-30,15.42,1988,11,4,0.41999999999999993,2.8000000000000025,14.017333333333333,November
1988-12-01,15.63,1988,12,4,0.21000000000000085,1.3618677042801508,14.056999999999999,December
1988-12-02,15.69,1988,12,4,0.05999999999999872,0.38387715930900956,14.106,December
1988-12-05,15.36,1988,12,4,-0.33000000000000007,-2.103250478011476,14.186666666666667,December
1988-12-06,15.51,1988,12,4,0.15000000000000036,0.9765625,14.258333333333333,December
1988-12-07,15.8,1988,12,4,0.2900000000000009,1.8697614442295452,14.336666666666668,December
1988-12-08,15.48,1988,12,4,-0.3200000000000003,-2.0253164556962022,14.397,December
1988-12-09,15.9,1988,12,4,0.41999999999999993,2.7131782945736482,14.467333333333332,December
1988-12-12,16.08,1988,12,4,0.17999999999999794,1.1320754716980908,14.552,December
1988-12-13,15.93,1988,12,4,-0.14999999999999858,-0.9328358208955168,14.632333333333332,December
1988-12-14,16.33,1988,12,4,0.3999999999999986,2.5109855618330013,14.717333333333332,December
1988-12-15,16.39,1988,12,4,0.060000000000002274,0.3674219228414044,14.800666666666668,December
1988-12-16,16.81,1988,12,4,0.41999999999999815,2.56253813300793,14.893,December
1988-12-19,16.24,1988,12,4,-0.5700000000000003,-3.390838786436645,14.965,December
1988-12-20,17.68,1988,12,4,1.4400000000000013,8.866995073891637,15.097666666666665,December
1988-12-21,17.27,1988,12,4,-0.41000000000000014,-2.3190045248868807,15.210666666666667,December
1988-12-22,17.36,1988,12,4,0.08999999999999986,0.5211349160393786,15.323,December
1988-12-23,16.63,1988,12,4,-0.7300000000000004,-4.205069124423966,15.411,December
1988-12-27,16.98,1988,12,4,0.3500000000000014,2.104630186410117,15.502,December
1988-12-28,17.03,1988,12,4,0.05000000000000071,0.2944640753828054,15.602,December
1988-12-29,16.81,1988,12,4,-0.22000000000000242,-1.2918379330593255,15.706333333333333,December
1988-12-30,17.12,1988,12,4,0.3100000000000023,1.8441403926234612,15.833666666666666,December
1989-01-03,17.38,1989,1,1,0.259999999999998,1.5186915887850372,15.964,January
1989-01-04,16.99,1989,1,1,-0.39000000000000057,-2.243958573072502,16.072666666666667,January
1989-01-05,17.45,1989,1,1,0.46000000000000085,2.707474985285474,16.16166666666667,January
1989-01-06,17.56,1989,1,1,0.10999999999999943,0.6303724928366838,16.276666666666664,January
1989-01-09,17.74,1989,1,1,0.17999999999999972,1.0250569476081939,16.397666666666666,January
1989-01-10,17.8,1989,1,1,0.060000000000002274,0.33821871476888976,16.476666666666667,January
1989-01-11,18.16,1989,1,1,0.35999999999999943,2.0224719101123556,16.584333333333333,January
1989-01-12,18.11,1989,1,1,-0.05000000000000071,-0.2753303964757703,16.688,January
1989-01-13,18.49,1989,1,1,0.379999999999999,2.098288238542234,16.790333333333333,January
1989-01-16,18.88,1989,1,1,0.39000000000000057,2.109248242293127,16.898666666666667,January
1989-01-17,19.03,1989,1,1,0.15000000000000213,0.7944915254237461,17.01,January
1989-01-18,19.2,1989,1,1,0.16999999999999815,0.8933263268523284,17.137999999999998,January
1989-01-19,19.28,1989,1,1,0.08000000000000185,0.4166666666666874,17.263666666666666,January
1989-01-20,18.85,1989,1,1,-0.4299999999999997,-2.2302904564315384,17.365333333333336,January
1989-01-23,17.66,1989,1,1,-1.1900000000000013,-6.31299734748011,17.438,January
1989-01-24,17.96,1989,1,1,0.3000000000000007,1.6987542468856143,17.506666666666668,January
1989-01-25,18.23,1989,1,1,0.2699999999999996,1.5033407572383028,17.578333333333333,January
1989-01-26,17.68,1989,1,1,-0.5500000000000007,-3.017004936917178,17.636666666666667,January
1989-01-27,17.74,1989,1,1,0.05999999999999872,0.33936651583710287,17.683666666666667,January
1989-01-30,17.32,1989,1,1,-0.41999999999999815,-2.367531003382173,17.714666666666666,January
1989-01-31,17.0,1989,1,1,-0.3200000000000003,-1.8475750577367167,17.721,January
1989-02-01,17.5,1989,2,1,0.5,2.941176470588225,17.762999999999998,February
1989-02-02,17.72,1989,2,1,0.21999999999999886,1.2571428571428456,17.764333333333333,February
1989-02-03,17.51,1989,2,1,-0.2099999999999973,-1.185101580135428,17.772333333333332,February
1989-02-06,17.38,1989,2,1,-0.13000000000000256,-0.7424328954883097,17.773,February
1989-02-07,17.55,1989,2,1,0.1700000000000017,0.9781357882623798,17.80366666666667,February
1989-02-08,17.49,1989,2,1,-0.060000000000002274,-0.34188034188035177,17.820666666666664,February
1989-02-09,17.42,1989,2,1,-0.06999999999999673,-0.40022870211547934,17.833666666666666,February
1989-02-10,17.11,1989,2,1,-0.3100000000000023,-1.7795637198622427,17.843666666666667,February
1989-02-13,17.61,1989,2,1,0.5,2.922267679719459,17.860000000000003,February
1989-02-14,17.6,1989,2,1,-0.00999999999999801,-0.05678591709254999,17.86733333333333,February
1989-02-15,18.23,1989,2,1,0.629999999999999,3.579545454545441,17.908666666666665,February
1989-02-16,18.35,1989,2,1,0.120000000000001,0.6582556226001124,17.938666666666666,February
1989-02-17,18.6,1989,2,1,0.25,1.3623978201634968,17.973333333333336,February
1989-02-20,18.6,1989,2,1,0.0,0.0,18.002000000000002,February
1989-02-21,18.64,1989,2,1,0.03999999999999915,0.21505376344086446,18.029999999999998,February
1989-02-22,18.5,1989,2,1,-0.14000000000000057,-0.7510729613733891,18.041333333333334,February
1989-02-23,18.49,1989,2,1,-0.010000000000001563,-0.054054054054064604,18.054,February
1989-02-24,18.06,1989,2,1,-0.4299999999999997,-2.3255813953488413,18.039666666666665,February
1989-02-27,18.16,1989,2,1,0.10000000000000142,0.5537098560354448,18.015666666666664,February
1989-02-28,18.21,1989,2,1,0.05000000000000071,0.2753303964757814,17.988333333333333,February
1989-03-01,18.3,1989,3,1,0.08999999999999986,0.49423393739702615,17.958333333333336,March
1989-03-02,18.68,1989,3,1,0.379999999999999,2.076502732240426,17.938333333333333,March
1989-03-03,18.67,1989,3,1,-0.00999999999999801,-0.05353319057814776,17.93233333333333,March
1989-03-06,18.73,1989,3,1,0.05999999999999872,0.32137118371717843,17.968,March
1989-03-07,18.12,1989,3,1,-0.6099999999999994,-3.256807261078476,17.973333333333333,March
1989-03-08,18.57,1989,3,1,0.4499999999999993,2.4834437086092676,17.98466666666667,March
1989-03-09,18.53,1989,3,1,-0.03999999999999915,-0.2154011847065096,18.012999999999998,March
1989-03-10,18.53,1989,3,1,0.0,0.0,18.03933333333333,March
1989-03-13,19.05,1989,3,1,0.5199999999999996,2.806260118726378,18.097,March
1989-03-14,19.47,1989,3,1,0.41999999999999815,2.2047244094488105,18.179333333333332,March
1989-03-15,19.84,1989,3,1,0.370000000000001,1.9003595274781793,18.257333333333335,March
1989-03-16,19.86,1989,3,1,0.019999999999999574,0.10080645161290036,18.328666666666667,March
1989-03-17,20.34,1989,3,1,0.4800000000000004,2.4169184290030232,18.423000000000002,March
1989-03-20,19.53,1989,3,1,-0.8099999999999987,-3.9823008849557473,18.494666666666667,March
1989-03-21,20.08,1989,3,1,0.5499999999999972,2.8161802355350485,18.579,March
1989-03-22,20.21,1989,3,1,0.13000000000000256,0.6474103585657476,18.669666666666668,March
1989-03-23,20.16,1989,3,1,-0.05000000000000071,-0.24740227610093868,18.761000000000003,March
1989-03-27,20.55,1989,3,1,0.39000000000000057,1.9345238095238138,18.875666666666667,March
1989-03-28,19.93,1989,3,1,-0.620000000000001,-3.0170316301703193,18.952999999999996,March
1989-03-29,20.2,1989,3,1,0.2699999999999996,1.354741595584552,19.03966666666667,March
1989-03-30,21.03,1989,3,1,0.8300000000000018,4.108910891089113,19.133,March
1989-03-31,20.27,1989,3,1,-0.7600000000000016,-3.613884926295774,19.197,March
1989-04-03,20.03,1989,4,2,-0.23999999999999844,-1.1840157868771461,19.244666666666667,April
1989-04-04,20.59,1989,4,2,0.5599999999999987,2.795806290564151,19.310999999999996,April
1989-04-05,20.07,1989,4,2,-0.5199999999999996,-2.5254978144730433,19.358666666666668,April
1989-04-06,19.85,1989,4,2,-0.21999999999999886,-1.0961634280019839,19.403666666666666,April
1989-04-07,20.03,1989,4,2,0.17999999999999972,0.9068010075566679,19.455,April
1989-04-10,20.65,1989,4,2,0.6199999999999974,3.0953569645531642,19.541333333333334,April
1989-04-11,20.56,1989,4,2,-0.08999999999999986,-0.43583535108958626,19.621333333333336,April
1989-04-12,20.66,1989,4,2,0.10000000000000142,0.4863813229571967,19.703,April
1989-04-13,20.26,1989,4,2,-0.3999999999999986,-1.9361084220716251,19.76833333333333,April
1989-04-14,20.68,1989,4,2,0.41999999999999815,2.073050345508376,19.834999999999997,April
1989-04-17,21.23,1989,4,2,0.5500000000000007,2.659574468085113,19.920333333333335,April
1989-04-18,21.74,1989,4,2,0.509999999999998,2.402260951483748,20.020666666666667,April
1989-04-19,22.66,1989,4,2,0.9200000000000017,4.231830726770935,20.172000000000004,April
1989-04-20,24.62,1989,4,2,1.9600000000000009,8.649602824360114,20.373666666666665,April
1989-04-21,23.38,1989,4,2,-1.240000000000002,-5.036555645816421,20.53533333333333,April
1989-04-24,20.64,1989,4,2,-2.7399999999999984,-11.719418306244645,20.605666666666668,April
1989-04-25,21.32,1989,4,2,0.6799999999999997,3.2945736434108586,20.68133333333333,April
1989-04-26,21.2,1989,4,2,-0.120000000000001,-0.5628517823639823,20.739,April
1989-04-27,20.83,1989,4,2,-0.370000000000001,-1.745283018867927,20.772,April
1989-04-28,20.38,1989,4,2,-0.4499999999999993,-2.1603456553048406,20.78933333333333,April
1989-05-01,20.66,1989,5,2,0.28000000000000114,1.3738959764475034,20.8,May
1989-05-02,19.73,1989,5,2,-0.9299999999999997,-4.501452081316549,20.80666666666667,May
1989-05-03,20.13,1989,5,2,0.3999999999999986,2.0273694880891924,20.808333333333334,May
1989-05-04,20.57,1989,5,2,0.4400000000000013,2.1857923497267784,20.820333333333334,May
1989-05-05,20.08,1989,5,2,-0.490000000000002,-2.3821098687408893,20.817666666666664,May
1989-05-08,19.41,1989,5,2,-0.6699999999999982,-3.336653386454169,20.779666666666667,May
1989-05-09,19.54,1989,5,2,0.129999999999999,0.6697578567748552,20.766666666666666,May
1989-05-10,19.56,1989,5,2,0.019999999999999574,0.10235414534287557,20.745333333333335,May
1989-05-11,20.13,1989,5,2,0.5700000000000003,2.914110429447847,20.715333333333334,May
1989-05-12,20.12,1989,5,2,-0.00999999999999801,-0.04967709885741467,20.710333333333335,May
1989-05-15,20.53,1989,5,2,0.41000000000000014,2.037773359840944,20.726999999999997,May
1989-05-16,20.58,1989,5,2,0.04999999999999716,0.2435460301996928,20.72666666666667,May
1989-05-17,20.15,1989,5,2,-0.4299999999999997,-2.0894071914480117,20.729333333333333,May
1989-05-18,20.25,1989,5,2,0.10000000000000142,0.496277915632759,20.742666666666665,May
1989-05-19,20.58,1989,5,2,0.3299999999999983,1.6296296296296253,20.761000000000003,May
1989-05-22,20.92,1989,5,2,0.3400000000000034,1.6520894071914594,20.77,May
1989-05-23,21.77,1989,5,2,0.8499999999999979,4.06309751434033,20.810333333333332,May
1989-05-24,19.68,1989,5,2,-2.09,-9.600367478180981,20.777666666666665,May
1989-05-25,19.46,1989,5,2,-0.21999999999999886,-1.1178861788617822,20.750999999999998,May
1989-05-26,19.55,1989,5,2,0.08999999999999986,0.4624871531346386,20.713333333333335,May
1989-05-29,19.55,1989,5,2,0.0,0.0,20.657333333333334,May
1989-05-30,19.96,1989,5,2,0.41000000000000014,2.0971867007672618,20.598000000000003,May
1989-05-31,19.93,1989,5,2,-0.030000000000001137,-0.1503006012024133,20.506999999999998,May
1989-06-01,19.83,1989,6,2,-0.10000000000000142,-0.5017561465127995,20.347333333333335,June
1989-06-02,20.18,1989,6,2,0.3500000000000014,1.7650025214321907,20.240666666666662,June
1989-06-05,20.5,1989,6,2,0.3200000000000003,1.5857284440039754,20.235999999999997,June
1989-06-06,20.38,1989,6,2,-0.120000000000001,-0.5853658536585371,20.204666666666665,June
1989-06-07,19.7,1989,6,2,-0.6799999999999997,-3.336604514229635,20.154666666666667,June
1989-06-08,19.94,1989,6,2,0.240000000000002,1.2182741116751439,20.125,June
1989-06-09,19.87,1989,6,2,-0.07000000000000028,-0.35105315947843163,20.108,June
1989-06-12,19.3,1989,6,2,-0.5700000000000003,-2.868646200301961,20.062666666666665,June
1989-06-13,19.5,1989,6,2,0.1999999999999993,1.0362694300518172,20.055,June
1989-06-14,20.37,1989,6,2,0.870000000000001,4.461538461538472,20.063,June
1989-06-15,20.56,1989,6,2,0.18999999999999773,0.9327442317133006,20.062666666666665,June
1989-06-16,19.98,1989,6,2,-0.5799999999999983,-2.821011673151741,20.05933333333333,June
1989-06-19,20.88,1989,6,2,0.8999999999999986,4.504504504504503,20.108333333333334,June
1989-06-20,19.88,1989,6,2,-1.0,-4.789272030651337,20.119666666666667,June
1989-06-21,19.74,1989,6,2,-0.14000000000000057,-0.7042253521126751,20.125666666666667,June
1989-06-22,19.53,1989,6,2,-0.2099999999999973,-1.0638297872340274,20.105666666666664,June
1989-06-23,19.71,1989,6,2,0.17999999999999972,0.9216589861751112,20.092,June
1989-06-26,20.28,1989,6,2,0.5700000000000003,2.8919330289193246,20.083666666666666,June
1989-06-27,20.38,1989,6,2,0.09999999999999787,0.4930966469427922,20.076999999999998,June
1989-06-28,20.04,1989,6,2,-0.33999999999999986,-1.6683022571148176,20.073333333333334,June
1989-06-29,20.27,1989,6,2,0.23000000000000043,1.1477045908183658,20.074,June
1989-06-30,20.29,1989,6,2,0.019999999999999574,0.09866798223976403,20.06433333333333,June
1989-07-03,20.55,1989,7,3,0.26000000000000156,1.2814194184327388,20.052,July
1989-07-04,20.29,1989,7,3,-0.26000000000000156,-1.2652068126520755,20.002666666666666,July
1989-07-05,20.98,1989,7,3,0.6900000000000013,3.4006899950714597,20.046000000000003,July
1989-07-06,20.35,1989,7,3,-0.629999999999999,-3.0028598665395534,20.075666666666667,July
1989-07-07,20.78,1989,7,3,0.4299999999999997,2.1130221130221116,20.116666666666667,July
1989-07-10,20.38,1989,7,3,-0.40000000000000213,-1.924927815206945,20.144333333333336,July
1989-07-11,20.75,1989,7,3,0.370000000000001,1.8155053974484803,20.170666666666666,July
1989-07-12,20.2,1989,7,3,-0.5500000000000007,-2.6506024096385583,20.179666666666666,July
1989-07-13,20.42,1989,7,3,0.22000000000000242,1.08910891089109,20.199333333333335,July
1989-07-14,20.36,1989,7,3,-0.060000000000002274,-0.2938295788442846,20.205333333333332,July
1989-07-17,20.49,1989,7,3,0.129999999999999,0.6385068762278845,20.205,July
1989-07-18,20.21,1989,7,3,-0.2799999999999976,-1.3665202537823218,20.199333333333335,July
1989-07-19,19.83,1989,7,3,-0.38000000000000256,-1.8802572983671606,20.203666666666667,July
1989-07-20,19.92,1989,7,3,0.09000000000000341,0.4538577912254427,20.203,July
1989-07-21,19.86,1989,7,3,-0.060000000000002274,-0.3012048192771233,20.20266666666667,July
1989-07-24,18.76,1989,7,3,-1.0999999999999979,-5.538771399798581,20.184666666666665,July
1989-07-25,18.52,1989,7,3,-0.240000000000002,-1.279317697228155,20.151999999999997,July
1989-07-26,18.32,1989,7,3,-0.1999999999999993,-1.0799136069114423,20.083666666666666,July
1989-07-27,18.15,1989,7,3,-0.1700000000000017,-0.927947598253287,20.003333333333334,July
1989-07-28,17.96,1989,7,3,-0.18999999999999773,-1.0468319559228556,19.936,July
1989-07-31,18.33,1989,7,3,0.36999999999999744,2.060133630289518,19.851,July
1989-08-01,17.91,1989,8,3,-0.41999999999999815,-2.2913256955810035,19.785333333333334,August
1989-08-02,18.28,1989,8,3,0.370000000000001,2.065884980457855,19.736666666666668,August
1989-08-03,18.18,1989,8,3,-0.10000000000000142,-0.5470459518599591,19.691666666666666,August
1989-08-04,18.05,1989,8,3,-0.129999999999999,-0.7150715071507108,19.636333333333333,August
1989-08-07,17.91,1989,8,3,-0.14000000000000057,-0.7756232686980669,19.557333333333336,August
1989-08-08,18.06,1989,8,3,0.14999999999999858,0.8375209380234505,19.48,August
1989-08-09,18.23,1989,8,3,0.1700000000000017,0.9413067552602516,19.419666666666664,August
1989-08-10,18.58,1989,8,3,0.34999999999999787,1.9199122325836315,19.363333333333333,August
1989-08-11,18.46,1989,8,3,-0.11999999999999744,-0.6458557588804981,19.302333333333333,August
1989-08-14,18.6,1989,8,3,0.14000000000000057,0.7583965330444142,19.237333333333332,August
1989-08-15,18.78,1989,8,3,0.17999999999999972,0.967741935483879,19.187,August
1989-08-16,18.99,1989,8,3,0.2099999999999973,1.118210862619784,19.12066666666666,August
1989-08-17,18.67,1989,8,3,-0.31999999999999673,-1.685097419694559,19.064666666666668,August
1989-08-18,18.82,1989,8,3,0.14999999999999858,0.8034279592929794,18.99933333333333,August
1989-08-21,19.1,1989,8,3,0.28000000000000114,1.4877789585547418,18.956666666666663,August
1989-08-22,19.01,1989,8,3,-0.08999999999999986,-0.47120418848167755,18.898666666666664,August
1989-08-23,19.15,1989,8,3,0.13999999999999702,0.7364544976327991,18.86366666666667,August
1989-08-24,19.02,1989,8,3,-0.129999999999999,-0.6788511749347248,18.817,August
1989-08-25,18.53,1989,8,3,-0.48999999999999844,-2.576235541535221,18.756000000000004,August
1989-08-28,18.69,1989,8,3,0.16000000000000014,0.863464651915824,18.696,August
1989-08-29,18.59,1989,8,3,-0.10000000000000142,-0.5350454788657144,18.642,August
1989-08-30,18.85,1989,8,3,0.26000000000000156,1.3986013986014179,18.609333333333332,August
1989-08-31,18.83,1989,8,3,-0.020000000000003126,-0.10610079575598119,18.573,August
1989-09-01,18.88,1989,9,3,0.05000000000000071,0.26553372278279586,18.540333333333333,September
1989-09-04,18.88,1989,9,3,0.0,0.0,18.544333333333334,September
1989-09-05,19.08,1989,9,3,0.1999999999999993,1.0593220338982912,18.563,September
1989-09-06,19.41,1989,9,3,0.33000000000000185,1.7295597484276781,18.599333333333334,September
1989-09-07,19.4,1989,9,3,-0.010000000000001563,-0.05151983513653757,18.641000000000002,September
1989-09-08,19.77,1989,9,3,0.370000000000001,1.9072164948453763,18.70133333333333,September
1989-09-11,19.77,1989,9,3,0.0,0.0,18.749333333333333,September
1989-09-12,19.68,1989,9,3,-0.08999999999999986,-0.4552352048558417,18.808333333333334,September
1989-09-13,19.87,1989,9,3,0.19000000000000128,0.9654471544715548,18.86133333333333,September
1989-09-14,19.73,1989,9,3,-0.14000000000000057,-0.7045797684952171,18.913,September
1989-09-15,19.96,1989,9,3,0.23000000000000043,1.1657374556512945,18.976666666666667,September
1989-09-18,19.87,1989,9,3,-0.08999999999999986,-0.45090180360721765,19.041999999999998,September
1989-09-19,19.68,1989,9,3,-0.19000000000000128,-0.9562154001006573,19.096,September
1989-09-20,19.68,1989,9,3,0.0,0.0,19.144333333333336,September
1989-09-21,19.69,1989,9,3,0.010000000000001563,0.050813008130079496,19.18133333333333,September
1989-09-22,19.21,1989,9,3,-0.4800000000000004,-2.437785678009141,19.20633333333333,September
1989-09-25,19.49,1989,9,3,0.2799999999999976,1.4575741801145181,19.236,September
1989-09-26,19.62,1989,9,3,0.13000000000000256,0.667008722421758,19.264,September
1989-09-27,19.61,1989,9,3,-0.010000000000001563,-0.05096839959226607,19.28466666666667,September
1989-09-28,19.99,1989,9,3,0.379999999999999,1.937786843447209,19.328666666666667,September
1989-09-29,20.15,1989,9,3,0.16000000000000014,0.8004002001000599,19.373,September
1989-10-02,19.99,1989,10,4,-0.16000000000000014,-0.7940446650124056,19.40266666666667,October
1989-10-03,20.15,1989,10,4,0.16000000000000014,0.8004002001000599,19.44066666666667,October
1989-10-04,20.17,1989,10,4,0.020000000000003126,0.09925558312655625,19.474666666666664,October
1989-10-05,19.95,1989,10,4,-0.22000000000000242,-1.0907288051561825,19.505666666666666,October
1989-10-06,19.89,1989,10,4,-0.05999999999999872,-0.3007518796992459,19.551,October
1989-10-09,20.04,1989,10,4,0.14999999999999858,0.7541478129713397,19.596,October
1989-10-10,20.21,1989,10,4,0.1700000000000017,0.8483033932135786,19.65,October
1989-10-11,20.18,1989,10,4,-0.030000000000001137,-0.14844136566056765,19.694333333333336,October
1989-10-12,20.49,1989,10,4,0.3099999999999987,1.5361744301288338,19.749666666666663,October
1989-10-13,20.91,1989,10,4,0.4200000000000017,2.049780380673516,19.817333333333334,October
1989-10-16,20.64,1989,10,4,-0.2699999999999996,-1.2912482065997155,19.875999999999998,October
1989-10-17,20.68,1989,10,4,0.03999999999999915,0.19379844961240345,19.929333333333332,October
1989-10-18,20.58,1989,10,4,-0.10000000000000142,-0.4835589941972973,19.96833333333333,October
1989-10-19,20.37,1989,10,4,-0.2099999999999973,-1.0204081632652962,20.000666666666667,October
1989-10-20,20.04,1989,10,4,-0.33000000000000185,-1.6200294550810068,20.009666666666664,October
1989-10-23,19.67,1989,10,4,-0.36999999999999744,-1.8463073852295286,20.006333333333334,October
1989-10-24,19.7,1989,10,4,0.029999999999997584,0.15251652262326942,20.006999999999998,October
1989-10-25,19.6,1989,10,4,-0.09999999999999787,-0.50761421319796,19.997999999999998,October
1989-10-26,19.48,1989,10,4,-0.120000000000001,-0.612244897959191,19.98966666666667,October
1989-10-27,19.79,1989,10,4,0.3099999999999987,1.591375770020531,19.983999999999998,October
1989-10-30,19.74,1989,10,4,-0.05000000000000071,-0.2526528549772644,19.979666666666667,October
1989-10-31,19.88,1989,10,4,0.14000000000000057,0.7092198581560405,19.986333333333334,October
1989-11-01,20.09,1989,11,4,0.21000000000000085,1.0563380281690238,20.0,November
1989-11-02,20.01,1989,11,4,-0.0799999999999983,-0.398208063713279,20.01066666666667,November
1989-11-03,20.23,1989,11,4,0.21999999999999886,1.0994502748625568,20.044666666666668,November
1989-11-06,20.06,1989,11,4,-0.1700000000000017,-0.8403361344537896,20.063666666666666,November
1989-11-07,19.97,1989,11,4,-0.08999999999999986,-0.4486540378863424,20.075333333333333,November
1989-11-08,19.97,1989,11,4,0.0,0.0,20.087333333333333,November
1989-11-09,19.62,1989,11,4,-0.34999999999999787,-1.7526289434151132,20.075,November
1989-11-10,19.84,1989,11,4,0.21999999999999886,1.1213047910295648,20.064666666666664,November
1989-11-13,19.62,1989,11,4,-0.21999999999999886,-1.1088709677419262,20.05233333333333,November
1989-11-14,19.58,1989,11,4,-0.0400000000000027,-0.20387359836901986,20.033333333333335,November
1989-11-15,19.69,1989,11,4,0.11000000000000298,0.5617977528090012,20.017333333333337,November
1989-11-16,19.88,1989,11,4,0.18999999999999773,0.964956830878605,20.015,November
1989-11-17,19.93,1989,11,4,0.05000000000000071,0.25150905432596016,20.016333333333332,November
1989-11-20,20.13,1989,11,4,0.1999999999999993,1.0035122930255769,20.019333333333336,November
1989-11-21,20.52,1989,11,4,0.39000000000000057,1.9374068554396384,20.029666666666667,November
1989-11-22,19.8,1989,11,4,-0.7199999999999989,-3.508771929824561,20.017,November
1989-11-23,19.8,1989,11,4,0.0,0.0,19.994000000000003,November
1989-11-24,19.84,1989,11,4,0.03999999999999915,0.20202020202020332,19.958333333333332,November
1989-11-27,19.65,1989,11,4,-0.19000000000000128,-0.9576612903225867,19.925333333333334,November
1989-11-28,19.33,1989,11,4,-0.3200000000000003,-1.6284987277353724,19.880333333333336,November
1989-11-29,19.4,1989,11,4,0.07000000000000028,0.36213140196585947,19.841,November
1989-11-30,19.87,1989,11,4,0.4700000000000024,2.4226804123711476,19.824333333333335,November
1989-12-01,20.26,1989,12,4,0.39000000000000057,1.962757926522407,19.831666666666667,December
1989-12-04,20.24,1989,12,4,-0.020000000000003126,-0.09871668311945969,19.850666666666665,December
1989-12-05,20.22,1989,12,4,-0.019999999999999574,-0.09881422924901129,19.868,December
1989-12-06,20.46,1989,12,4,0.240000000000002,1.1869436201780603,19.896666666666665,December
1989-12-07,20.45,1989,12,4,-0.010000000000001563,-0.04887585532747929,19.929,December
1989-12-08,20.41,1989,12,4,-0.03999999999999915,-0.19559902200488866,19.949666666666666,December
1989-12-11,20.69,1989,12,4,0.28000000000000114,1.371876531112215,19.981333333333335,December
1989-12-12,20.8,1989,12,4,0.10999999999999943,0.531657805703234,20.012,December
1989-12-13,20.75,1989,12,4,-0.05000000000000071,-0.24038461538461453,20.034,December
1989-12-14,20.67,1989,12,4,-0.0799999999999983,-0.3855421686746907,20.055999999999997,December
1989-12-15,21.13,1989,12,4,0.4599999999999973,2.2254475084663605,20.086,December
1989-12-18,22.2,1989,12,4,1.0700000000000003,5.0638902035021305,20.157333333333334,December
1989-12-19,22.17,1989,12,4,-0.029999999999997584,-0.13513513513512265,20.230666666666664,December
1989-12-20,21.58,1989,12,4,-0.5900000000000034,-2.661253946774933,20.284333333333333,December
1989-12-21,21.53,1989,12,4,-0.04999999999999716,-0.23169601482853075,20.348,December
1989-12-22,21.31,1989,12,4,-0.22000000000000242,-1.021830004644697,20.397000000000002,December
1989-12-26,21.91,1989,12,4,0.6000000000000014,2.815579540122015,20.473333333333336,December
1989-12-27,21.78,1989,12,4,-0.129999999999999,-0.5933363760839749,20.546666666666667,December
1989-12-28,21.6,1989,12,4,-0.17999999999999972,-0.8264462809917328,20.610333333333333,December
1989-12-29,21.84,1989,12,4,0.23999999999999844,1.1111111111111072,20.675666666666665,December
1990-01-02,22.88,1990,1,1,1.0399999999999991,4.761904761904767,20.774,January
1990-01-03,23.81,1990,1,1,0.9299999999999997,4.064685314685312,20.896666666666665,January
1990-01-04,23.41,1990,1,1,-0.3999999999999986,-1.6799664006719839,20.993,January
1990-01-05,23.07,1990,1,1,-0.33999999999999986,-1.452370781717216,21.101999999999997,January
1990-01-08,21.64,1990,1,1,-1.4299999999999997,-6.198526224534029,21.163333333333334,January
1990-01-09,22.25,1990,1,1,0.6099999999999994,2.8188539741220042,21.243666666666666,January
1990-01-10,22.9,1990,1,1,0.6499999999999986,2.921348314606731,21.351999999999997,January
1990-01-11,23.15,1990,1,1,0.25,1.091703056768556,21.479333333333333,January
1990-01-12,23.17,1990,1,1,0.020000000000003126,0.08639308855293848,21.605,January
1990-01-15,22.36,1990,1,1,-0.8100000000000023,-3.4958998705222344,21.688,January
1990-01-16,22.61,1990,1,1,0.25,1.1180679785330883,21.766333333333332,January
1990-01-17,22.11,1990,1,1,-0.5,-2.211410880141529,21.828666666666667,January
1990-01-18,22.78,1990,1,1,0.6700000000000017,3.0303030303030276,21.914,January
1990-01-19,23.7,1990,1,1,0.9199999999999982,4.038630377524144,22.022,January
1990-01-22,22.57,1990,1,1,-1.129999999999999,-4.767932489451477,22.092666666666666,January
1990-01-23,22.34,1990,1,1,-0.23000000000000043,-1.0190518387239722,22.157,January
1990-01-24,23.43,1990,1,1,1.0899999999999999,4.879140555058181,22.24833333333333,January
1990-01-25,24.48,1990,1,1,1.0500000000000007,4.481434058898848,22.371,January
1990-01-26,22.56,1990,1,1,-1.9200000000000017,-7.843137254901967,22.43133333333333,January
1990-01-29,22.79,1990,1,1,0.23000000000000043,1.0195035460992985,22.502000000000002,January
1990-01-30,22.29,1990,1,1,-0.5,-2.193944712593243,22.540666666666667,January
1990-01-31,22.69,1990,1,1,0.40000000000000213,1.794526693584575,22.557000000000002,January
1990-02-01,22.71,1990,2,1,0.019999999999999574,0.08814455707359947,22.575,February
1990-02-02,23.04,1990,2,1,0.3299999999999983,1.4531043593130732,22.62366666666667,February
1990-02-05,22.44,1990,2,1,-0.5999999999999979,-2.604166666666663,22.654,February
1990-02-06,22.36,1990,2,1,-0.08000000000000185,-0.35650623885918886,22.689,February
1990-02-07,22.4,1990,2,1,0.03999999999999915,0.17889087656528524,22.705333333333332,February
1990-02-08,22.11,1990,2,1,-0.28999999999999915,-1.294642857142858,22.716333333333335,February
1990-02-09,21.82,1990,2,1,-0.28999999999999915,-1.3116236996833952,22.723666666666666,February
1990-02-12,22.02,1990,2,1,0.1999999999999993,0.9165902841429929,22.729666666666667,February
1990-02-13,21.88,1990,2,1,-0.14000000000000057,-0.6357856494096259,22.69633333333333,February
1990-02-14,22.12,1990,2,1,0.240000000000002,1.0968921389396868,22.64,February
1990-02-15,22.86,1990,2,1,0.7399999999999984,3.345388788426762,22.621666666666666,February
1990-02-16,22.46,1990,2,1,-0.3999999999999986,-1.7497812773403232,22.601333333333333,February
1990-02-19,22.46,1990,2,1,0.0,0.0,22.628666666666668,February
1990-02-20,22.2,1990,2,1,-0.26000000000000156,-1.1576135351736516,22.627000000000002,February
1990-02-21,21.87,1990,2,1,-0.3299999999999983,-1.4864864864864824,22.59266666666667,February
1990-02-22,21.4,1990,2,1,-0.4700000000000024,-2.1490626428898096,22.534333333333333,February
1990-02-23,21.13,1990,2,1,-0.2699999999999996,-1.2616822429906471,22.466333333333335,February
1990-02-26,21.81,1990,2,1,0.6799999999999997,3.2181732134406005,22.447999999999997,February
1990-02-27,21.62,1990,2,1,-0.18999999999999773,-0.8711600183402002,22.415,February
1990-02-28,21.55,1990,2,1,-0.07000000000000028,-0.323774283071232,22.396333333333335,February
1990-03-01,21.19,1990,3,1,-0.35999999999999943,-1.6705336426914075,22.34333333333333,March
1990-03-02,21.36,1990,3,1,0.16999999999999815,0.8022652194431323,22.265333333333334,March
1990-03-05,21.62,1990,3,1,0.26000000000000156,1.217228464419473,22.233666666666668,March
1990-03-06,21.3,1990,3,1,-0.3200000000000003,-1.4801110083256241,22.198999999999998,March
1990-03-07,20.93,1990,3,1,-0.370000000000001,-1.7370892018779394,22.115666666666666,March
1990-03-08,20.8,1990,3,1,-0.129999999999999,-0.6211180124223503,21.993,March
1990-03-09,20.42,1990,3,1,-0.379999999999999,-1.8269230769230704,21.92166666666667,March
1990-03-12,20.26,1990,3,1,-0.16000000000000014,-0.7835455435847183,21.837333333333333,March
1990-03-13,20.15,1990,3,1,-0.11000000000000298,-0.5429417571569783,21.766000000000002,March
1990-03-14,20.07,1990,3,1,-0.0799999999999983,-0.3970223325061917,21.678666666666665,March
1990-03-15,20.38,1990,3,1,0.3099999999999987,1.5445939212755277,21.601000000000003,March
1990-03-16,20.09,1990,3,1,-0.28999999999999915,-1.4229636898920428,21.502666666666663,March
1990-03-19,19.6,1990,3,1,-0.48999999999999844,-2.4390243902438935,21.408,March
1990-03-20,19.34,1990,3,1,-0.26000000000000156,-1.3265306122449028,21.307333333333336,March
1990-03-21,19.59,1990,3,1,0.25,1.292657704239919,21.21366666666667,March
1990-03-22,19.85,1990,3,1,0.26000000000000156,1.3272077590607445,21.138333333333332,March
1990-03-23,20.28,1990,3,1,0.4299999999999997,2.1662468513853783,21.087,March
1990-03-26,20.48,1990,3,1,0.1999999999999993,0.9861932938856066,21.035666666666664,March
1990-03-27,20.36,1990,3,1,-0.120000000000001,-0.5859375,20.985,March
1990-03-28,20.09,1990,3,1,-0.2699999999999996,-1.3261296660117883,20.917333333333332,March
1990-03-29,20.03,1990,3,1,-0.05999999999999872,-0.298656047784962,20.822999999999997,March
1990-03-30,20.34,1990,3,1,0.3099999999999987,1.547678482276571,20.752333333333336,March
1990-04-02,20.51,1990,4,2,0.1700000000000017,0.8357915437561481,20.687333333333335,April
1990-04-03,20.23,1990,4,2,-0.28000000000000114,-1.3651877133105894,20.621666666666666,April
1990-04-04,19.78,1990,4,2,-0.4499999999999993,-2.2244191794364765,20.552,April
1990-04-05,19.48,1990,4,2,-0.3000000000000007,-1.5166835187057637,20.488,April
1990-04-06,19.15,1990,4,2,-0.33000000000000185,-1.6940451745379947,20.422,April
1990-04-09,18.32,1990,4,2,-0.8299999999999983,-4.334203655352475,20.30566666666667,April
1990-04-10,17.56,1990,4,2,-0.7600000000000016,-4.148471615720528,20.170333333333335,April
1990-04-11,18.19,1990,4,2,0.6300000000000026,3.587699316628723,20.058333333333334,April
1990-04-12,17.76,1990,4,2,-0.4299999999999997,-2.3639362286970833,19.944000000000003,April
1990-04-16,17.87,1990,4,2,0.10999999999999943,0.6193693693693714,19.82766666666667,April
1990-04-17,17.37,1990,4,2,-0.5,-2.7979854504756596,19.686,April
1990-04-18,16.95,1990,4,2,-0.4200000000000017,-2.4179620034542437,19.541,April
1990-04-19,17.93,1990,4,2,0.9800000000000004,5.781710914454274,19.441,April
1990-04-20,17.9,1990,4,2,-0.030000000000001137,-0.1673173452314658,19.344333333333335,April
1990-04-23,18.6,1990,4,2,0.7000000000000028,3.9106145251396773,19.283666666666665,April
1990-04-24,17.85,1990,4,2,-0.75,-4.0322580645161255,19.203333333333333,April
1990-04-25,17.49,1990,4,2,-0.360000000000003,-2.0168067226890907,19.11466666666667,April
1990-04-26,18.5,1990,4,2,1.0100000000000016,5.774728416237851,19.06233333333334,April
1990-04-27,18.57,1990,4,2,0.07000000000000028,0.3783783783783745,19.002,April
1990-04-30,18.5,1990,4,2,-0.07000000000000028,-0.3769520732364029,18.949,April
1990-05-01,18.76,1990,5,2,0.26000000000000156,1.4054054054054133,18.921,May
1990-05-02,18.63,1990,5,2,-0.13000000000000256,-0.6929637526652543,18.897333333333332,May
1990-05-03,17.98,1990,5,2,-0.6499999999999986,-3.4889962426194243,18.843666666666664,May
1990-05-04,17.98,1990,5,2,0.0,0.0,18.781333333333336,May
1990-05-07,18.3,1990,5,2,0.3200000000000003,1.7797552836485098,18.71533333333333,May
1990-05-08,18.26,1990,5,2,-0.03999999999999915,-0.21857923497267118,18.641333333333332,May
1990-05-09,19.01,1990,5,2,0.75,4.107338444687847,18.596333333333337,May
1990-05-10,19.03,1990,5,2,0.019999999999999574,0.10520778537610465,18.561,May
1990-05-11,18.96,1990,5,2,-0.07000000000000028,-0.3678402522333202,18.525333333333332,May
1990-05-14,19.73,1990,5,2,0.7699999999999996,4.061181434599148,18.505,May
1990-05-15,19.52,1990,5,2,-0.21000000000000085,-1.0643689812468327,18.471999999999998,May
1990-05-16,19.05,1990,5,2,-0.46999999999999886,-2.4077868852458995,18.432666666666666,May
1990-05-17,18.89,1990,5,2,-0.16000000000000014,-0.8398950131233596,18.403000000000002,May
1990-05-18,18.78,1990,5,2,-0.10999999999999943,-0.582318687136052,18.379666666666665,May
1990-05-21,18.26,1990,5,2,-0.5199999999999996,-2.7689030883919052,18.35,May
1990-05-22,17.51,1990,5,2,-0.75,-4.107338444687847,18.322999999999997,May
1990-05-23,16.25,1990,5,2,-1.2600000000000016,-7.195888063963462,18.279333333333334,May
1990-05-24,16.02,1990,5,2,-0.23000000000000043,-1.4153846153846183,18.207,May
1990-05-25,16.12,1990,5,2,0.10000000000000142,0.6242197253433224,18.152333333333335,May
1990-05-29,18.0,1990,5,2,1.879999999999999,11.662531017369716,18.15666666666667,May
1990-05-30,17.88,1990,5,2,-0.120000000000001,-0.666666666666671,18.17366666666667,May
1990-05-31,17.47,1990,5,2,-0.41000000000000014,-2.2930648769574957,18.191,May
1990-06-01,17.51,1990,6,2,0.0400000000000027,0.22896393817974925,18.177,June
1990-06-04,17.09,1990,6,2,-0.4200000000000017,-2.3986293546544912,18.15,June
1990-06-05,16.41,1990,6,2,-0.6799999999999997,-3.978935049736687,18.076999999999998,June
1990-06-06,16.91,1990,6,2,0.5,3.0469226081657474,18.045666666666666,June
1990-06-07,16.65,1990,6,2,-0.26000000000000156,-1.5375517445298748,18.017666666666667,June
1990-06-08,16.78,1990,6,2,0.13000000000000256,0.7807807807807876,17.96033333333333,June
1990-06-11,16.82,1990,6,2,0.03999999999999915,0.23837902264600697,17.902,June
1990-06-12,17.39,1990,6,2,0.5700000000000003,3.388822829964333,17.865000000000002,June
1990-06-13,17.6,1990,6,2,0.21000000000000085,1.2075905692926936,17.826333333333334,June
1990-06-14,17.11,1990,6,2,-0.490000000000002,-2.7840909090909194,17.775666666666666,June
1990-06-15,16.64,1990,6,2,-0.46999999999999886,-2.746931618936288,17.731,June
1990-06-18,15.92,1990,6,2,-0.7200000000000006,-4.326923076923084,17.662333333333333,June
1990-06-19,15.55,1990,6,2,-0.3699999999999992,-2.3241206030150674,17.570666666666668,June
1990-06-20,15.43,1990,6,2,-0.120000000000001,-0.7717041800643143,17.476333333333333,June
1990-06-21,16.09,1990,6,2,0.6600000000000001,4.277381723914453,17.379,June
1990-06-22,16.5,1990,6,2,0.41000000000000014,2.5481665630826544,17.294666666666668,June
1990-06-25,16.15,1990,6,2,-0.3500000000000014,-2.121212121212135,17.201,June
1990-06-26,17.12,1990,6,2,0.9700000000000024,6.006191950464412,17.113999999999997,June
1990-06-27,16.7,1990,6,2,-0.4200000000000017,-2.453271028037396,17.02,June
1990-06-28,17.18,1990,6,2,0.4800000000000004,2.8742514970059974,16.957666666666668,June
1990-06-29,17.05,1990,6,2,-0.129999999999999,-0.7566938300349157,16.896333333333335,June
1990-07-02,16.94,1990,7,3,-0.10999999999999943,-0.6451612903225823,16.835,July
1990-07-03,16.73,1990,7,3,-0.21000000000000085,-1.2396694214876103,16.784,July
1990-07-04,16.73,1990,7,3,0.0,0.0,16.758,July
1990-07-05,16.5,1990,7,3,-0.23000000000000043,-1.374775851763299,16.766333333333332,July
1990-07-06,16.49,1990,7,3,-0.010000000000001563,-0.0606060606060721,16.782,July
1990-07-09,16.63,1990,7,3,0.14000000000000057,0.8489993935718587,16.799,July
1990-07-10,17.05,1990,7,3,0.4200000000000017,2.525556223692127,16.767333333333333,July
1990-07-11,17.45,1990,7,3,0.3999999999999986,2.346041055718473,16.753,July
1990-07-12,18.69,1990,7,3,1.240000000000002,7.106017191977099,16.793666666666667,July
1990-07-13,18.37,1990,7,3,-0.3200000000000003,-1.7121455323702572,16.822333333333333,July
1990-07-16,18.67,1990,7,3,0.3000000000000007,1.6330974414806798,16.875,July
1990-07-17,18.23,1990,7,3,-0.4400000000000013,-2.3567220139260936,16.935666666666666,July
1990-07-18,18.57,1990,7,3,0.33999999999999986,1.8650575973669703,16.991,July
1990-07-19,19.07,1990,7,3,0.5,2.6925148088314588,17.071666666666665,July
1990-07-20,19.61,1990,7,3,0.5399999999999991,2.831672784478223,17.166,July
1990-07-23,19.88,1990,7,3,0.2699999999999996,1.37684854665987,17.268000000000004,July
1990-07-24,19.84,1990,7,3,-0.03999999999999915,-0.2012072434607548,17.349666666666668,July
1990-07-25,19.33,1990,7,3,-0.5100000000000016,-2.570564516129037,17.407333333333334,July
1990-07-26,20.33,1990,7,3,1.0,5.173305742369383,17.514666666666667,July
1990-07-27,20.07,1990,7,3,-0.259999999999998,-1.2788981800295085,17.629,July
1990-07-30,20.24,1990,7,3,0.16999999999999815,0.8470353761833582,17.773000000000003,July
1990-07-31,20.57,1990,7,3,0.33000000000000185,1.630434782608714,17.940333333333335,July
1990-08-01,21.59,1990,8,3,1.0199999999999996,4.958677685950419,18.145666666666667,August
1990-08-02,23.71,1990,8,3,2.120000000000001,9.819360815192212,18.39966666666667,August
1990-08-03,23.79,1990,8,3,0.0799999999999983,0.3374103753690294,18.642666666666667,August
1990-08-06,28.73,1990,8,3,4.940000000000001,20.76502732240437,19.062,August
1990-08-07,29.6,1990,8,3,0.870000000000001,3.028193525931089,19.478,August
1990-08-08,26.19,1990,8,3,-3.41,-11.520270270270272,19.79433333333333,August
1990-08-09,25.69,1990,8,3,-0.5,-1.9091256204658236,20.078,August
1990-08-10,26.38,1990,8,3,0.6899999999999977,2.685869988322298,20.389,August
1990-08-13,27.07,1990,8,3,0.6900000000000013,2.615617892342681,20.72666666666667,August
1990-08-14,26.7,1990,8,3,-0.370000000000001,-1.366826745474703,21.059,August
1990-08-15,26.54,1990,8,3,-0.16000000000000014,-0.5992509363295873,21.386,August
1990-08-16,27.4,1990,8,3,0.8599999999999994,3.240391861341374,21.749333333333333,August
1990-08-17,28.65,1990,8,3,1.25,4.562043795620441,22.154666666666667,August
1990-08-20,28.63,1990,8,3,-0.019999999999999574,-0.06980802792321272,22.554666666666666,August
1990-08-21,28.46,1990,8,3,-0.16999999999999815,-0.5937827453719846,22.935000000000002,August
1990-08-22,30.52,1990,8,3,2.0599999999999987,7.238229093464499,23.37066666666667,August
1990-08-23,31.67,1990,8,3,1.1500000000000021,3.7680209698558453,23.803333333333335,August
1990-08-24,31.1,1990,8,3,-0.5700000000000003,-1.7998105462582847,24.227666666666668,August
1990-08-27,27.36,1990,8,3,-3.740000000000002,-12.025723472668815,24.517333333333333,August
1990-08-28,27.73,1990,8,3,0.370000000000001,1.3523391812865437,24.834,August
1990-08-29,26.15,1990,8,3,-1.5800000000000018,-5.697800216372162,25.086666666666666,August
1990-08-30,26.96,1990,8,3,0.8100000000000023,3.0975143403441763,25.349666666666668,August
1990-08-31,27.45,1990,8,3,0.48999999999999844,1.8175074183976125,25.610999999999997,August
1990-09-03,27.45,1990,9,3,0.0,0.0,25.863333333333333,September
1990-09-04,29.3,1990,9,3,1.8500000000000014,6.739526411657559,26.17866666666667,September
1990-09-05,30.0,1990,9,3,0.6999999999999993,2.3890784982935065,26.534333333333333,September
1990-09-06,31.51,1990,9,3,1.5100000000000016,5.033333333333334,26.906999999999996,September
1990-09-07,30.09,1990,9,3,-1.4200000000000017,-4.506505871152022,27.241,September
1990-09-10,30.83,1990,9,3,0.7399999999999984,2.4592888002658686,27.594,September
1990-09-11,30.29,1990,9,3,-0.5399999999999991,-1.7515407071034717,27.918,September
1990-09-12,30.85,1990,9,3,0.5600000000000023,1.8487949818422056,28.22666666666667,September
1990-09-13,31.2,1990,9,3,0.34999999999999787,1.1345218800648205,28.476333333333333,September
1990-09-14,31.79,1990,9,3,0.5899999999999999,1.8910256410256343,28.743000000000002,September
1990-09-17,33.73,1990,9,3,1.9399999999999977,6.102547971060068,28.909666666666666,September
1990-09-18,33.48,1990,9,3,-0.25,-0.7411799584939205,29.038999999999998,September
1990-09-19,33.18,1990,9,3,-0.29999999999999716,-0.8960573476702427,29.272000000000002,September
1990-09-20,34.44,1990,9,3,1.259999999999998,3.797468354430378,29.563666666666666,September
1990-09-21,36.21,1990,9,3,1.7700000000000031,5.139372822299659,29.891333333333332,September
1990-09-24,39.05,1990,9,3,2.8399999999999963,7.843137254901955,30.290666666666663,September
1990-09-25,38.33,1990,9,3,-0.7199999999999989,-1.8437900128040918,30.678333333333335,September
1990-09-26,39.12,1990,9,3,0.7899999999999991,2.0610487868510274,31.097666666666665,September
1990-09-27,39.77,1990,9,3,0.6500000000000057,1.6615541922290644,31.509999999999998,September
1990-09-28,39.53,1990,9,3,-0.240000000000002,-0.6034699522252995,31.872666666666664,September
1990-10-01,37.08,1990,10,4,-2.450000000000003,-6.197824437136356,32.154333333333334,October
1990-10-02,34.43,1990,10,4,-2.6499999999999986,-7.146709816612729,32.35333333333333,October
1990-10-03,37.04,1990,10,4,2.6099999999999994,7.580598315422593,32.57066666666667,October
1990-10-04,36.76,1990,10,4,-0.28000000000000114,-0.7559395248380119,32.74033333333333,October
1990-10-05,37.87,1990,10,4,1.1099999999999994,3.019586507072902,32.966,October
1990-10-08,38.88,1990,10,4,1.0100000000000051,2.6670187483496255,33.35,October
1990-10-09,40.73,1990,10,4,1.8499999999999943,4.758230452674872,33.78333333333333,October
1990-10-10,39.3,1990,10,4,-1.4299999999999997,-3.510925607660198,34.221666666666664,October
1990-10-11,41.07,1990,10,4,1.7700000000000031,4.503816793893134,34.692,October
1990-10-12,39.42,1990,10,4,-1.6499999999999986,-4.017531044558065,35.091,October
1990-10-15,38.0,1990,10,4,-1.4200000000000017,-3.6022323693556624,35.44266666666667,October
1990-10-16,39.34,1990,10,4,1.3400000000000034,3.5263157894736885,35.77733333333333,October
1990-10-17,36.03,1990,10,4,-3.3100000000000023,-8.413828164717852,35.97833333333333,October
1990-10-18,37.03,1990,10,4,1.0,2.775464890369128,36.16233333333333,October
1990-10-19,33.82,1990,10,4,-3.210000000000001,-8.66864704293816,36.28666666666667,October
1990-10-22,28.46,1990,10,4,-5.359999999999999,-15.848610289769361,36.20766666666667,October
1990-10-23,29.95,1990,10,4,1.4899999999999984,5.235418130709757,36.19633333333333,October
1990-10-24,30.8,1990,10,4,0.8500000000000014,2.8380634390651194,36.19466666666667,October
1990-10-25,34.35,1990,10,4,3.5500000000000007,11.525974025974017,36.29966666666667,October
1990-10-26,33.03,1990,10,4,-1.3200000000000003,-3.84279475982533,36.341,October
1990-10-29,35.28,1990,10,4,2.25,6.811989100817439,36.39266666666666,October
1990-10-30,34.93,1990,10,4,-0.3500000000000014,-0.9920634920634996,36.441,October
1990-10-31,35.31,1990,10,4,0.38000000000000256,1.0878900658459756,36.51199999999999,October
1990-11-01,35.3,1990,11,4,-0.010000000000005116,-0.028320589068264734,36.54066666666666,November
1990-11-02,33.95,1990,11,4,-1.3499999999999943,-3.824362606232279,36.465333333333334,November
1990-11-05,32.05,1990,11,4,-1.9000000000000057,-5.596465390279837,36.23199999999999,November
1990-11-06,32.41,1990,11,4,0.35999999999999943,1.1232449297971847,36.034666666666666,November
1990-11-07,35.48,1990,11,4,3.0700000000000003,9.472385066337562,35.913333333333334,November
1990-11-08,35.61,1990,11,4,0.13000000000000256,0.366403607666288,35.77466666666667,November
1990-11-09,33.91,1990,11,4,-1.7000000000000028,-4.773939904521207,35.587333333333326,November
1990-11-12,32.08,1990,11,4,-1.8299999999999983,-5.396638159834854,35.42066666666666,November
1990-11-13,33.3,1990,11,4,1.2199999999999989,3.802992518703241,35.383,November
1990-11-14,31.18,1990,11,4,-2.1199999999999974,-6.3663663663663606,35.187666666666665,November
1990-11-15,31.05,1990,11,4,-0.129999999999999,-0.41693393200769036,34.99733333333333,November
1990-11-16,29.91,1990,11,4,-1.1400000000000006,-3.6714975845410613,34.732,November
1990-11-19,31.45,1990,11,4,1.5399999999999991,5.14877967235039,34.48433333333333,November
1990-11-20,29.5,1990,11,4,-1.9499999999999993,-6.200317965023849,34.11,November
1990-11-21,30.08,1990,11,4,0.5799999999999983,1.9661016949152454,33.80266666666667,November
1990-11-22,30.08,1990,11,4,0.0,0.0,33.43633333333334,November
1990-11-23,32.35,1990,11,4,2.270000000000003,7.546542553191493,33.20066666666666,November
1990-11-26,33.28,1990,11,4,0.9299999999999997,2.874806800618246,33.04333333333333,November
1990-11-27,33.05,1990,11,4,-0.23000000000000398,-0.691105769230782,32.833666666666666,November
1990-11-28,33.28,1990,11,4,0.23000000000000398,0.695915279878978,32.742,November
1990-11-29,32.93,1990,11,4,-0.3500000000000014,-1.0516826923076983,32.605333333333334,November
1990-11-30,29.08,1990,11,4,-3.8500000000000014,-11.691466747646528,32.44733333333333,November
1990-12-03,29.4,1990,12,4,0.3200000000000003,1.1004126547455195,32.47866666666667,December
1990-12-04,29.05,1990,12,4,-0.34999999999999787,-1.1904761904761862,32.44866666666666,December
1990-12-05,27.18,1990,12,4,-1.870000000000001,-6.4371772805507765,32.328,December
1990-12-06,26.35,1990,12,4,-0.8299999999999983,-3.0537159676232495,32.06133333333334,December
1990-12-07,26.61,1990,12,4,0.259999999999998,0.9867172675521729,31.847333333333335,December
1990-12-10,27.08,1990,12,4,0.46999999999999886,1.766253288237496,31.573999999999998,December
1990-12-11,26.5,1990,12,4,-0.5799999999999983,-2.1418020679468186,31.293,December
1990-12-12,25.3,1990,12,4,-1.1999999999999993,-4.528301886792452,30.959333333333337,December
1990-12-13,26.45,1990,12,4,1.1499999999999986,4.545454545454541,30.66433333333333,December
1990-12-14,26.6,1990,12,4,0.15000000000000213,0.5671077504725952,30.419333333333334,December
1990-12-17,27.1,1990,12,4,0.5,1.8796992481203034,30.25433333333333,December
1990-12-18,27.85,1990,12,4,0.75,2.7675276752767486,30.102333333333334,December
1990-12-19,28.26,1990,12,4,0.41000000000000014,1.4721723518851038,29.861666666666668,December
1990-12-20,27.5,1990,12,4,-0.7600000000000016,-2.689313517338998,29.591333333333335,December
1990-12-21,27.08,1990,12,4,-0.4200000000000017,-1.5272727272727327,29.363666666666667,December
1990-12-24,26.95,1990,12,4,-0.129999999999999,-0.48005908419497256,29.192666666666664,December
1990-12-26,27.35,1990,12,4,0.40000000000000213,1.4842300556586308,28.994333333333334,December
1990-12-27,26.95,1990,12,4,-0.40000000000000213,-1.4625228519195677,28.853333333333335,December
1990-12-28,27.58,1990,12,4,0.629999999999999,2.3376623376623273,28.737666666666666,December
1990-12-31,28.48,1990,12,4,0.9000000000000021,3.2632342277012505,28.69,December
1991-01-02,26.53,1991,1,1,-1.9499999999999993,-6.84691011235955,28.526,January
1991-01-03,25.61,1991,1,1,-0.9200000000000017,-3.467772333207697,28.396333333333335,January
1991-01-04,24.88,1991,1,1,-0.7300000000000004,-2.850449043342451,28.223000000000003,January
1991-01-07,27.25,1991,1,1,2.370000000000001,9.525723472668822,28.128666666666668,January
1991-01-08,27.5,1991,1,1,0.25,0.917431192660545,27.967,January
1991-01-09,28.0,1991,1,1,0.5,1.8181818181818077,27.791,January
1991-01-10,27.55,1991,1,1,-0.4499999999999993,-1.6071428571428514,27.607666666666667,January
1991-01-11,27.43,1991,1,1,-0.120000000000001,-0.4355716878402971,27.412666666666667,January
1991-01-14,30.13,1991,1,1,2.6999999999999993,9.843237331388988,27.319333333333336,January
1991-01-15,30.35,1991,1,1,0.22000000000000242,0.7301692665117931,27.361666666666668,January
1991-01-16,32.25,1991,1,1,1.8999999999999986,6.260296540362442,27.456666666666667,January
1991-01-17,21.48,1991,1,1,-10.77,-33.395348837209305,27.204333333333334,January
1991-01-18,20.05,1991,1,1,-1.4299999999999997,-6.657355679702048,26.966666666666665,January
1991-01-21,21.63,1991,1,1,1.5799999999999983,7.880299251870326,26.80933333333333,January
1991-01-22,24.91,1991,1,1,3.280000000000001,15.164123901987981,26.752666666666663,January
1991-01-23,24.08,1991,1,1,-0.8300000000000018,-3.3319951826575767,26.65266666666667,January
1991-01-24,25.63,1991,1,1,1.5500000000000007,6.436877076411962,26.62366666666667,January
1991-01-25,24.15,1991,1,1,-1.4800000000000004,-5.7744830277019155,26.58533333333333,January
1991-01-28,21.03,1991,1,1,-3.1199999999999974,-12.919254658385082,26.404666666666667,January
1991-01-29,21.73,1991,1,1,0.6999999999999993,3.3285782215882076,26.24233333333333,January
1991-01-30,21.08,1991,1,1,-0.6500000000000021,-2.991256327657621,26.041666666666668,January
1991-01-31,21.9,1991,1,1,0.8200000000000003,3.8899430740037877,25.84333333333333,January
1991-02-01,21.33,1991,2,1,-0.5700000000000003,-2.602739726027403,25.612333333333332,February
1991-02-04,21.23,1991,2,1,-0.09999999999999787,-0.46882325363336586,25.40333333333333,February
1991-02-05,20.7,1991,2,1,-0.5300000000000011,-2.4964672633066454,25.19066666666667,February
1991-02-06,21.48,1991,2,1,0.7800000000000011,3.7681159420289934,25.008333333333333,February
1991-02-07,21.33,1991,2,1,-0.15000000000000213,-0.6983240223463749,24.807666666666663,February
1991-02-08,21.78,1991,2,1,0.45000000000000284,2.1097046413502296,24.635333333333335,February
1991-02-11,22.44,1991,2,1,0.6600000000000001,3.0303030303030276,24.464,February
1991-02-12,22.78,1991,2,1,0.33999999999999986,1.5151515151515138,24.274,February
1991-02-13,22.38,1991,2,1,-0.40000000000000213,-1.7559262510974616,24.13566666666667,February
1991-02-14,22.25,1991,2,1,-0.129999999999999,-0.5808757819481647,24.023666666666667,February
1991-02-15,20.73,1991,2,1,-1.5199999999999996,-6.831460674157297,23.88533333333333,February
1991-02-18,20.73,1991,2,1,0.0,0.0,23.668,February
1991-02-19,20.08,1991,2,1,-0.6500000000000021,-3.1355523396044527,23.420666666666666,February
1991-02-20,20.18,1991,2,1,0.10000000000000142,0.4980079681274896,23.16,February
1991-02-21,18.48,1991,2,1,-1.6999999999999993,-8.42418235877106,22.857666666666667,February
1991-02-22,17.43,1991,2,1,-1.0500000000000007,-5.681818181818188,22.524333333333335,February
1991-02-25,17.43,1991,2,1,0.0,0.0,22.101,February
1991-02-26,18.48,1991,2,1,1.0500000000000007,6.024096385542177,21.705333333333332,February
1991-02-27,19.03,1991,2,1,0.5500000000000007,2.976190476190488,21.264666666666663,February
1991-02-28,19.28,1991,2,1,0.25,1.3137151865475483,21.191333333333333,February
1991-03-01,19.43,1991,3,1,0.14999999999999858,0.778008298755184,21.170666666666666,March
1991-03-04,20.33,1991,3,1,0.8999999999999986,4.6320123520329215,21.127333333333333,March
1991-03-05,20.5,1991,3,1,0.1700000000000017,0.8362026561731462,20.98033333333333,March
1991-03-06,19.78,1991,3,1,-0.7199999999999989,-3.5121951219512115,20.837,March
1991-03-07,19.33,1991,3,1,-0.45000000000000284,-2.275025278058662,20.627,March
1991-03-08,19.34,1991,3,1,0.010000000000001563,0.05173305742369738,20.466666666666665,March
1991-03-11,19.0,1991,3,1,-0.33999999999999986,-1.7580144777662898,20.399,March
1991-03-12,20.06,1991,3,1,1.0599999999999987,5.578947368421039,20.34333333333333,March
1991-03-13,20.48,1991,3,1,0.4200000000000017,2.0937188434696052,20.32333333333333,March
1991-03-14,20.05,1991,3,1,-0.4299999999999997,-2.099609375,20.261666666666667,March
1991-03-15,19.88,1991,3,1,-0.1700000000000017,-0.8478802992518797,20.21333333333333,March
1991-03-18,19.78,1991,3,1,-0.09999999999999787,-0.5030181086518981,20.165000000000003,March
1991-03-19,20.68,1991,3,1,0.8999999999999986,4.55005055611728,20.16433333333333,March
1991-03-20,20.4,1991,3,1,-0.28000000000000114,-1.3539651837524258,20.128333333333334,March
1991-03-21,20.78,1991,3,1,0.38000000000000256,1.8627450980392313,20.110000000000003,March
1991-03-22,19.88,1991,3,1,-0.9000000000000021,-4.331087584215599,20.046666666666667,March
1991-03-25,19.47,1991,3,1,-0.41000000000000014,-2.062374245472842,19.94766666666667,March
1991-03-26,19.78,1991,3,1,0.3100000000000023,1.592193117616869,19.84766666666667,March
1991-03-27,19.45,1991,3,1,-0.33000000000000185,-1.6683518705763456,19.75,March
1991-03-28,19.63,1991,3,1,0.17999999999999972,0.9254498714653003,19.662666666666667,March
1991-04-01,19.28,1991,4,2,-0.34999999999999787,-1.7829852266938229,19.614333333333335,April
1991-04-02,19.38,1991,4,2,0.09999999999999787,0.5186721991701226,19.569333333333336,April
1991-04-03,19.48,1991,4,2,0.10000000000000142,0.5159958720330371,19.549333333333333,April
1991-04-04,19.98,1991,4,2,0.5,2.566735112936347,19.542666666666666,April
1991-04-05,20.03,1991,4,2,0.05000000000000071,0.25025025025025016,19.594333333333335,April
1991-04-08,20.28,1991,4,2,0.25,1.248127808287558,19.68933333333333,April
1991-04-09,20.58,1991,4,2,0.29999999999999716,1.4792899408283988,19.794333333333334,April
1991-04-10,21.08,1991,4,2,0.5,2.4295432458697697,19.880999999999997,April
1991-04-11,20.98,1991,4,2,-0.09999999999999787,-0.4743833017077703,19.946,April
1991-04-12,21.54,1991,4,2,0.5599999999999987,2.669208770257381,20.021333333333335,April
1991-04-15,21.85,1991,4,2,0.3100000000000023,1.4391829155060432,20.101999999999997,April
1991-04-16,21.6,1991,4,2,-0.25,-1.1441647597253968,20.144333333333336,April
1991-04-17,21.73,1991,4,2,0.129999999999999,0.6018518518518423,20.185333333333336,April
1991-04-18,21.08,1991,4,2,-0.6500000000000021,-2.991256327657621,20.228666666666662,April
1991-04-19,21.16,1991,4,2,0.08000000000000185,0.379506641366234,20.28966666666667,April
1991-04-22,21.68,1991,4,2,0.5199999999999996,2.457466918714557,20.367666666666665,April
1991-04-23,21.03,1991,4,2,-0.6499999999999986,-2.9981549815498054,20.435333333333332,April
1991-04-24,21.0,1991,4,2,-0.030000000000001137,-0.14265335235378318,20.466666666666665,April
1991-04-25,20.95,1991,4,2,-0.05000000000000071,-0.23809523809523725,20.482333333333333,April
1991-04-26,21.28,1991,4,2,0.33000000000000185,1.575178997613369,20.52333333333333,April
1991-04-29,21.3,1991,4,2,0.019999999999999574,0.09398496240602405,20.570666666666668,April
1991-04-30,20.99,1991,4,2,-0.3100000000000023,-1.4553990610328693,20.611,April
1991-05-01,21.28,1991,5,2,0.2900000000000027,1.3816102906145877,20.631000000000004,May
1991-05-02,21.17,1991,5,2,-0.10999999999999943,-0.5169172932330768,20.656666666666663,May
1991-05-03,21.43,1991,5,2,0.259999999999998,1.2281530467642687,20.678333333333335,May
1991-05-06,21.73,1991,5,2,0.3000000000000007,1.3999066728884735,20.740000000000002,May
1991-05-07,21.72,1991,5,2,-0.010000000000001563,-0.04601932811781895,20.814999999999998,May
1991-05-08,21.83,1991,5,2,0.10999999999999943,0.5064456721915356,20.883333333333333,May
1991-05-09,21.92,1991,5,2,0.09000000000000341,0.41227668346313084,20.965666666666664,May
1991-05-10,21.25,1991,5,2,-0.6700000000000017,-3.056569343065696,21.019666666666662,May
1991-05-13,20.89,1991,5,2,-0.35999999999999943,-1.6941176470588237,21.07333333333333,May
1991-05-14,20.73,1991,5,2,-0.16000000000000014,-0.7659167065581673,21.118333333333332,May
1991-05-15,21.04,1991,5,2,0.3099999999999987,1.4954172696574952,21.170333333333335,May
1991-05-16,20.91,1991,5,2,-0.129999999999999,-0.6178707224334556,21.201333333333334,May
1991-05-17,21.19,1991,5,2,0.28000000000000114,1.3390722142515576,21.24,May
1991-05-20,21.39,1991,5,2,0.1999999999999993,0.9438414346389701,21.276999999999997,May
1991-05-21,20.95,1991,5,2,-0.4400000000000013,-2.0570359981299746,21.28933333333333,May
1991-05-22,20.85,1991,5,2,-0.09999999999999787,-0.4773269689737347,21.28166666666667,May
1991-05-23,20.95,1991,5,2,0.09999999999999787,0.47961630695443347,21.28066666666667,May
1991-05-24,21.04,1991,5,2,0.08999999999999986,0.42959427207636125,21.264000000000003,May
1991-05-28,21.34,1991,5,2,0.3000000000000007,1.425855513307983,21.247000000000003,May
1991-05-29,21.04,1991,5,2,-0.3000000000000007,-1.4058106841612017,21.228333333333335,May
1991-05-30,21.3,1991,5,2,0.26000000000000156,1.2357414448669335,21.214,May
1991-05-31,21.16,1991,5,2,-0.14000000000000057,-0.6572769953051671,21.216666666666665,May
1991-06-03,21.16,1991,6,2,0.0,0.0,21.216666666666665,June
1991-06-04,20.9,1991,6,2,-0.26000000000000156,-1.2287334593572896,21.19066666666667,June
1991-06-05,20.45,1991,6,2,-0.4499999999999993,-2.1531100478468845,21.171333333333337,June
1991-06-06,20.38,1991,6,2,-0.07000000000000028,-0.3422982885085579,21.15066666666667,June
1991-06-07,20.28,1991,6,2,-0.09999999999999787,-0.4906771344455274,21.128333333333334,June
1991-06-10,19.84,1991,6,2,-0.4400000000000013,-2.1696252465483346,21.080333333333336,June
1991-06-11,19.85,1991,6,2,0.010000000000001563,0.05040322580645018,21.031999999999996,June
1991-06-12,20.08,1991,6,2,0.22999999999999687,1.1586901763223967,21.001666666666665,June
1991-06-13,19.71,1991,6,2,-0.36999999999999744,-1.8426294820717004,20.949333333333335,June
1991-06-14,19.7,1991,6,2,-0.010000000000001563,-0.05073566717402889,20.900333333333332,June
1991-06-17,19.97,1991,6,2,0.2699999999999996,1.3705583756345119,20.851666666666667,June
1991-06-18,20.11,1991,6,2,0.14000000000000057,0.701051577366063,20.797666666666665,June
1991-06-19,19.99,1991,6,2,-0.120000000000001,-0.5967180507210346,20.740000000000002,June
1991-06-20,20.22,1991,6,2,0.23000000000000043,1.150575287643818,20.686333333333334,June
1991-06-21,20.1,1991,6,2,-0.11999999999999744,-0.593471810089008,20.625666666666667,June
1991-06-24,19.92,1991,6,2,-0.17999999999999972,-0.8955223880596996,20.581333333333337,June
1991-06-25,20.03,1991,6,2,0.10999999999999943,0.5522088353413723,20.552666666666667,June
1991-06-26,20.12,1991,6,2,0.08999999999999986,0.44932601098353064,20.532333333333334,June
1991-06-27,20.41,1991,6,2,0.28999999999999915,1.4413518886679855,20.51133333333333,June
1991-06-28,20.56,1991,6,2,0.14999999999999858,0.7349338559529572,20.499666666666666,June
1991-07-01,20.78,1991,7,3,0.22000000000000242,1.070038910505855,20.486,July
1991-07-02,20.92,1991,7,3,0.14000000000000057,0.673724735322434,20.470333333333333,July
1991-07-03,20.69,1991,7,3,-0.23000000000000043,-1.099426386233271,20.461666666666666,July
1991-07-04,20.69,1991,7,3,0.0,0.0,20.45633333333333,July
1991-07-05,20.91,1991,7,3,0.21999999999999886,1.063315611406468,20.455000000000002,July
1991-07-08,21.29,1991,7,3,0.379999999999999,1.8173122907699568,20.46333333333333,July
1991-07-09,21.35,1991,7,3,0.060000000000002274,0.2818224518553514,20.463666666666665,July
1991-07-10,21.43,1991,7,3,0.0799999999999983,0.37470725995314424,20.476666666666667,July
1991-07-11,21.32,1991,7,3,-0.10999999999999943,-0.5132991133924403,20.477333333333334,July
1991-07-12,21.74,1991,7,3,0.41999999999999815,1.9699812382739212,20.496666666666666,July
1991-07-15,21.5,1991,7,3,-0.23999999999999844,-1.1039558417663242,20.508,July
1991-07-16,21.7,1991,7,3,0.1999999999999993,0.9302325581395321,20.534666666666666,July
1991-07-17,22.2,1991,7,3,0.5,2.304147465437789,20.593,July
1991-07-18,21.97,1991,7,3,-0.23000000000000043,-1.0360360360360366,20.646,July
1991-07-19,22.16,1991,7,3,0.19000000000000128,0.864815657715079,20.708666666666666,July
1991-07-22,21.74,1991,7,3,-0.4200000000000017,-1.895306859205781,20.772,July
1991-07-23,21.25,1991,7,3,-0.48999999999999844,-2.25390984360625,20.81866666666667,July
1991-07-24,21.41,1991,7,3,0.16000000000000014,0.7529411764705785,20.863,July
1991-07-25,21.11,1991,7,3,-0.3000000000000007,-1.4012143858010306,20.909666666666666,July
1991-07-26,21.48,1991,7,3,0.370000000000001,1.7527238275698798,20.969,July
1991-07-29,21.38,1991,7,3,-0.10000000000000142,-0.4655493482309203,21.016000000000002,July
1991-07-30,21.55,1991,7,3,0.1700000000000017,0.7951356407857935,21.064,July
1991-07-31,21.7,1991,7,3,0.14999999999999858,0.6960556844547439,21.121,July
1991-08-01,21.33,1991,8,3,-0.370000000000001,-1.7050691244239635,21.158,August
1991-08-02,21.35,1991,8,3,0.020000000000003126,0.09376465072667983,21.199666666666666,August
1991-08-05,21.5,1991,8,3,0.14999999999999858,0.7025761124121788,21.252333333333333,August
1991-08-06,21.39,1991,8,3,-0.10999999999999943,-0.5116279069767415,21.297666666666665,August
1991-08-07,21.38,1991,8,3,-0.010000000000001563,-0.046750818139329464,21.33966666666667,August
1991-08-08,21.6,1991,8,3,0.22000000000000242,1.028999064546321,21.37933333333333,August
1991-08-09,21.64,1991,8,3,0.03999999999999915,0.18518518518517713,21.41533333333333,August
1991-08-12,21.71,1991,8,3,0.07000000000000028,0.32347504621073053,21.44633333333333,August
1991-08-13,21.52,1991,8,3,-0.19000000000000128,-0.875172731460161,21.466333333333335,August
1991-08-14,21.3,1991,8,3,-0.21999999999999886,-1.0223048327137496,21.486666666666668,August
1991-08-15,21.39,1991,8,3,0.08999999999999986,0.42253521126760507,21.51,August
1991-08-16,21.29,1991,8,3,-0.10000000000000142,-0.4675081813931836,21.522666666666666,August
1991-08-19,22.5,1991,8,3,1.2100000000000009,5.683419445749172,21.563,August
1991-08-20,22.3,1991,8,3,-0.1999999999999993,-0.8888888888888835,21.59466666666667,August
1991-08-21,21.44,1991,8,3,-0.8599999999999994,-3.8565022421524597,21.595000000000002,August
1991-08-22,21.93,1991,8,3,0.48999999999999844,2.285447761194015,21.615333333333336,August
1991-08-23,21.78,1991,8,3,-0.14999999999999858,-0.6839945280437743,21.616666666666667,August
1991-08-26,21.98,1991,8,3,0.1999999999999993,0.9182736455463747,21.63266666666667,August
1991-08-27,21.86,1991,8,3,-0.120000000000001,-0.5459508644222066,21.637999999999998,August
1991-08-28,21.77,1991,8,3,-0.08999999999999986,-0.4117108874656883,21.62366666666667,August
1991-08-29,22.02,1991,8,3,0.25,1.1483693155718955,21.625333333333334,August
1991-08-30,22.28,1991,8,3,0.26000000000000156,1.180744777475029,21.62933333333333,August
1991-09-03,22.28,1991,9,3,0.0,0.0,21.647333333333332,September
1991-09-04,21.76,1991,9,3,-0.5199999999999996,-2.333931777378817,21.66433333333333,September
1991-09-05,21.75,1991,9,3,-0.010000000000001563,-0.04595588235294379,21.675666666666665,September
1991-09-06,21.56,1991,9,3,-0.19000000000000128,-0.873563218390816,21.69066666666667,September
1991-09-09,21.36,1991,9,3,-0.1999999999999993,-0.9276437847866359,21.686666666666667,September
1991-09-10,21.44,1991,9,3,0.08000000000000185,0.3745318352059934,21.688666666666666,September
1991-09-11,21.66,1991,9,3,0.21999999999999886,1.0261194029850706,21.692333333333337,September
1991-09-12,21.51,1991,9,3,-0.14999999999999858,-0.6925207756232621,21.686,September
1991-09-13,21.71,1991,9,3,0.1999999999999993,0.9298000929800043,21.698666666666664,September
1991-09-16,21.84,1991,9,3,0.129999999999999,0.5988023952095745,21.715,September
1991-09-17,21.73,1991,9,3,-0.10999999999999943,-0.5036630036630019,21.72266666666667,September
1991-09-18,21.87,1991,9,3,0.14000000000000057,0.644270593649332,21.73866666666667,September
1991-09-19,21.79,1991,9,3,-0.08000000000000185,-0.36579789666210116,21.752333333333333,September
1991-09-20,22.02,1991,9,3,0.23000000000000043,1.0555300596603923,21.766333333333332,September
1991-09-23,22.2,1991,9,3,0.17999999999999972,0.8174386920980936,21.785000000000004,September
1991-09-24,22.24,1991,9,3,0.03999999999999915,0.18018018018017834,21.802666666666667,September
1991-09-25,22.11,1991,9,3,-0.129999999999999,-0.5845323741007102,21.822333333333336,September
1991-09-26,22.23,1991,9,3,0.120000000000001,0.5427408412483015,21.853333333333335,September
1991-09-27,22.42,1991,9,3,0.19000000000000128,0.8547008547008517,21.887666666666668,September
1991-09-30,22.25,1991,9,3,-0.1700000000000017,-0.7582515611061602,21.919666666666668,September
1991-10-01,22.1,1991,10,4,-0.14999999999999858,-0.6741573033707815,21.906333333333336,October
1991-10-02,22.34,1991,10,4,0.23999999999999844,1.0859728506787292,21.907666666666664,October
1991-10-03,22.7,1991,10,4,0.35999999999999943,1.611459265890769,21.949666666666666,October
1991-10-04,22.64,1991,10,4,-0.05999999999999872,-0.2643171806167355,21.973333333333333,October
1991-10-07,22.99,1991,10,4,0.34999999999999787,1.545936395759706,22.013666666666666,October
1991-10-08,23.02,1991,10,4,0.030000000000001137,0.1304915180513344,22.048333333333332,October
1991-10-09,23.18,1991,10,4,0.16000000000000014,0.6950477845351966,22.092333333333336,October
1991-10-10,23.01,1991,10,4,-0.16999999999999815,-0.7333908541846346,22.133666666666667,October
1991-10-11,23.19,1991,10,4,0.17999999999999972,0.7822685788787531,22.172666666666665,October
1991-10-14,23.48,1991,10,4,0.28999999999999915,1.250539025441988,22.212666666666667,October
1991-10-15,23.89,1991,10,4,0.41000000000000014,1.7461669505962618,22.266333333333332,October
1991-10-16,23.67,1991,10,4,-0.21999999999999886,-0.9208874005860124,22.330000000000002,October
1991-10-17,23.96,1991,10,4,0.28999999999999915,1.225179552175737,22.403666666666666,October
1991-10-18,24.12,1991,10,4,0.16000000000000014,0.6677796327211993,22.488999999999997,October
1991-10-21,24.03,1991,10,4,-0.08999999999999986,-0.3731343283582045,22.578,October
1991-10-22,23.47,1991,10,4,-0.5600000000000023,-2.330420307948411,22.645666666666667,October
1991-10-23,23.14,1991,10,4,-0.3299999999999983,-1.4060502769492889,22.694999999999997,October
1991-10-24,23.47,1991,10,4,0.3299999999999983,1.4261019878997416,22.76033333333333,October
1991-10-25,23.18,1991,10,4,-0.28999999999999915,-1.235619940349375,22.809333333333335,October
1991-10-28,23.24,1991,10,4,0.05999999999999872,0.2588438308886998,22.856,October
1991-10-29,23.09,1991,10,4,-0.14999999999999858,-0.6454388984509452,22.901333333333334,October
1991-10-30,23.11,1991,10,4,0.019999999999999574,0.08661758336943048,22.942666666666664,October
1991-10-31,23.29,1991,10,4,0.17999999999999972,0.7788836001730859,22.992666666666665,October
1991-11-01,23.85,1991,11,4,0.5600000000000023,2.4044654358093664,23.05366666666667,November
1991-11-04,23.82,1991,11,4,-0.030000000000001137,-0.12578616352201255,23.107666666666667,November
1991-11-05,23.78,1991,11,4,-0.03999999999999915,-0.16792611251049694,23.159,November
1991-11-06,23.44,1991,11,4,-0.33999999999999986,-1.4297729184188368,23.203333333333333,November
1991-11-07,23.29,1991,11,4,-0.15000000000000213,-0.6399317406143412,23.238666666666667,November
1991-11-08,23.0,1991,11,4,-0.28999999999999915,-1.2451696006869906,23.258,November
1991-11-11,22.66,1991,11,4,-0.33999999999999986,-1.4782608695652177,23.271666666666665,November
1991-11-12,22.58,1991,11,4,-0.08000000000000185,-0.3530450132391949,23.287666666666667,November
1991-11-13,22.28,1991,11,4,-0.29999999999999716,-1.3286093888396633,23.285666666666668,November
1991-11-14,22.55,1991,11,4,0.2699999999999996,1.2118491921005337,23.280666666666665,November
1991-11-15,22.79,1991,11,4,0.23999999999999844,1.064301552106417,23.285666666666668,November
1991-11-18,22.38,1991,11,4,-0.41000000000000014,-1.7990346643264599,23.265333333333334,November
1991-11-19,21.88,1991,11,4,-0.5,-2.2341376228775744,23.227333333333334,November
1991-11-20,22.17,1991,11,4,0.2900000000000027,1.3254113345521068,23.193666666666665,November
1991-11-21,21.93,1991,11,4,-0.240000000000002,-1.0825439783491264,23.157666666666668,November
1991-11-22,21.85,1991,11,4,-0.0799999999999983,-0.3647970816233359,23.113,November
1991-11-25,22.15,1991,11,4,0.29999999999999716,1.3729977116704761,23.06866666666667,November
1991-11-26,21.04,1991,11,4,-1.1099999999999994,-5.011286681715577,22.973666666666666,November
1991-11-27,21.38,1991,11,4,0.33999999999999986,1.615969581749055,22.897333333333332,November
1991-11-28,21.38,1991,11,4,0.0,0.0,22.811333333333334,November
1991-11-29,21.48,1991,11,4,0.10000000000000142,0.467726847521055,22.723333333333336,November
1991-12-02,21.1,1991,12,4,-0.379999999999999,-1.7690875232774572,22.625666666666667,December
1991-12-03,20.61,1991,12,4,-0.490000000000002,-2.322274881516595,22.530333333333335,December
1991-12-04,20.75,1991,12,4,0.14000000000000057,0.679281901989337,22.45066666666667,December
1991-12-05,20.42,1991,12,4,-0.3299999999999983,-1.5903614457831283,22.349,December
1991-12-06,19.87,1991,12,4,-0.5500000000000007,-2.693437806072485,22.238666666666667,December
1991-12-09,19.39,1991,12,4,-0.4800000000000004,-2.415702063412184,22.110333333333337,December
1991-12-10,19.24,1991,12,4,-0.15000000000000213,-0.773594636410535,21.982000000000003,December
1991-12-11,19.54,1991,12,4,0.3000000000000007,1.5592515592515621,21.863,December
1991-12-12,19.94,1991,12,4,0.40000000000000213,2.0470829068577334,21.751333333333335,December
1991-12-13,20.09,1991,12,4,0.14999999999999858,0.7522567703109218,21.625999999999998,December
1991-12-16,19.78,1991,12,4,-0.3099999999999987,-1.5430562468889963,21.491333333333333,December
1991-12-17,19.45,1991,12,4,-0.33000000000000185,-1.6683518705763456,21.346999999999998,December
1991-12-18,19.39,1991,12,4,-0.05999999999999872,-0.30848329048842604,21.211999999999996,December
1991-12-19,19.12,1991,12,4,-0.2699999999999996,-1.392470345538932,21.072999999999997,December
1991-12-20,18.28,1991,12,4,-0.8399999999999999,-4.3933054393305415,20.915666666666667,December
1991-12-23,18.58,1991,12,4,0.29999999999999716,1.641137855579844,20.779666666666667,December
1991-12-24,18.68,1991,12,4,0.10000000000000142,0.5382131324004336,20.64966666666667,December
1991-12-26,18.63,1991,12,4,-0.05000000000000071,-0.2676659528907943,20.528000000000002,December
1991-12-27,18.82,1991,12,4,0.19000000000000128,1.0198604401502998,20.403666666666666,December
1991-12-30,18.63,1991,12,4,-0.19000000000000128,-1.0095642933049986,20.264999999999997,December
1991-12-31,19.15,1991,12,4,0.5199999999999996,2.791196994095535,20.157333333333334,December
1992-01-02,19.43,1992,1,1,0.28000000000000114,1.4621409921671047,20.075666666666667,January
1992-01-03,19.22,1992,1,1,-0.21000000000000085,-1.0808028821410187,19.977333333333334,January
1992-01-06,19.24,1992,1,1,0.019999999999999574,0.10405827263266776,19.887666666666668,January
1992-01-07,18.72,1992,1,1,-0.5199999999999996,-2.7027027027026973,19.783333333333335,January
1992-01-08,17.95,1992,1,1,-0.7699999999999996,-4.11324786324786,19.64333333333333,January
1992-01-09,17.89,1992,1,1,-0.05999999999999872,-0.3342618384401086,19.538333333333334,January
1992-01-10,18.26,1992,1,1,0.370000000000001,2.0681945220793807,19.43433333333333,January
1992-01-13,18.77,1992,1,1,0.509999999999998,2.792990142387719,19.34733333333333,January
1992-01-14,18.4,1992,1,1,-0.370000000000001,-1.9712306872669227,19.244666666666667,January
1992-01-15,18.83,1992,1,1,0.4299999999999997,2.336956521739131,19.168999999999997,January
1992-01-16,18.94,1992,1,1,0.11000000000000298,0.5841741901221553,19.113333333333333,January
1992-01-17,19.11,1992,1,1,0.16999999999999815,0.8975712777191003,19.058666666666667,January
1992-01-20,18.92,1992,1,1,-0.18999999999999773,-0.9942438513867002,19.008666666666667,January
1992-01-21,18.5,1992,1,1,-0.4200000000000017,-2.2198731501057223,18.963,January
1992-01-22,18.73,1992,1,1,0.23000000000000043,1.2432432432432527,18.941,January
1992-01-23,18.38,1992,1,1,-0.3500000000000014,-1.868659903897496,18.912333333333333,January
1992-01-24,18.75,1992,1,1,0.370000000000001,2.013057671381935,18.886000000000003,January
1992-01-27,19.35,1992,1,1,0.6000000000000014,3.200000000000003,18.866333333333333,January
1992-01-28,19.09,1992,1,1,-0.26000000000000156,-1.3436692506460068,18.833000000000002,January
1992-01-29,18.92,1992,1,1,-0.16999999999999815,-0.8905185961236128,18.804333333333332,January
1992-01-30,18.95,1992,1,1,0.029999999999997584,0.1585623678646897,18.787666666666667,January
1992-01-31,18.93,1992,1,1,-0.019999999999999574,-0.10554089709762238,18.772333333333336,January
1992-02-03,18.97,1992,2,1,0.03999999999999915,0.21130480718436484,18.767333333333333,February
1992-02-04,19.26,1992,2,1,0.2900000000000027,1.5287295730100237,18.8,February
1992-02-05,19.5,1992,2,1,0.23999999999999844,1.2461059190031154,18.83066666666667,February
1992-02-06,19.48,1992,2,1,-0.019999999999999574,-0.10256410256409554,18.85733333333333,February
1992-02-07,19.91,1992,2,1,0.4299999999999997,2.2073921971252464,18.9,February
1992-02-10,19.69,1992,2,1,-0.21999999999999886,-1.104972375690605,18.929,February
1992-02-11,19.36,1992,2,1,-0.33000000000000185,-1.6759776536312887,18.953333333333333,February
1992-02-12,19.29,1992,2,1,-0.07000000000000028,-0.3615702479338845,18.957999999999995,February
1992-02-13,19.7,1992,2,1,0.41000000000000014,2.12545360290306,18.967,February
1992-02-14,19.42,1992,2,1,-0.2799999999999976,-1.4213197969543012,18.973666666666663,February
1992-02-17,19.42,1992,2,1,0.0,0.0,18.979666666666667,February
1992-02-18,18.14,1992,2,1,-1.2800000000000011,-6.591143151390321,18.960333333333335,February
1992-02-19,18.42,1992,2,1,0.28000000000000114,1.5435501653803918,18.976,February
1992-02-20,18.52,1992,2,1,0.09999999999999787,0.5428881650379802,18.997,February
1992-02-21,18.6,1992,2,1,0.08000000000000185,0.4319654427645814,19.008333333333333,February
1992-02-24,18.37,1992,2,1,-0.23000000000000043,-1.236559139784943,18.995,February
1992-02-25,18.3,1992,2,1,-0.07000000000000028,-0.3810560696788312,18.991666666666667,February
1992-02-26,18.44,1992,2,1,0.14000000000000057,0.7650273224043769,18.978666666666665,February
1992-02-27,18.77,1992,2,1,0.3299999999999983,1.7895878524945674,18.973,February
1992-02-28,18.69,1992,2,1,-0.0799999999999983,-0.42621204049013706,18.959,February
1992-03-02,18.36,1992,3,1,-0.33000000000000185,-1.765650080256831,18.940333333333335,March
1992-03-03,18.67,1992,3,1,0.3100000000000023,1.6884531590414031,18.946,March
1992-03-04,18.62,1992,3,1,-0.05000000000000071,-0.26780931976433386,18.942333333333334,March
1992-03-05,18.58,1992,3,1,-0.0400000000000027,-0.21482277121376292,18.949,March
1992-03-06,18.53,1992,3,1,-0.04999999999999716,-0.2691065662001946,18.941666666666666,March
1992-03-09,18.65,1992,3,1,0.11999999999999744,0.6475984889368513,18.918333333333333,March
1992-03-10,18.62,1992,3,1,-0.029999999999997584,-0.16085790884716733,18.90266666666667,March
1992-03-11,18.5,1992,3,1,-0.120000000000001,-0.6444683136412555,18.888666666666666,March
1992-03-12,18.86,1992,3,1,0.35999999999999943,1.9459459459459483,18.88566666666667,March
1992-03-13,19.16,1992,3,1,0.3000000000000007,1.590668080593849,18.89333333333333,March
1992-03-16,19.15,1992,3,1,-0.010000000000001563,-0.052192066805856197,18.89933333333333,March
1992-03-17,19.27,1992,3,1,0.120000000000001,0.6266318537859084,18.89966666666667,March
1992-03-18,19.05,1992,3,1,-0.21999999999999886,-1.1416709911779899,18.884666666666664,March
1992-03-19,19.27,1992,3,1,0.21999999999999886,1.1548556430446055,18.877666666666666,March
1992-03-20,18.78,1992,3,1,-0.48999999999999844,-2.5428126621691693,18.839999999999996,March
1992-03-23,18.91,1992,3,1,0.129999999999999,0.6922257720979763,18.814000000000004,March
1992-03-24,19.06,1992,3,1,0.14999999999999858,0.7932310946588972,18.804,March
1992-03-25,19.0,1992,3,1,-0.05999999999999872,-0.31479538300104304,18.794333333333334,March
1992-03-26,19.31,1992,3,1,0.3099999999999987,1.6315789473684061,18.781333333333336,March
1992-03-27,19.19,1992,3,1,-0.11999999999999744,-0.6214396685654933,18.773666666666667,March
1992-03-30,19.25,1992,3,1,0.05999999999999872,0.31266284523188137,18.767999999999997,March
1992-03-31,19.49,1992,3,1,0.23999999999999844,1.2467532467532294,18.813,March
1992-04-01,19.85,1992,4,2,0.360000000000003,1.8471010774756547,18.860666666666667,April
1992-04-02,19.79,1992,4,2,-0.060000000000002274,-0.3022670025189078,18.903000000000002,April
1992-04-03,20.25,1992,4,2,0.46000000000000085,2.3244062657908016,18.958000000000002,April
1992-04-06,20.44,1992,4,2,0.19000000000000128,0.9382716049382678,19.027,April
1992-04-07,20.29,1992,4,2,-0.15000000000000213,-0.7338551859099929,19.09333333333333,April
1992-04-08,20.64,1992,4,2,0.3500000000000014,1.724987678659451,19.166666666666668,April
1992-04-09,20.33,1992,4,2,-0.3100000000000023,-1.5019379844961378,19.218666666666667,April
1992-04-10,20.45,1992,4,2,0.120000000000001,0.5902606984751646,19.27733333333333,April
1992-04-13,20.24,1992,4,2,-0.21000000000000085,-1.0268948655256738,19.339999999999996,April
1992-04-14,19.81,1992,4,2,-0.4299999999999997,-2.1245059288537482,19.378,April
1992-04-15,19.93,1992,4,2,0.120000000000001,0.6057546693589044,19.421666666666667,April
1992-04-16,20.25,1992,4,2,0.3200000000000003,1.6056196688409408,19.47733333333333,April
1992-04-20,20.26,1992,4,2,0.010000000000001563,0.04938271604939537,19.535,April
1992-04-21,20.17,1992,4,2,-0.08999999999999986,-0.44422507403750755,19.58566666666667,April
1992-04-22,19.92,1992,4,2,-0.25,-1.2394645513138292,19.629,April
1992-04-23,19.91,1992,4,2,-0.010000000000001563,-0.05020080321286313,19.676,April
1992-04-24,20.05,1992,4,2,0.14000000000000057,0.7031642390758375,19.715666666666667,April
1992-04-27,20.31,1992,4,2,0.259999999999998,1.2967581047381493,19.754,April
1992-04-28,20.29,1992,4,2,-0.019999999999999574,-0.0984736582964052,19.791999999999998,April
1992-04-29,20.77,1992,4,2,0.4800000000000004,2.365697387875798,19.842,April
1992-04-30,20.88,1992,4,2,0.10999999999999943,0.5296100144439153,19.903000000000002,April
1992-05-01,20.88,1992,5,2,0.0,0.0,19.956666666666667,May
1992-05-04,21.13,1992,5,2,0.25,1.1973180076628287,20.035000000000004,May
1992-05-05,20.78,1992,5,2,-0.34999999999999787,-1.6564126833885418,20.09733333333333,May
1992-05-06,20.79,1992,5,2,0.00999999999999801,0.048123195380167516,20.154999999999998,May
1992-05-07,20.73,1992,5,2,-0.05999999999999872,-0.28860028860028253,20.212666666666667,May
1992-05-08,20.85,1992,5,2,0.120000000000001,0.5788712011577379,20.264,May
1992-05-11,21.02,1992,5,2,0.16999999999999815,0.8153477218225236,20.325,May
1992-05-12,20.98,1992,5,2,-0.03999999999999915,-0.19029495718363432,20.38266666666667,May
1992-05-13,20.75,1992,5,2,-0.23000000000000043,-1.096282173498575,20.424666666666667,May
1992-05-14,20.56,1992,5,2,-0.19000000000000128,-0.9156626506024113,20.44833333333333,May
1992-05-15,20.7,1992,5,2,0.14000000000000057,0.6809338521400754,20.478666666666665,May
1992-05-18,20.54,1992,5,2,-0.16000000000000014,-0.7729468599033784,20.488333333333333,May
1992-05-19,20.12,1992,5,2,-0.41999999999999815,-2.0447906523855752,20.477666666666664,May
1992-05-20,20.2,1992,5,2,0.0799999999999983,0.397614314115291,20.474666666666668,May
1992-05-21,20.79,1992,5,2,0.5899999999999999,2.9207920792079234,20.479666666666667,May
1992-05-22,20.79,1992,5,2,0.0,0.0,20.495,May
1992-05-26,21.8,1992,5,2,1.0100000000000016,4.8581048581048725,20.540000000000003,May
1992-05-27,22.0,1992,5,2,0.1999999999999993,0.917431192660545,20.598666666666666,May
1992-05-28,21.97,1992,5,2,-0.030000000000001137,-0.13636363636364557,20.670666666666666,May
1992-05-29,22.13,1992,5,2,0.16000000000000014,0.7282658170232104,20.744000000000003,May
1992-06-01,22.07,1992,6,2,-0.05999999999999872,-0.2711251694532235,20.804666666666666,June
1992-06-02,22.2,1992,6,2,0.129999999999999,0.5890348889895813,20.869333333333334,June
1992-06-03,22.45,1992,6,2,0.25,1.1261261261261257,20.94533333333333,June
1992-06-04,22.53,1992,6,2,0.08000000000000185,0.35634743875279096,21.032333333333334,June
1992-06-05,22.65,1992,6,2,0.11999999999999744,0.5326231691078487,21.12366666666667,June
1992-06-08,22.43,1992,6,2,-0.21999999999999886,-0.9713024282560712,21.202999999999996,June
1992-06-09,22.23,1992,6,2,-0.1999999999999993,-0.8916629514043706,21.267,June
1992-06-10,22.49,1992,6,2,0.259999999999998,1.1695906432748426,21.340333333333334,June
1992-06-11,22.33,1992,6,2,-0.16000000000000014,-0.7114273010226824,21.392333333333333,June
1992-06-12,22.28,1992,6,2,-0.04999999999999716,-0.22391401701745695,21.439,June
1992-06-15,22.38,1992,6,2,0.09999999999999787,0.4488330341112956,21.488999999999997,June
1992-06-16,22.23,1992,6,2,-0.14999999999999858,-0.6702412868632601,21.525666666666666,June
1992-06-17,22.3,1992,6,2,0.07000000000000028,0.31488978857399097,21.57633333333333,June
1992-06-18,22.23,1992,6,2,-0.07000000000000028,-0.3139013452914785,21.624333333333333,June
1992-06-19,22.16,1992,6,2,-0.07000000000000028,-0.31488978857400207,21.672,June
1992-06-22,22.47,1992,6,2,0.3099999999999987,1.398916967509023,21.726,June
1992-06-23,22.74,1992,6,2,0.2699999999999996,1.2016021361815676,21.783333333333335,June
1992-06-24,23.03,1992,6,2,0.2900000000000027,1.2752858399296407,21.851666666666667,June
1992-06-25,22.73,1992,6,2,-0.3000000000000007,-1.302648719062094,21.917666666666666,June
1992-06-26,22.42,1992,6,2,-0.3099999999999987,-1.363836339639235,21.97966666666667,June
1992-06-29,22.27,1992,6,2,-0.15000000000000213,-0.6690454950936786,22.032,June
1992-06-30,21.84,1992,6,2,-0.4299999999999997,-1.9308486753479959,22.075333333333333,June
1992-07-01,21.9,1992,7,3,0.05999999999999872,0.27472527472527375,22.134666666666668,July
1992-07-02,22.08,1992,7,3,0.17999999999999972,0.8219178082191858,22.197333333333333,July
1992-07-03,22.08,1992,7,3,0.0,0.0,22.240333333333336,July
1992-07-06,21.87,1992,7,3,-0.2099999999999973,-0.9510869565217295,22.276333333333334,July
1992-07-07,21.51,1992,7,3,-0.35999999999999943,-1.6460905349794164,22.266666666666666,July
1992-07-08,21.38,1992,7,3,-0.13000000000000256,-0.6043700604370206,22.246,July
1992-07-09,21.38,1992,7,3,0.0,0.0,22.226333333333333,July
1992-07-10,21.25,1992,7,3,-0.129999999999999,-0.6080449017773604,22.197,July
1992-07-13,21.38,1992,7,3,0.129999999999999,0.6117647058823561,22.174,July
1992-07-14,21.42,1992,7,3,0.0400000000000027,0.187090739008422,22.148,July
1992-07-15,21.73,1992,7,3,0.3099999999999987,1.4472455648926186,22.124000000000002,July
1992-07-16,21.8,1992,7,3,0.07000000000000028,0.3221352968246771,22.099666666666668,July
1992-07-17,21.56,1992,7,3,-0.240000000000002,-1.1009174311926717,22.063333333333333,July
1992-07-20,21.78,1992,7,3,0.22000000000000242,1.0204081632653184,22.041666666666668,July
1992-07-21,21.91,1992,7,3,0.129999999999999,0.5968778696051391,22.031000000000002,July
1992-07-22,21.99,1992,7,3,0.0799999999999983,0.3651300775901367,22.014333333333337,July
1992-07-23,22.11,1992,7,3,0.120000000000001,0.5457025920873271,22.006999999999998,July
1992-07-24,21.95,1992,7,3,-0.16000000000000014,-0.7236544549977353,21.996,July
1992-07-27,22.09,1992,7,3,0.14000000000000057,0.6378132118451063,21.986333333333334,July
1992-07-28,22.03,1992,7,3,-0.05999999999999872,-0.27161611588953916,21.979666666666667,July
1992-07-29,21.98,1992,7,3,-0.05000000000000071,-0.22696323195642298,21.969,July
1992-07-30,21.82,1992,7,3,-0.16000000000000014,-0.7279344858962755,21.955333333333332,July
1992-07-31,21.83,1992,7,3,0.00999999999999801,0.04582951420712966,21.944333333333336,July
1992-08-03,21.6,1992,8,3,-0.22999999999999687,-1.0535959688501961,21.915333333333333,August
1992-08-04,21.23,1992,8,3,-0.370000000000001,-1.7129629629629717,21.865000000000002,August
1992-08-05,21.18,1992,8,3,-0.05000000000000071,-0.23551577955723824,21.803333333333335,August
1992-08-06,21.41,1992,8,3,0.23000000000000043,1.0859301227573281,21.759333333333334,August
1992-08-07,21.27,1992,8,3,-0.14000000000000057,-0.6539000467071454,21.720999999999997,August
1992-08-10,21.12,1992,8,3,-0.14999999999999858,-0.705218617771497,21.682666666666663,August
1992-08-11,21.0,1992,8,3,-0.120000000000001,-0.5681818181818232,21.654666666666667,August
1992-08-12,21.13,1992,8,3,0.129999999999999,0.619047619047608,21.628999999999998,August
1992-08-13,21.35,1992,8,3,0.22000000000000242,1.0411736867013799,21.604666666666667,August
1992-08-14,21.31,1992,8,3,-0.0400000000000027,-0.18735362997659433,21.579,August
1992-08-17,21.47,1992,8,3,0.16000000000000014,0.750821210699204,21.56566666666667,August
1992-08-18,21.54,1992,8,3,0.07000000000000028,0.3260363297624691,21.566666666666666,August
1992-08-19,21.33,1992,8,3,-0.21000000000000085,-0.9749303621169991,21.564999999999998,August
1992-08-20,21.4,1992,8,3,0.07000000000000028,0.3281762775433572,21.56566666666667,August
1992-08-21,21.19,1992,8,3,-0.2099999999999973,-0.9813084112149428,21.563666666666666,August
1992-08-24,21.85,1992,8,3,0.6600000000000001,3.11467673430863,21.579333333333334,August
1992-08-25,21.6,1992,8,3,-0.25,-1.1441647597253968,21.585333333333335,August
1992-08-26,21.24,1992,8,3,-0.360000000000003,-1.666666666666683,21.569000000000003,August
1992-08-27,21.14,1992,8,3,-0.09999999999999787,-0.47080979284368496,21.547,August
1992-08-28,21.3,1992,8,3,0.16000000000000014,0.7568590350047311,21.538333333333334,August
1992-08-31,21.46,1992,8,3,0.16000000000000014,0.7511737089201942,21.52766666666667,August
1992-09-01,21.72,1992,9,3,0.259999999999998,1.2115563839701693,21.521333333333335,September
1992-09-02,21.65,1992,9,3,-0.07000000000000028,-0.32228360957642366,21.51,September
1992-09-03,21.69,1992,9,3,0.0400000000000027,0.18475750577369165,21.496,September
1992-09-04,21.77,1992,9,3,0.0799999999999983,0.36883356385430943,21.490000000000002,September
1992-09-07,21.77,1992,9,3,0.0,0.0,21.479333333333333,September
1992-09-08,21.98,1992,9,3,0.21000000000000085,0.9646302250803984,21.477666666666668,September
1992-09-09,22.0,1992,9,3,0.019999999999999574,0.09099181073703999,21.478333333333335,September
1992-09-10,21.93,1992,9,3,-0.07000000000000028,-0.31818181818181746,21.482000000000003,September
1992-09-11,22.0,1992,9,3,0.07000000000000028,0.31919744642043835,21.487666666666666,September
1992-09-14,22.35,1992,9,3,0.3500000000000014,1.5909090909090873,21.512666666666668,September
1992-09-15,22.13,1992,9,3,-0.22000000000000242,-0.9843400447427375,21.542666666666666,September
1992-09-16,22.39,1992,9,3,0.26000000000000156,1.1748757342973315,21.583000000000002,September
1992-09-17,22.23,1992,9,3,-0.16000000000000014,-0.7146047342563633,21.610333333333337,September
1992-09-18,21.96,1992,9,3,-0.2699999999999996,-1.2145748987854255,21.633333333333333,September
1992-09-21,21.91,1992,9,3,-0.05000000000000071,-0.22768670309654127,21.65966666666667,September
1992-09-22,21.78,1992,9,3,-0.129999999999999,-0.5933363760839749,21.68566666666667,September
1992-09-23,21.78,1992,9,3,0.0,0.0,21.707333333333334,September
1992-09-24,21.57,1992,9,3,-0.21000000000000085,-0.9641873278236957,21.71466666666667,September
1992-09-25,21.51,1992,9,3,-0.05999999999999872,-0.2781641168289273,21.721333333333334,September
1992-09-28,21.78,1992,9,3,0.2699999999999996,1.2552301255230214,21.731666666666666,September
1992-09-29,21.66,1992,9,3,-0.120000000000001,-0.5509641873278293,21.735666666666663,September
1992-09-30,21.83,1992,9,3,0.16999999999999815,0.7848568790396859,21.752333333333336,September
1992-10-01,21.83,1992,10,4,0.0,0.0,21.766666666666666,October
1992-10-02,21.93,1992,10,4,0.10000000000000142,0.4580852038479133,21.791333333333334,October
1992-10-05,21.76,1992,10,4,-0.16999999999999815,-0.7751937984496027,21.788333333333334,October
1992-10-06,21.85,1992,10,4,0.08999999999999986,0.4136029411764719,21.796666666666667,October
1992-10-07,21.89,1992,10,4,0.03999999999999915,0.18306636155605016,21.81833333333333,October
1992-10-08,21.99,1992,10,4,0.09999999999999787,0.4568296025582397,21.846666666666668,October
1992-10-09,21.99,1992,10,4,0.0,0.0,21.869666666666667,October
1992-10-12,22.28,1992,10,4,0.2900000000000027,1.3187812642110108,21.897,October
1992-10-13,22.12,1992,10,4,-0.16000000000000014,-0.7181328545781018,21.91033333333333,October
1992-10-14,22.16,1992,10,4,0.03999999999999915,0.1808318264014508,21.92733333333333,October
1992-10-15,22.37,1992,10,4,0.21000000000000085,0.9476534296029016,21.95,October
1992-10-16,22.31,1992,10,4,-0.060000000000002274,-0.26821636119804815,21.968,October
1992-10-19,22.18,1992,10,4,-0.129999999999999,-0.5826983415508691,21.981666666666666,October
1992-10-20,21.88,1992,10,4,-0.3000000000000007,-1.352569882777277,21.97833333333333,October
1992-10-21,21.49,1992,10,4,-0.39000000000000057,-1.782449725776969,21.961333333333332,October
1992-10-22,21.22,1992,10,4,-0.2699999999999996,-1.2563983248022326,21.937666666666665,October
1992-10-23,21.11,1992,10,4,-0.10999999999999943,-0.5183788878416529,21.908,October
1992-10-26,21.14,1992,10,4,0.030000000000001137,0.142112742775935,21.867666666666665,October
1992-10-27,21.03,1992,10,4,-0.10999999999999943,-0.5203405865657484,21.831,October
1992-10-28,21.17,1992,10,4,0.14000000000000057,0.6657156443176548,21.790333333333333,October
1992-10-29,20.71,1992,10,4,-0.46000000000000085,-2.1728861596599036,21.739666666666665,October
1992-10-30,20.68,1992,10,4,-0.030000000000001137,-0.14485755673587786,21.697000000000003,October
1992-11-02,20.77,1992,11,4,0.08999999999999986,0.4352030947775587,21.659,November
1992-11-03,20.6,1992,11,4,-0.16999999999999815,-0.8184882041405772,21.619666666666667,November
1992-11-04,20.33,1992,11,4,-0.2700000000000031,-1.3106796116505004,21.57133333333333,November
1992-11-05,20.62,1992,11,4,0.2900000000000027,1.4264633546483108,21.539666666666665,November
1992-11-06,20.26,1992,11,4,-0.35999999999999943,-1.745877788554795,21.497999999999998,November
1992-11-09,20.63,1992,11,4,0.36999999999999744,1.8262586377097545,21.459666666666667,November
1992-11-10,20.54,1992,11,4,-0.08999999999999986,-0.43625787687833206,21.422333333333334,November
1992-11-11,20.46,1992,11,4,-0.0799999999999983,-0.3894839337877265,21.376666666666665,November
1992-11-12,20.19,1992,11,4,-0.2699999999999996,-1.319648093841641,21.322,November
1992-11-13,20.04,1992,11,4,-0.15000000000000213,-0.7429420505200679,21.259,November
1992-11-16,20.37,1992,11,4,0.33000000000000185,1.646706586826352,21.212666666666667,November
1992-11-17,20.32,1992,11,4,-0.05000000000000071,-0.2454590083456054,21.16166666666667,November
1992-11-18,20.21,1992,11,4,-0.10999999999999943,-0.5413385826771644,21.105666666666668,November
1992-11-19,20.5,1992,11,4,0.28999999999999915,1.4349332013854577,21.056,November
1992-11-20,20.37,1992,11,4,-0.129999999999999,-0.6341463414634152,21.002000000000002,November
1992-11-23,20.01,1992,11,4,-0.35999999999999943,-1.767304860088359,20.926333333333336,November
1992-11-24,20.06,1992,11,4,0.04999999999999716,0.2498750624687407,20.857666666666667,November
1992-11-25,20.29,1992,11,4,0.23000000000000043,1.1465603190428775,20.79533333333333,November
1992-11-27,20.29,1992,11,4,0.0,0.0,20.726000000000003,November
1992-11-30,19.91,1992,11,4,-0.379999999999999,-1.872843765401666,20.646,November
1992-12-01,19.56,1992,12,4,-0.3500000000000014,-1.7579105976896159,20.558666666666667,December
1992-12-02,19.38,1992,12,4,-0.17999999999999972,-0.9202453987730008,20.47533333333333,December
1992-12-03,19.08,1992,12,4,-0.3000000000000007,-1.547987616099078,20.395,December
1992-12-04,18.95,1992,12,4,-0.129999999999999,-0.6813417190775661,20.319333333333336,December
1992-12-07,19.17,1992,12,4,0.22000000000000242,1.1609498680738906,20.254666666666665,December
1992-12-08,18.69,1992,12,4,-0.4800000000000004,-2.5039123630672955,20.173000000000002,December
1992-12-09,18.86,1992,12,4,0.16999999999999815,0.9095773140716856,20.100666666666665,December
1992-12-10,19.26,1992,12,4,0.40000000000000213,2.1208907741251393,20.037,December
1992-12-11,19.09,1992,12,4,-0.1700000000000017,-0.8826583592938864,19.983,December
1992-12-14,19.06,1992,12,4,-0.030000000000001137,-0.15715034049240684,19.929,December
1992-12-15,18.94,1992,12,4,-0.11999999999999744,-0.6295907660020861,19.868,December
1992-12-16,19.42,1992,12,4,0.4800000000000004,2.5343189017951406,19.828666666666667,December
1992-12-17,19.68,1992,12,4,0.259999999999998,1.3388259526261548,19.807000000000002,December
1992-12-18,19.81,1992,12,4,0.129999999999999,0.6605691056910556,19.780000000000005,December
1992-12-21,19.92,1992,12,4,0.11000000000000298,0.5552751135790235,19.768666666666668,December
1992-12-22,19.79,1992,12,4,-0.13000000000000256,-0.6526104417670764,19.740666666666666,December
1992-12-23,19.97,1992,12,4,0.17999999999999972,0.9095502779181475,19.721666666666668,December
1992-12-24,19.97,1992,12,4,0.0,0.0,19.705333333333336,December
1992-12-28,19.77,1992,12,4,-0.1999999999999993,-1.001502253380071,19.691333333333333,December
1992-12-29,19.62,1992,12,4,-0.14999999999999858,-0.7587253414263917,19.677333333333333,December
1992-12-30,19.63,1992,12,4,0.00999999999999801,0.05096839959224386,19.65266666666667,December
1992-12-31,19.49,1992,12,4,-0.14000000000000057,-0.713194090677538,19.625,December
1993-01-04,19.03,1993,1,1,-0.4599999999999973,-2.360184710107738,19.585666666666665,January
1993-01-05,19.13,1993,1,1,0.09999999999999787,0.5254860746190193,19.54,January
1993-01-06,19.03,1993,1,1,-0.09999999999999787,-0.5227391531625658,19.49533333333333,January
1993-01-07,18.92,1993,1,1,-0.10999999999999943,-0.578034682080919,19.459,January
1993-01-08,18.9,1993,1,1,-0.020000000000003126,-0.10570824524314126,19.420333333333335,January
1993-01-11,18.78,1993,1,1,-0.11999999999999744,-0.6349206349206216,19.37,January
1993-01-12,18.21,1993,1,1,-0.5700000000000003,-3.0351437699680517,19.300666666666665,January
1993-01-13,18.51,1993,1,1,0.3000000000000007,1.6474464579901094,19.254,January
1993-01-14,18.71,1993,1,1,0.1999999999999993,1.080497028633176,19.22566666666667,January
1993-01-15,18.89,1993,1,1,0.17999999999999972,0.9620523784072743,19.209333333333337,January
1993-01-18,18.94,1993,1,1,0.05000000000000071,0.2646903123345812,19.204666666666665,January
1993-01-19,18.4,1993,1,1,-0.5400000000000027,-2.85110876451955,19.18633333333333,January
1993-01-20,18.35,1993,1,1,-0.04999999999999716,-0.27173913043476716,19.159,January
1993-01-21,18.71,1993,1,1,0.35999999999999943,1.961852861035429,19.159666666666666,January
1993-01-22,18.64,1993,1,1,-0.07000000000000028,-0.37413148049171285,19.152333333333335,January
1993-01-25,19.51,1993,1,1,0.870000000000001,4.667381974248941,19.160666666666664,January
1993-01-26,19.67,1993,1,1,0.16000000000000014,0.8200922603792904,19.180000000000003,January
1993-01-27,19.66,1993,1,1,-0.010000000000001563,-0.050838840874434243,19.2,January
1993-01-28,20.38,1993,1,1,0.7199999999999989,3.662258392675488,19.248,January
1993-01-29,20.27,1993,1,1,-0.10999999999999943,-0.539744847890089,19.276333333333334,January
1993-02-01,20.32,1993,2,1,0.05000000000000071,0.24666995559941007,19.297666666666668,February
1993-02-02,20.0,1993,2,1,-0.3200000000000003,-1.5748031496062964,19.304,February
1993-02-04,20.29,1993,2,1,0.28999999999999915,1.4499999999999957,19.316333333333333,February
1993-02-05,20.27,1993,2,1,-0.019999999999999574,-0.09857072449481752,19.332333333333334,February
1993-02-08,20.07,1993,2,1,-0.1999999999999993,-0.9866798223976292,19.33566666666667,February
1993-02-09,20.12,1993,2,1,0.05000000000000071,0.24912805181864783,19.340666666666667,February
1993-02-10,20.2,1993,2,1,0.0799999999999983,0.397614314115291,19.355,February
1993-02-11,20.29,1993,2,1,0.08999999999999986,0.44554455445544594,19.377333333333336,February
1993-02-12,19.96,1993,2,1,-0.3299999999999983,-1.6264169541646,19.388333333333332,February
1993-02-16,19.59,1993,2,1,-0.370000000000001,-1.853707414829664,19.391666666666666,February
1993-02-17,19.3,1993,2,1,-0.28999999999999915,-1.4803471158754467,19.400666666666666,February
1993-02-18,19.44,1993,2,1,0.14000000000000057,0.7253886010362809,19.411,February
1993-02-19,19.69,1993,2,1,0.25,1.2860082304526843,19.433,February
1993-02-22,20.08,1993,2,1,0.389999999999997,1.980700863382423,19.471666666666668,February
1993-02-23,20.49,1993,2,1,0.41000000000000014,2.0418326693227185,19.52466666666667,February
1993-02-24,20.28,1993,2,1,-0.2099999999999973,-1.0248901903367358,19.574666666666666,February
1993-02-25,20.63,1993,2,1,0.34999999999999787,1.725838264299795,19.65533333333333,February
1993-02-26,20.53,1993,2,1,-0.09999999999999787,-0.4847309743092443,19.722666666666665,February
1993-03-01,20.62,1993,3,1,0.08999999999999986,0.4383828543594648,19.78633333333333,March
1993-03-02,20.48,1993,3,1,-0.14000000000000057,-0.6789524733268659,19.839333333333332,March
1993-03-03,20.46,1993,3,1,-0.019999999999999574,-0.09765625,19.89,March
1993-03-04,21.05,1993,3,1,0.5899999999999999,2.883675464320623,19.97833333333333,March
1993-03-05,20.85,1993,3,1,-0.1999999999999993,-0.9501187648455978,20.061666666666667,March
1993-03-08,20.63,1993,3,1,-0.22000000000000242,-1.0551558752997736,20.125666666666667,March
1993-03-09,20.71,1993,3,1,0.08000000000000185,0.38778477944740875,20.194666666666667,March
1993-03-10,20.42,1993,3,1,-0.28999999999999915,-1.4002897151134674,20.225,March
1993-03-11,20.12,1993,3,1,-0.3000000000000007,-1.4691478942213565,20.24,March
1993-03-12,20.38,1993,3,1,0.259999999999998,1.2922465208747402,20.264,March
1993-03-15,20.18,1993,3,1,-0.1999999999999993,-0.9813542688910659,20.257333333333335,March
1993-03-16,20.04,1993,3,1,-0.14000000000000057,-0.6937561942517378,20.249666666666666,March
1993-03-17,20.14,1993,3,1,0.10000000000000142,0.4990019960079861,20.243666666666666,March
1993-03-18,20.29,1993,3,1,0.14999999999999858,0.7447864945382188,20.25333333333333,March
1993-03-19,20.05,1993,3,1,-0.23999999999999844,-1.182848693937888,20.245333333333335,March
1993-03-22,19.52,1993,3,1,-0.5300000000000011,-2.643391521197014,20.220333333333333,March
1993-03-23,19.98,1993,3,1,0.46000000000000085,2.3565573770491843,20.217333333333332,March
1993-03-24,19.97,1993,3,1,-0.010000000000001563,-0.05005005005005447,20.212333333333333,March
1993-03-25,20.12,1993,3,1,0.15000000000000213,0.7511266900350533,20.20966666666667,March
1993-03-26,20.42,1993,3,1,0.3000000000000007,1.491053677932408,20.214,March
1993-03-29,20.27,1993,3,1,-0.15000000000000213,-0.7345739471106838,20.224333333333334,March
1993-03-30,20.27,1993,3,1,0.0,0.0,20.247,March
1993-03-31,20.44,1993,3,1,0.1700000000000017,0.8386778490379942,20.285000000000004,March
1993-04-01,20.54,1993,4,2,0.09999999999999787,0.4892367906066397,20.321666666666665,April
1993-04-02,20.67,1993,4,2,0.13000000000000256,0.6329113924050667,20.354333333333336,April
1993-04-05,20.59,1993,4,2,-0.08000000000000185,-0.38703434929850955,20.371333333333332,April
1993-04-06,20.33,1993,4,2,-0.26000000000000156,-1.2627489072365328,20.366,April
1993-04-07,20.35,1993,4,2,0.020000000000003126,0.0983767830792015,20.368333333333336,April
1993-04-08,20.22,1993,4,2,-0.13000000000000256,-0.6388206388206474,20.354666666666667,April
1993-04-12,20.43,1993,4,2,0.21000000000000085,1.0385756676557945,20.351333333333336,April
1993-04-13,20.28,1993,4,2,-0.14999999999999858,-0.7342143906020504,20.34,April
1993-04-14,20.38,1993,4,2,0.09999999999999787,0.4930966469427922,20.336666666666666,April
1993-04-15,20.21,1993,4,2,-0.16999999999999815,-0.8341511285574033,20.328333333333333,April
1993-04-16,20.09,1993,4,2,-0.120000000000001,-0.5937654626422595,20.296333333333337,April
1993-04-19,19.99,1993,4,2,-0.10000000000000142,-0.49776007964161817,20.267666666666667,April
1993-04-20,20.05,1993,4,2,0.060000000000002274,0.30015007503751967,20.248333333333335,April
1993-04-21,19.99,1993,4,2,-0.060000000000002274,-0.299251870324202,20.224333333333334,April
1993-04-22,19.79,1993,4,2,-0.1999999999999993,-1.0005002501250582,20.203333333333333,April
1993-04-23,19.93,1993,4,2,0.14000000000000057,0.707427993936327,20.197000000000003,April
1993-04-26,19.83,1993,4,2,-0.10000000000000142,-0.5017561465127995,20.17866666666667,April
1993-04-27,20.21,1993,4,2,0.38000000000000256,1.9162884518406642,20.179666666666666,April
1993-04-29,20.63,1993,4,2,0.41999999999999815,2.0781791192478805,20.199333333333335,April
1993-04-30,20.54,1993,4,2,-0.08999999999999986,-0.43625787687833206,20.212666666666667,April
1993-05-03,20.58,1993,5,2,0.03999999999999915,0.19474196689386325,20.222333333333335,May
1993-05-04,20.4,1993,5,2,-0.17999999999999972,-0.8746355685131157,20.233999999999998,May
1993-05-05,20.46,1993,5,2,0.060000000000002274,0.2941176470588447,20.265333333333334,May
1993-05-06,20.49,1993,5,2,0.029999999999997584,0.14662756598238236,20.282333333333334,May
1993-05-07,20.43,1993,5,2,-0.05999999999999872,-0.2928257686676372,20.297666666666665,May
1993-05-10,20.42,1993,5,2,-0.00999999999999801,-0.04894762604013003,20.307666666666663,May
1993-05-11,20.38,1993,5,2,-0.0400000000000027,-0.19588638589619345,20.30633333333333,May
1993-05-12,20.19,1993,5,2,-0.18999999999999773,-0.9322865554465043,20.30366666666667,May
1993-05-13,19.8,1993,5,2,-0.39000000000000057,-1.9316493313521588,20.288,May
1993-05-14,19.51,1993,5,2,-0.28999999999999915,-1.4646464646464574,20.256999999999998,May
1993-05-17,19.51,1993,5,2,0.0,0.0,20.22266666666667,May
1993-05-18,19.32,1993,5,2,-0.19000000000000128,-0.9738595592004184,20.177666666666664,May
1993-05-19,19.15,1993,5,2,-0.1700000000000017,-0.8799171842650222,20.129666666666665,May
1993-05-20,19.56,1993,5,2,0.41000000000000014,2.1409921671018184,20.104,May
1993-05-21,19.6,1993,5,2,0.0400000000000027,0.2044989775051187,20.079,May
1993-05-24,19.43,1993,5,2,-0.1700000000000017,-0.867346938775515,20.052666666666667,May
1993-05-25,19.75,1993,5,2,0.3200000000000003,1.6469377251672634,20.029999999999998,May
1993-05-26,19.92,1993,5,2,0.1700000000000017,0.860759493670904,20.017999999999997,May
1993-05-27,20.05,1993,5,2,0.129999999999999,0.6526104417670542,20.007,May
1993-05-28,20.04,1993,5,2,-0.010000000000001563,-0.04987531172070403,20.00133333333333,May
1993-06-01,20.2,1993,6,2,0.16000000000000014,0.7984031936127733,20.005,June
1993-06-02,20.05,1993,6,2,-0.14999999999999858,-0.7425742574257321,20.007,June
1993-06-03,19.77,1993,6,2,-0.28000000000000114,-1.3965087281795574,19.997666666666664,June
1993-06-04,19.79,1993,6,2,0.019999999999999574,0.10116337885686111,19.991,June
1993-06-07,19.6,1993,6,2,-0.18999999999999773,-0.9600808489135804,19.984666666666666,June
1993-06-08,19.65,1993,6,2,0.04999999999999716,0.25510204081631294,19.97533333333333,June
1993-06-09,19.66,1993,6,2,0.010000000000001563,0.05089058524174739,19.96966666666667,June
1993-06-10,19.27,1993,6,2,-0.39000000000000057,-1.983723296032558,19.938333333333333,June
1993-06-11,18.99,1993,6,2,-0.28000000000000114,-1.4530358069538174,19.883666666666667,June
1993-06-14,18.9,1993,6,2,-0.08999999999999986,-0.4739336492890933,19.829,June
1993-06-15,18.6,1993,6,2,-0.29999999999999716,-1.5873015873015706,19.762999999999998,June
1993-06-16,18.87,1993,6,2,0.2699999999999996,1.4516129032257963,19.712,June
1993-06-17,18.7,1993,6,2,-0.1700000000000017,-0.9009009009009139,19.65333333333333,June
1993-06-18,18.71,1993,6,2,0.010000000000001563,0.05347593582889498,19.593999999999998,June
1993-06-21,18.63,1993,6,2,-0.08000000000000185,-0.4275788348476861,19.534,June
1993-06-22,18.35,1993,6,2,-0.2799999999999976,-1.5029522275898932,19.465,June
1993-06-23,18.44,1993,6,2,0.08999999999999986,0.4904632152588517,19.400333333333336,June
1993-06-24,18.36,1993,6,2,-0.08000000000000185,-0.4338394793926392,19.339333333333332,June
1993-06-25,18.83,1993,6,2,0.46999999999999886,2.5599128540304994,19.307000000000002,June
1993-06-28,18.89,1993,6,2,0.060000000000002274,0.31864046733935947,19.286333333333335,June
1993-06-29,18.99,1993,6,2,0.09999999999999787,0.529380624669118,19.269,June
1993-06-30,18.82,1993,6,2,-0.16999999999999815,-0.895208004212733,19.252333333333336,June
1993-07-01,18.44,1993,7,3,-0.379999999999999,-2.019128586609986,19.228666666666665,July
1993-07-02,17.93,1993,7,3,-0.5100000000000016,-2.765726681127989,19.174333333333333,July
1993-07-06,18.29,1993,7,3,0.35999999999999943,2.0078081427774563,19.130666666666666,July
1993-07-07,18.06,1993,7,3,-0.23000000000000043,-1.2575177692728312,19.084999999999997,July
1993-07-08,17.79,1993,7,3,-0.2699999999999996,-1.4950166112956742,19.01966666666667,July
1993-07-09,17.92,1993,7,3,0.13000000000000256,0.7307476110174349,18.953,July
1993-07-12,18.12,1993,7,3,0.1999999999999993,1.116071428571419,18.888666666666666,July
1993-07-13,18.05,1993,7,3,-0.07000000000000028,-0.3863134657836609,18.822333333333333,July
1993-07-14,17.43,1993,7,3,-0.620000000000001,-3.43490304709142,18.73,July
1993-07-15,17.73,1993,7,3,0.3000000000000007,1.721170395869187,18.65266666666667,July
1993-07-16,17.29,1993,7,3,-0.4400000000000013,-2.4816694867456413,18.57,July
1993-07-19,17.68,1993,7,3,0.39000000000000057,2.2556390977443552,18.499666666666663,July
1993-07-20,17.2,1993,7,3,-0.4800000000000004,-2.714932126696834,18.419666666666668,July
1993-07-21,17.6,1993,7,3,0.40000000000000213,2.3255813953488413,18.351333333333333,July
1993-07-22,17.57,1993,7,3,-0.030000000000001137,-0.17045454545455696,18.281666666666663,July
1993-07-23,17.67,1993,7,3,0.10000000000000142,0.569151963574277,18.228333333333335,July
1993-07-26,18.11,1993,7,3,0.4399999999999977,2.490096208262571,18.199,July
1993-07-27,18.5,1993,7,3,0.39000000000000057,2.1535063500828233,18.18566666666667,July
1993-07-28,18.25,1993,7,3,-0.25,-1.3513513513513487,18.174,July
1993-07-29,18.12,1993,7,3,-0.129999999999999,-0.7123287671232825,18.149,July
1993-07-30,17.94,1993,7,3,-0.17999999999999972,-0.9933774834437026,18.12366666666667,July
1993-08-02,17.9,1993,8,3,-0.0400000000000027,-0.22296544035675936,18.096666666666668,August
1993-08-03,17.81,1993,8,3,-0.08999999999999986,-0.5027932960893877,18.069333333333336,August
1993-08-04,17.82,1993,8,3,0.010000000000001563,0.056148231330732656,18.051666666666666,August
1993-08-05,17.54,1993,8,3,-0.28000000000000114,-1.5712682379349086,18.021666666666665,August
1993-08-06,17.3,1993,8,3,-0.23999999999999844,-1.36830102622576,17.986333333333334,August
1993-08-09,17.58,1993,8,3,0.2799999999999976,1.6184971098265777,17.944666666666667,August
1993-08-10,17.58,1993,8,3,0.0,0.0,17.901,August
1993-08-11,17.87,1993,8,3,0.2900000000000027,1.6496018202502905,17.863666666666667,August
1993-08-12,18.16,1993,8,3,0.28999999999999915,1.6228315612758726,17.841666666666665,August
1993-08-13,18.14,1993,8,3,-0.019999999999999574,-0.11013215859030367,17.831666666666667,August
1993-08-16,17.84,1993,8,3,-0.3000000000000007,-1.6538037486218293,17.828666666666663,August
1993-08-17,17.95,1993,8,3,0.10999999999999943,0.6165919282511201,17.817333333333334,August
1993-08-18,17.68,1993,8,3,-0.2699999999999996,-1.5041782729804942,17.80466666666667,August
1993-08-19,17.64,1993,8,3,-0.03999999999999915,-0.2262443438914019,17.799666666666667,August
1993-08-20,18.09,1993,8,3,0.4499999999999993,2.5510204081632626,17.805333333333333,August
1993-08-23,18.42,1993,8,3,0.33000000000000185,1.8242122719734688,17.815333333333335,August
1993-08-24,18.38,1993,8,3,-0.0400000000000027,-0.21715526601521207,17.826333333333334,August
1993-08-25,18.45,1993,8,3,0.07000000000000028,0.3808487486398171,17.860333333333333,August
1993-08-26,18.4,1993,8,3,-0.05000000000000071,-0.27100271002710175,17.88266666666667,August
1993-08-27,18.82,1993,8,3,0.4200000000000017,2.2826086956521774,17.933666666666667,August
1993-08-30,18.63,1993,8,3,-0.19000000000000128,-1.0095642933049986,17.965333333333334,August
1993-08-31,18.24,1993,8,3,-0.39000000000000057,-2.093397745571657,18.0,August
1993-09-01,17.92,1993,9,3,-0.31999999999999673,-1.754385964912264,18.010666666666665,September
1993-09-02,17.97,1993,9,3,0.04999999999999716,0.2790178571428381,18.024,September
1993-09-03,17.72,1993,9,3,-0.25,-1.3912075681691727,18.025666666666666,September
1993-09-07,17.14,1993,9,3,-0.5799999999999983,-3.2731376975169257,17.993333333333332,September
1993-09-08,17.0,1993,9,3,-0.14000000000000057,-0.8168028004667427,17.94333333333333,September
1993-09-09,16.97,1993,9,3,-0.030000000000001137,-0.17647058823530015,17.900666666666666,September
1993-09-10,16.74,1993,9,3,-0.23000000000000043,-1.3553329404832115,17.854666666666667,September
1993-09-13,16.98,1993,9,3,0.240000000000002,1.433691756272415,17.82266666666667,September
1993-09-14,16.94,1993,9,3,-0.03999999999999915,-0.2355712603062332,17.790666666666667,September
1993-09-15,16.85,1993,9,3,-0.08999999999999986,-0.5312868949232552,17.758666666666667,September
1993-09-16,16.85,1993,9,3,0.0,0.0,17.726333333333336,September
1993-09-17,17.1,1993,9,3,0.25,1.4836795252225476,17.711666666666662,September
1993-09-20,17.68,1993,9,3,0.5799999999999983,3.391812865497057,17.724333333333334,September
1993-09-21,18.12,1993,9,3,0.4400000000000013,2.4886877828054432,17.74233333333333,September
1993-09-22,17.53,1993,9,3,-0.5899999999999999,-3.2560706401766004,17.740666666666666,September
1993-09-23,17.52,1993,9,3,-0.010000000000001563,-0.05704506560183509,17.729,September
1993-09-24,17.52,1993,9,3,0.0,0.0,17.707666666666665,September
1993-09-27,17.52,1993,9,3,0.0,0.0,17.687,September
1993-09-28,18.07,1993,9,3,0.5500000000000007,3.1392694063927085,17.694666666666667,September
1993-09-29,18.73,1993,9,3,0.6600000000000001,3.652462645268395,17.720666666666666,September
1993-09-30,18.72,1993,9,3,-0.010000000000001563,-0.05339028296851289,17.755333333333336,September
1993-10-01,18.63,1993,10,4,-0.08999999999999986,-0.48076923076922906,17.788333333333334,October
1993-10-04,18.4,1993,10,4,-0.23000000000000043,-1.2345679012345734,17.79866666666667,October
1993-10-05,18.43,1993,10,4,0.030000000000001137,0.1630434782608825,17.798999999999996,October
1993-10-06,18.43,1993,10,4,0.0,0.0,17.800666666666665,October
1993-10-07,18.49,1993,10,4,0.05999999999999872,0.32555615843732344,17.802000000000003,October
1993-10-08,18.53,1993,10,4,0.0400000000000027,0.21633315305571443,17.80633333333333,October
1993-10-11,18.76,1993,10,4,0.23000000000000043,1.2412304371289817,17.804333333333332,October
1993-10-12,18.7,1993,10,4,-0.060000000000002274,-0.31982942430704986,17.80666666666667,October
1993-10-13,18.65,1993,10,4,-0.05000000000000071,-0.2673796791443861,17.820333333333334,October
1993-10-14,18.5,1993,10,4,-0.14999999999999858,-0.8042895442359144,17.83966666666667,October
1993-10-15,18.24,1993,10,4,-0.26000000000000156,-1.4054054054054133,17.848666666666666,October
1993-10-18,18.13,1993,10,4,-0.10999999999999943,-0.6030701754385914,17.862333333333332,October
1993-10-19,18.04,1993,10,4,-0.08999999999999986,-0.4964147821290621,17.892333333333333,October
1993-10-20,18.25,1993,10,4,0.21000000000000085,1.164079822616415,17.934,October
1993-10-21,18.28,1993,10,4,0.030000000000001137,0.16438356164383272,17.977666666666664,October
1993-10-22,17.92,1993,10,4,-0.35999999999999943,-1.969365426695835,18.017,October
1993-10-25,17.36,1993,10,4,-0.5600000000000023,-3.125000000000011,18.029666666666667,October
1993-10-26,17.55,1993,10,4,0.19000000000000128,1.0944700460829626,18.05,October
1993-10-27,17.66,1993,10,4,0.10999999999999943,0.626780626780632,18.076999999999998,October
1993-10-28,17.3,1993,10,4,-0.35999999999999943,-2.0385050962627327,18.092,October
1993-10-29,16.97,1993,10,4,-0.33000000000000185,-1.907514450867065,18.08766666666667,October
1993-11-01,17.5,1993,11,4,0.5300000000000011,3.123158515026514,18.081666666666667,November
1993-11-02,17.03,1993,11,4,-0.46999999999999886,-2.68571428571428,18.045333333333335,November
1993-11-03,17.47,1993,11,4,0.4399999999999977,2.5836758661186066,18.043333333333333,November
1993-11-04,17.38,1993,11,4,-0.08999999999999986,-0.5151688609044025,18.038666666666668,November
1993-11-05,17.09,1993,11,4,-0.28999999999999915,-1.6685845799769838,18.024333333333335,November
1993-11-08,16.69,1993,11,4,-0.3999999999999986,-2.3405500292568715,17.996666666666666,November
1993-11-09,16.71,1993,11,4,0.019999999999999574,0.11983223487117556,17.95133333333333,November
1993-11-10,16.54,1993,11,4,-0.1700000000000017,-1.0173548773189767,17.878333333333334,November
1993-11-11,16.91,1993,11,4,0.370000000000001,2.2370012091898595,17.817999999999998,November
1993-11-12,16.72,1993,11,4,-0.19000000000000128,-1.1235955056179803,17.75433333333333,November
1993-11-15,16.78,1993,11,4,0.060000000000002274,0.3588516746411585,17.700333333333333,November
1993-11-16,16.69,1993,11,4,-0.08999999999999986,-0.5363528009535101,17.642333333333337,November
1993-11-17,17.08,1993,11,4,0.389999999999997,2.33672857998799,17.59733333333333,November
1993-11-18,16.67,1993,11,4,-0.4099999999999966,-2.4004683840749164,17.53666666666667,November
1993-11-19,16.55,1993,11,4,-0.120000000000001,-0.7198560287942524,17.470666666666666,November
1993-11-22,16.67,1993,11,4,0.120000000000001,0.7250755287009136,17.401,November
1993-11-23,16.39,1993,11,4,-0.28000000000000114,-1.6796640671865704,17.324,November
1993-11-24,15.73,1993,11,4,-0.6600000000000001,-4.026845637583898,17.226666666666667,November
1993-11-26,15.53,1993,11,4,-0.20000000000000107,-1.2714558169103718,17.127666666666666,November
1993-11-29,15.3,1993,11,4,-0.22999999999999865,-1.4810045074050149,17.029666666666667,November
1993-11-30,15.36,1993,11,4,0.05999999999999872,0.39215686274509665,16.937333333333335,November
1993-12-01,15.45,1993,12,4,0.08999999999999986,0.5859375,16.851000000000003,December
1993-12-02,14.93,1993,12,4,-0.5199999999999996,-3.3656957928802522,16.740333333333336,December
1993-12-03,15.03,1993,12,4,0.09999999999999964,0.6697923643670389,16.631999999999998,December
1993-12-06,14.57,1993,12,4,-0.4599999999999991,-3.0605455755156274,16.520333333333333,December
1993-12-07,14.53,1993,12,4,-0.040000000000000924,-0.2745367192862114,16.426000000000002,December
1993-12-08,14.61,1993,12,4,0.08000000000000007,0.550584996558845,16.328,December
1993-12-09,14.65,1993,12,4,0.040000000000000924,0.2737850787132068,16.227666666666668,December
1993-12-10,15.04,1993,12,4,0.3899999999999988,2.662116040955631,16.152333333333335,December
1993-12-13,14.5,1993,12,4,-0.5399999999999991,-3.590425531914887,16.07,December
1993-12-14,14.47,1993,12,4,-0.02999999999999936,-0.2068965517241339,15.969,December
1993-12-15,14.39,1993,12,4,-0.08000000000000007,-0.5528680027643396,15.880999999999998,December
1993-12-16,14.21,1993,12,4,-0.17999999999999972,-1.2508686587908269,15.772333333333334,December
1993-12-17,13.98,1993,12,4,-0.23000000000000043,-1.6185784658691138,15.658999999999999,December
1993-12-20,14.2,1993,12,4,0.21999999999999886,1.573676680972813,15.562666666666667,December
1993-12-21,14.32,1993,12,4,0.120000000000001,0.8450704225352101,15.483666666666666,December
1993-12-22,14.61,1993,12,4,0.28999999999999915,2.025139664804465,15.413666666666668,December
1993-12-23,14.48,1993,12,4,-0.129999999999999,-0.8898015058179221,15.344999999999999,December
1993-12-27,14.09,1993,12,4,-0.39000000000000057,-2.6933701657458564,15.251000000000001,December
1993-12-28,14.11,1993,12,4,0.019999999999999574,0.14194464158978626,15.163999999999998,December
1993-12-29,14.45,1993,12,4,0.33999999999999986,2.4096385542168752,15.086333333333334,December
1993-12-30,14.19,1993,12,4,-0.2599999999999998,-1.799307958477503,15.003000000000002,December
1994-01-03,14.52,1994,1,1,0.33000000000000007,2.3255813953488413,14.917666666666667,January
1994-01-04,14.66,1994,1,1,0.14000000000000057,0.9641873278236845,14.850666666666665,January
1994-01-05,15.3,1994,1,1,0.6400000000000006,4.365620736698506,14.809,January
1994-01-06,15.36,1994,1,1,0.05999999999999872,0.39215686274509665,14.765333333333333,January
1994-01-07,15.33,1994,1,1,-0.02999999999999936,-0.1953125,14.729999999999999,January
1994-01-10,14.65,1994,1,1,-0.6799999999999997,-4.435746901500326,14.693999999999999,January
1994-01-11,14.95,1994,1,1,0.29999999999999893,2.0477815699658564,14.674666666666667,January
1994-01-12,14.36,1994,1,1,-0.5899999999999999,-3.9464882943143764,14.643333333333334,January
1994-01-13,14.56,1994,1,1,0.20000000000000107,1.392757660167132,14.616666666666667,January
1994-01-14,14.81,1994,1,1,0.25,1.717032967032961,14.595333333333334,January
1994-01-17,15.15,1994,1,1,0.33999999999999986,2.2957461174881733,14.602666666666666,January
1994-01-18,14.92,1994,1,1,-0.23000000000000043,-1.5181518151815232,14.599,January
1994-01-19,15.25,1994,1,1,0.33000000000000007,2.2117962466488006,14.621666666666668,January
1994-01-20,14.95,1994,1,1,-0.3000000000000007,-1.9672131147541072,14.635666666666667,January
1994-01-21,14.85,1994,1,1,-0.09999999999999964,-0.6688963210702337,14.643666666666666,January
1994-01-24,15.09,1994,1,1,0.2400000000000002,1.6161616161616266,14.658333333333333,January
1994-01-25,15.26,1994,1,1,0.16999999999999993,1.1265738899933764,14.665666666666665,January
1994-01-26,15.5,1994,1,1,0.2400000000000002,1.572739187418093,14.699,January
1994-01-27,15.48,1994,1,1,-0.019999999999999574,-0.1290322580645098,14.732666666666667,January
1994-01-28,15.37,1994,1,1,-0.11000000000000121,-0.710594315245483,14.765333333333334,January
1994-01-31,15.24,1994,1,1,-0.129999999999999,-0.8458035133376618,14.799666666666667,January
1994-02-01,15.91,1994,2,1,0.6699999999999999,4.396325459317585,14.864,February
1994-02-02,16.06,1994,2,1,0.14999999999999858,0.942803268384651,14.925999999999998,February
1994-02-03,15.97,1994,2,1,-0.08999999999999808,-0.5603985056039762,14.981,February
1994-02-04,15.63,1994,2,1,-0.33999999999999986,-2.128991859737006,15.014999999999999,February
1994-02-07,15.31,1994,2,1,-0.3200000000000003,-2.047344849648114,15.042666666666667,February
1994-02-08,15.12,1994,2,1,-0.19000000000000128,-1.2410189418680662,15.077,February
1994-02-09,14.64,1994,2,1,-0.47999999999999865,-3.1746031746031633,15.094666666666667,February
1994-02-10,14.59,1994,2,1,-0.05000000000000071,-0.3415300546448119,15.099333333333332,February
1994-02-11,14.71,1994,2,1,0.120000000000001,0.8224811514736086,15.116666666666667,February
1994-02-14,14.15,1994,2,1,-0.5600000000000005,-3.806934058463629,15.104333333333333,February
1994-02-15,14.13,1994,2,1,-0.019999999999999574,-0.1413427561837377,15.086666666666668,February
1994-02-16,13.89,1994,2,1,-0.2400000000000002,-1.698513800424628,15.039666666666667,February
1994-02-17,14.26,1994,2,1,0.3699999999999992,2.663786897048226,15.003000000000002,February
1994-02-18,14.21,1994,2,1,-0.049999999999998934,-0.3506311360448766,14.965666666666667,February
1994-02-22,14.28,1994,2,1,0.06999999999999851,0.49261083743841194,14.953333333333331,February
1994-02-23,14.18,1994,2,1,-0.09999999999999964,-0.7002801120448154,14.927666666666665,February
1994-02-24,14.82,1994,2,1,0.6400000000000006,4.513399153737674,14.943,February
1994-02-25,14.48,1994,2,1,-0.33999999999999986,-2.2941970310391357,14.940333333333333,February
1994-02-28,14.5,1994,2,1,0.019999999999999574,0.13812154696133394,14.93,February
1994-03-01,14.78,1994,3,1,0.27999999999999936,1.93103448275862,14.917666666666667,March
1994-03-02,14.8,1994,3,1,0.02000000000000135,0.13531799729364913,14.913666666666666,March
1994-03-03,14.74,1994,3,1,-0.0600000000000005,-0.40540540540541237,14.896666666666667,March
1994-03-04,14.57,1994,3,1,-0.16999999999999993,-1.1533242876526462,14.883999999999999,March
1994-03-07,14.14,1994,3,1,-0.4299999999999997,-2.9512697323267,14.860333333333333,March
1994-03-08,14.17,1994,3,1,0.02999999999999936,0.21216407355020284,14.829666666666666,March
1994-03-09,14.23,1994,3,1,0.0600000000000005,0.4234297812279575,14.795333333333334,March
1994-03-10,14.19,1994,3,1,-0.040000000000000924,-0.28109627547435734,14.751666666666667,March
1994-03-11,14.47,1994,3,1,0.28000000000000114,1.9732205778717482,14.718,March
1994-03-14,14.52,1994,3,1,0.049999999999998934,0.3455425017277136,14.689666666666666,March
1994-03-15,14.82,1994,3,1,0.3000000000000007,2.066115702479343,14.675666666666666,March
1994-03-16,15.03,1994,3,1,0.20999999999999908,1.4170040485829816,14.646333333333333,March
1994-03-17,14.83,1994,3,1,-0.1999999999999993,-1.3306719893546148,14.605333333333334,March
1994-03-18,14.88,1994,3,1,0.05000000000000071,0.3371544167228624,14.568999999999999,March
1994-03-21,15.37,1994,3,1,0.48999999999999844,3.2930107526881525,14.560333333333334,March
1994-03-22,15.04,1994,3,1,-0.33000000000000007,-2.1470396877033227,14.551333333333332,March
1994-03-23,14.94,1994,3,1,-0.09999999999999964,-0.6648936170212782,14.545333333333332,March
1994-03-24,15.21,1994,3,1,0.27000000000000135,1.8072289156626509,14.564333333333334,March
1994-03-25,15.19,1994,3,1,-0.02000000000000135,-0.13149243918475495,14.584333333333335,March
1994-03-28,14.15,1994,3,1,-1.0399999999999991,-6.846609611586563,14.565666666666665,March
1994-03-29,14.41,1994,3,1,0.2599999999999998,1.8374558303887012,14.574333333333334,March
1994-03-30,14.4,1994,3,1,-0.009999999999999787,-0.0693962526023606,14.583333333333334,March
1994-03-31,14.78,1994,3,1,0.379999999999999,2.6388888888888795,14.613000000000001,March
1994-04-04,15.67,1994,4,2,0.8900000000000006,6.0216508795669865,14.659999999999998,April
1994-04-05,15.67,1994,4,2,0.0,0.0,14.708666666666666,April
1994-04-06,15.77,1994,4,2,0.09999999999999964,0.638162093171668,14.758333333333333,April
1994-04-07,15.59,1994,4,2,-0.17999999999999972,-1.1414077362079889,14.805333333333333,April
1994-04-08,15.57,1994,4,2,-0.019999999999999574,-0.12828736369466798,14.830333333333334,April
1994-04-11,15.86,1994,4,2,0.28999999999999915,1.8625561978163008,14.876333333333333,April
1994-04-12,15.74,1994,4,2,-0.11999999999999922,-0.7566204287515754,14.917666666666667,April
1994-04-13,15.96,1994,4,2,0.22000000000000064,1.3977128335451061,14.956999999999999,April
1994-04-14,16.2,1994,4,2,0.23999999999999844,1.5037593984962294,15.003666666666668,April
1994-04-15,16.58,1994,4,2,0.379999999999999,2.3456790123456805,15.065,April
1994-04-18,16.64,1994,4,2,0.060000000000002274,0.361881785283491,15.134000000000002,April
1994-04-19,16.43,1994,4,2,-0.21000000000000085,-1.2620192307692402,15.210333333333331,April
1994-04-20,16.65,1994,4,2,0.21999999999999886,1.339013998782712,15.293000000000001,April
1994-04-21,17.56,1994,4,2,0.9100000000000001,5.465465465465469,15.404,April
1994-04-22,17.84,1994,4,2,0.28000000000000114,1.5945330296127658,15.525666666666666,April
1994-04-25,17.66,1994,4,2,-0.17999999999999972,-1.0089686098654682,15.632,April
1994-04-26,16.82,1994,4,2,-0.8399999999999999,-4.756511891279724,15.708666666666666,April
1994-04-27,16.7,1994,4,2,-0.120000000000001,-0.7134363852556502,15.771333333333333,April
1994-04-28,16.57,1994,4,2,-0.129999999999999,-0.7784431137724535,15.822666666666667,April
1994-04-29,16.92,1994,4,2,0.3500000000000014,2.112251056125536,15.892333333333333,April
1994-05-02,17.18,1994,5,2,0.259999999999998,1.5366430260047137,15.969,May
1994-05-03,16.93,1994,5,2,-0.25,-1.4551804423748593,16.021,May
1994-05-04,16.85,1994,5,2,-0.0799999999999983,-0.4725339633786074,16.081333333333333,May
1994-05-05,17.28,1994,5,2,0.4299999999999997,2.5519287833827953,16.159333333333333,May
1994-05-06,17.74,1994,5,2,0.4599999999999973,2.662037037037024,16.243666666666666,May
1994-05-09,17.72,1994,5,2,-0.019999999999999574,-0.11273957158962622,16.328,May
1994-05-10,17.62,1994,5,2,-0.09999999999999787,-0.5643340857787726,16.443666666666665,May
1994-05-11,17.84,1994,5,2,0.21999999999999886,1.2485811577752415,16.558,May
1994-05-12,18.27,1994,5,2,0.4299999999999997,2.4103139013452957,16.687,May
1994-05-13,18.2,1994,5,2,-0.07000000000000028,-0.3831417624521105,16.801,May
1994-05-16,17.99,1994,5,2,-0.21000000000000085,-1.1538461538461608,16.878333333333334,May
1994-05-17,17.61,1994,5,2,-0.379999999999999,-2.1122846025569686,16.943,May
1994-05-18,18.02,1994,5,2,0.41000000000000014,2.3282226007949935,17.018,May
1994-05-19,18.49,1994,5,2,0.46999999999999886,2.608213096559364,17.114666666666665,May
1994-05-20,18.93,1994,5,2,0.4400000000000013,2.37966468361277,17.226666666666667,May
1994-05-23,18.69,1994,5,2,-0.23999999999999844,-1.267828843106178,17.321,May
1994-05-24,18.4,1994,5,2,-0.2900000000000027,-1.5516318887105585,17.409666666666666,May
1994-05-25,17.83,1994,5,2,-0.5700000000000003,-3.0978260869565233,17.471999999999998,May
1994-05-26,17.76,1994,5,2,-0.06999999999999673,-0.39259674705550696,17.524,May
1994-05-27,18.02,1994,5,2,0.259999999999998,1.4639639639639546,17.572,May
1994-05-31,18.3,1994,5,2,0.28000000000000114,1.5538290788013276,17.627333333333333,May
1994-06-01,18.29,1994,6,2,-0.010000000000001563,-0.05464480874317612,17.689333333333334,June
1994-06-02,18.25,1994,6,2,-0.03999999999999915,-0.2186987424822262,17.74266666666667,June
1994-06-03,18.11,1994,6,2,-0.14000000000000057,-0.7671232876712342,17.761,June
1994-06-06,18.1,1994,6,2,-0.00999999999999801,-0.055218111540578096,17.769666666666662,June
1994-06-07,17.78,1994,6,2,-0.3200000000000003,-1.76795580110497,17.773666666666667,June
1994-06-08,18.28,1994,6,2,0.5,2.8121484814398245,17.822333333333336,June
1994-06-09,18.67,1994,6,2,0.39000000000000057,2.1334792122538415,17.887999999999998,June
1994-06-10,18.48,1994,6,2,-0.19000000000000128,-1.0176754151044576,17.951666666666664,June
1994-06-13,18.82,1994,6,2,0.33999999999999986,1.8398268398268414,18.015,June
1994-06-14,18.94,1994,6,2,0.120000000000001,0.6376195536663243,18.073666666666668,June
1994-06-15,19.75,1994,6,2,0.8099999999999987,4.276663146779303,18.167666666666666,June
1994-06-16,19.83,1994,6,2,0.0799999999999983,0.40506329113922934,18.267,June
1994-06-17,20.72,1994,6,2,0.8900000000000006,4.488149268784669,18.381666666666668,June
1994-06-20,20.68,1994,6,2,-0.03999999999999915,-0.19305019305019266,18.479666666666667,June
1994-06-21,20.08,1994,6,2,-0.6000000000000014,-2.9013539651837617,18.558333333333334,June
1994-06-22,19.59,1994,6,2,-0.48999999999999844,-2.440239043824699,18.624,June
1994-06-23,19.38,1994,6,2,-0.21000000000000085,-1.071975497702915,18.675333333333334,June
1994-06-24,19.28,1994,6,2,-0.09999999999999787,-0.5159958720330149,18.709000000000003,June
1994-06-27,18.96,1994,6,2,-0.3200000000000003,-1.6597510373444035,18.734333333333332,June
1994-06-28,19.14,1994,6,2,0.17999999999999972,0.9493670886076,18.772666666666666,June
1994-06-29,18.82,1994,6,2,-0.3200000000000003,-1.6718913270637459,18.813,June
1994-06-30,19.37,1994,6,2,0.5500000000000007,2.922422954303938,18.858,June
1994-07-01,19.52,1994,7,3,0.14999999999999858,0.7743933918430423,18.892333333333333,July
1994-07-05,19.62,1994,7,3,0.10000000000000142,0.5122950819672178,18.915333333333333,July
1994-07-06,19.3,1994,7,3,-0.3200000000000003,-1.6309887869520923,18.935666666666666,July
1994-07-07,19.15,1994,7,3,-0.15000000000000213,-0.777202072538874,18.96066666666667,July
1994-07-08,19.48,1994,7,3,0.33000000000000185,1.7232375979112424,19.015666666666664,July
1994-07-11,20.17,1994,7,3,0.6900000000000013,3.5420944558521628,19.096,July
1994-07-12,20.4,1994,7,3,0.22999999999999687,1.1403073872087166,19.175333333333334,July
1994-07-13,20.14,1994,7,3,-0.259999999999998,-1.274509803921564,19.236666666666668,July
1994-07-14,20.18,1994,7,3,0.03999999999999915,0.19860973187686426,19.299666666666667,July
1994-07-15,19.89,1994,7,3,-0.28999999999999915,-1.437066402378584,19.354333333333333,July
1994-07-18,19.38,1994,7,3,-0.5100000000000016,-2.564102564102577,19.396666666666665,July
1994-07-19,19.49,1994,7,3,0.10999999999999943,0.5675954592363253,19.443,July
1994-07-20,19.15,1994,7,3,-0.33999999999999986,-1.7444843509492047,19.488666666666667,July
1994-07-21,19.32,1994,7,3,0.1700000000000017,0.8877284595300461,19.52333333333333,July
1994-07-22,19.59,1994,7,3,0.2699999999999996,1.3975155279503104,19.554,July
1994-07-25,19.42,1994,7,3,-0.16999999999999815,-0.867789688616627,19.58533333333333,July
1994-07-26,19.26,1994,7,3,-0.16000000000000014,-0.8238928939237944,19.6,July
1994-07-27,19.46,1994,7,3,0.1999999999999993,1.038421599169248,19.61733333333333,July
1994-07-28,19.87,1994,7,3,0.41000000000000014,2.106885919835566,19.621333333333332,July
1994-07-29,20.3,1994,7,3,0.4299999999999997,2.1640664318067326,19.637,July
1994-08-01,20.65,1994,8,3,0.34999999999999787,1.724137931034475,19.634666666666668,August
1994-08-02,20.22,1994,8,3,-0.4299999999999997,-2.0823244552058084,19.619333333333334,August
1994-08-03,20.06,1994,8,3,-0.16000000000000014,-0.7912957467853587,19.618666666666666,August
1994-08-04,20.14,1994,8,3,0.08000000000000185,0.3988035892323216,19.637,August
1994-08-05,19.37,1994,8,3,-0.7699999999999996,-3.8232373386295926,19.636666666666667,August
1994-08-08,19.41,1994,8,3,0.03999999999999915,0.20650490449147796,19.641,August
1994-08-09,19.29,1994,8,3,-0.120000000000001,-0.6182380216383399,19.652,August
1994-08-10,18.96,1994,8,3,-0.3299999999999983,-1.710730948678063,19.646,August
1994-08-11,18.67,1994,8,3,-0.28999999999999915,-1.5295358649789037,19.641000000000002,August
1994-08-12,18.05,1994,8,3,-0.620000000000001,-3.3208355650776733,19.596999999999998,August
1994-08-15,18.24,1994,8,3,0.18999999999999773,1.0526315789473495,19.554333333333332,August
1994-08-16,17.64,1994,8,3,-0.5999999999999979,-3.28947368421052,19.488333333333333,August
1994-08-17,18.08,1994,8,3,0.4399999999999977,2.494331065759625,19.44766666666667,August
1994-08-18,17.73,1994,8,3,-0.34999999999999787,-1.9358407079645867,19.400333333333332,August
1994-08-19,17.56,1994,8,3,-0.1700000000000017,-0.9588268471517281,19.336333333333336,August
1994-08-22,16.87,1994,8,3,-0.6899999999999977,-3.9293849658314173,19.226333333333333,August
1994-08-23,17.09,1994,8,3,0.21999999999999886,1.304090100770594,19.116,August
1994-08-24,17.54,1994,8,3,0.4499999999999993,2.63311878291399,19.029333333333334,August
1994-08-25,17.49,1994,8,3,-0.05000000000000071,-0.2850627137970352,18.939666666666664,August
1994-08-26,17.14,1994,8,3,-0.34999999999999787,-2.0011435105774633,18.848,August
1994-08-29,17.62,1994,8,3,0.4800000000000004,2.8004667444574194,18.78933333333333,August
1994-08-30,17.4,1994,8,3,-0.22000000000000242,-1.2485811577752637,18.719666666666665,August
1994-08-31,17.6,1994,8,3,0.20000000000000284,1.1494252873563315,18.668,August
1994-09-01,17.47,1994,9,3,-0.13000000000000256,-0.7386363636363802,18.606333333333335,September
1994-09-02,17.52,1994,9,3,0.05000000000000071,0.28620492272466436,18.537333333333333,September
1994-09-06,17.62,1994,9,3,0.10000000000000142,0.5707762557077611,18.477333333333334,September
1994-09-07,17.84,1994,9,3,0.21999999999999886,1.2485811577752415,18.43,September
1994-09-08,17.62,1994,9,3,-0.21999999999999886,-1.2331838565022402,18.36866666666667,September
1994-09-09,17.53,1994,9,3,-0.08999999999999986,-0.5107832009080604,18.290666666666667,September
1994-09-12,17.39,1994,9,3,-0.14000000000000057,-0.798630918425558,18.193666666666665,September
1994-09-13,17.0,1994,9,3,-0.39000000000000057,-2.2426682001150167,18.072,September
1994-09-14,16.72,1994,9,3,-0.28000000000000114,-1.6470588235294237,17.955333333333332,September
1994-09-15,16.72,1994,9,3,0.0,0.0,17.844,September
1994-09-16,16.84,1994,9,3,0.120000000000001,0.7177033492822948,17.733999999999998,September
1994-09-19,17.21,1994,9,3,0.370000000000001,2.197149643705476,17.662,September
1994-09-20,17.24,1994,9,3,0.029999999999997584,0.17431725740846282,17.589666666666666,September
1994-09-21,17.06,1994,9,3,-0.17999999999999972,-1.044083526682138,17.515333333333334,September
1994-09-22,17.65,1994,9,3,0.5899999999999999,3.4583821805392656,17.471666666666668,September
1994-09-23,17.76,1994,9,3,0.11000000000000298,0.6232294617563916,17.441333333333333,September
1994-09-26,17.68,1994,9,3,-0.08000000000000185,-0.45045045045045695,17.429,September
1994-09-27,17.48,1994,9,3,-0.1999999999999993,-1.1312217194570096,17.403666666666666,September
1994-09-28,17.69,1994,9,3,0.21000000000000085,1.2013729977116805,17.405333333333335,September
1994-09-29,17.96,1994,9,3,0.2699999999999996,1.5262860373092213,17.401333333333334,September
1994-09-30,18.36,1994,9,3,0.3999999999999986,2.2271714922048824,17.422333333333334,September
1994-10-03,18.16,1994,10,4,-0.1999999999999993,-1.0893246187363759,17.442333333333334,October
1994-10-04,17.97,1994,10,4,-0.19000000000000128,-1.0462555066079404,17.479,October
1994-10-05,18.01,1994,10,4,0.0400000000000027,0.22259321090707385,17.509666666666664,October
1994-10-06,18.24,1994,10,4,0.22999999999999687,1.2770682953914259,17.533,October
1994-10-07,18.27,1994,10,4,0.030000000000001137,0.164473684210531,17.559,October
1994-10-10,17.95,1994,10,4,-0.3200000000000003,-1.7515051997810671,17.586000000000002,October
1994-10-11,17.74,1994,10,4,-0.21000000000000085,-1.1699164345403967,17.59,October
1994-10-12,17.13,1994,10,4,-0.6099999999999994,-3.4385569334836497,17.581,October
1994-10-13,17.03,1994,10,4,-0.09999999999999787,-0.5837711617046049,17.562,October
1994-10-14,16.98,1994,10,4,-0.05000000000000071,-0.29359953024075125,17.545666666666666,October
1994-10-17,17.11,1994,10,4,0.129999999999999,0.7656065959952718,17.532,October
1994-10-18,17.34,1994,10,4,0.23000000000000043,1.3442431326709636,17.522666666666666,October
1994-10-19,17.43,1994,10,4,0.08999999999999986,0.519031141868509,17.509,October
1994-10-20,17.57,1994,10,4,0.14000000000000057,0.8032128514056325,17.50733333333333,October
1994-10-21,17.31,1994,10,4,-0.26000000000000156,-1.4797951052931246,17.5,October
1994-10-24,17.5,1994,10,4,0.19000000000000128,1.0976314269208531,17.503666666666668,October
1994-10-25,17.71,1994,10,4,0.21000000000000085,1.200000000000001,17.527333333333335,October
1994-10-26,18.01,1994,10,4,0.3000000000000007,1.6939582156973554,17.570333333333334,October
1994-10-27,18.17,1994,10,4,0.16000000000000014,0.8883953359244856,17.61866666666667,October
1994-10-28,18.25,1994,10,4,0.0799999999999983,0.44028618602089953,17.665666666666667,October
1994-10-31,18.16,1994,10,4,-0.08999999999999986,-0.49315068493150926,17.697333333333333,October
1994-11-01,18.66,1994,11,4,0.5,2.753303964757703,17.744666666666667,November
1994-11-02,18.9,1994,11,4,0.23999999999999844,1.2861736334405016,17.805999999999997,November
1994-11-03,18.97,1994,11,4,0.07000000000000028,0.37037037037037646,17.85,November
1994-11-04,18.76,1994,11,4,-0.2099999999999973,-1.1070110701106861,17.883333333333333,November
1994-11-07,18.38,1994,11,4,-0.38000000000000256,-2.025586353944575,17.906666666666663,November
1994-11-08,18.46,1994,11,4,0.08000000000000185,0.43525571273124175,17.939333333333334,November
1994-11-09,18.16,1994,11,4,-0.3000000000000007,-1.625135427952329,17.955,November
1994-11-10,18.18,1994,11,4,0.019999999999999574,0.11013215859030367,17.962333333333333,November
1994-11-11,18.07,1994,11,4,-0.10999999999999943,-0.6050605060506031,17.952666666666666,November
1994-11-14,17.48,1994,11,4,-0.5899999999999999,-3.265080243497509,17.93,November
1994-11-15,17.58,1994,11,4,0.09999999999999787,0.5720823798626817,17.916999999999998,November
1994-11-16,17.38,1994,11,4,-0.1999999999999993,-1.1376564277588153,17.896,November
1994-11-17,17.63,1994,11,4,0.25,1.43843498273879,17.875666666666667,November
1994-11-18,17.47,1994,11,4,-0.16000000000000014,-0.9075439591605172,17.848999999999997,November
1994-11-21,17.43,1994,11,4,-0.03999999999999915,-0.22896393817972704,17.831666666666667,November
1994-11-22,17.7,1994,11,4,0.2699999999999996,1.5490533562822595,17.830333333333336,November
1994-11-23,18.05,1994,11,4,0.3500000000000014,1.9774011299435124,17.861,November
1994-11-28,18.1,1994,11,4,0.05000000000000071,0.27700831024930483,17.896666666666665,November
1994-11-29,17.97,1994,11,4,-0.13000000000000256,-0.7182320441989076,17.929666666666666,November
1994-11-30,18.06,1994,11,4,0.08999999999999986,0.5008347245408995,17.961333333333336,November
1994-12-01,17.77,1994,12,4,-0.28999999999999915,-1.6057585825027587,17.975666666666665,December
1994-12-02,17.0,1994,12,4,-0.7699999999999996,-4.333145751266176,17.961333333333336,December
1994-12-05,16.88,1994,12,4,-0.120000000000001,-0.7058823529411784,17.938333333333333,December
1994-12-06,16.93,1994,12,4,0.05000000000000071,0.2962085308056972,17.925666666666668,December
1994-12-07,16.86,1994,12,4,-0.07000000000000028,-0.41346721795628705,17.904333333333334,December
1994-12-08,17.14,1994,12,4,0.28000000000000114,1.660735468564667,17.885333333333335,December
1994-12-09,17.12,1994,12,4,-0.019999999999999574,-0.1166861143523934,17.855666666666668,December
1994-12-12,16.92,1994,12,4,-0.1999999999999993,-1.1682242990654124,17.814,December
1994-12-13,16.98,1994,12,4,0.05999999999999872,0.35460992907800915,17.771666666666665,December
1994-12-14,16.96,1994,12,4,-0.019999999999999574,-0.11778563015312216,17.731666666666666,December
1994-12-15,16.6,1994,12,4,-0.35999999999999943,-2.1226415094339535,17.663,December
1994-12-16,16.84,1994,12,4,0.23999999999999844,1.4457831325301207,17.59433333333333,December
1994-12-19,16.91,1994,12,4,0.07000000000000028,0.4156769596199483,17.525666666666666,December
1994-12-20,16.98,1994,12,4,0.07000000000000028,0.4139562389118945,17.466333333333335,December
1994-12-21,17.07,1994,12,4,0.08999999999999986,0.5300353356890497,17.422666666666668,December
1994-12-22,17.15,1994,12,4,0.0799999999999983,0.4686584651435233,17.379,December
1994-12-23,17.41,1994,12,4,0.26000000000000156,1.5160349854227428,17.354,December
1994-12-27,17.63,1994,12,4,0.21999999999999886,1.2636415852957938,17.33566666666667,December
1994-12-28,17.74,1994,12,4,0.10999999999999943,0.623936471922848,17.324666666666666,December
1994-12-29,17.69,1994,12,4,-0.04999999999999716,-0.2818489289740489,17.331666666666667,December
1994-12-30,17.77,1994,12,4,0.0799999999999983,0.45223289994347216,17.338,December
1995-01-03,17.45,1995,1,1,-0.3200000000000003,-1.8007878446820502,17.340333333333334,January
1995-01-04,17.56,1995,1,1,0.10999999999999943,0.6303724928366838,17.338,January
1995-01-05,17.76,1995,1,1,0.20000000000000284,1.1389521640091216,17.347666666666665,January
1995-01-06,17.69,1995,1,1,-0.07000000000000028,-0.39414414414414845,17.356333333333332,January
1995-01-09,17.4,1995,1,1,-0.2900000000000027,-1.639344262295095,17.346333333333334,January
1995-01-10,17.42,1995,1,1,0.020000000000003126,0.11494252873565092,17.325333333333333,January
1995-01-11,17.7,1995,1,1,0.2799999999999976,1.6073478760045834,17.312,January
1995-01-12,17.72,1995,1,1,0.019999999999999574,0.1129943502824915,17.30366666666667,January
1995-01-13,17.52,1995,1,1,-0.1999999999999993,-1.1286681715575564,17.285666666666664,January
1995-01-16,17.89,1995,1,1,0.370000000000001,2.1118721461187207,17.28966666666667,January
1995-01-17,18.47,1995,1,1,0.5799999999999983,3.2420346562325175,17.338666666666665,January
1995-01-18,18.72,1995,1,1,0.25,1.3535462912831697,17.4,January
1995-01-19,18.7,1995,1,1,-0.019999999999999574,-0.10683760683760646,17.459,January
1995-01-20,18.46,1995,1,1,-0.23999999999999844,-1.2834224598930355,17.512333333333334,January
1995-01-23,18.16,1995,1,1,-0.3000000000000007,-1.625135427952329,17.546333333333333,January
1995-01-24,18.53,1995,1,1,0.370000000000001,2.037444933920707,17.59333333333333,January
1995-01-25,18.82,1995,1,1,0.28999999999999915,1.5650296815973963,17.65666666666667,January
1995-01-26,18.23,1995,1,1,-0.5899999999999999,-3.1349628055260315,17.69833333333333,January
1995-01-27,17.95,1995,1,1,-0.28000000000000114,-1.5359297860669252,17.731333333333335,January
1995-01-30,18.2,1995,1,1,0.25,1.392757660167132,17.78466666666667,January
1995-01-31,18.48,1995,1,1,0.28000000000000114,1.5384615384615552,17.839333333333332,January
1995-02-01,18.48,1995,2,1,0.0,0.0,17.891666666666666,February
1995-02-02,18.54,1995,2,1,0.05999999999999872,0.32467532467532756,17.94366666666667,February
1995-02-03,18.78,1995,2,1,0.240000000000002,1.2944983818770295,18.000666666666667,February
1995-02-06,18.58,1995,2,1,-0.20000000000000284,-1.0649627263045969,18.048333333333332,February
1995-02-07,18.43,1995,2,1,-0.14999999999999858,-0.8073196986006392,18.082333333333334,February
1995-02-08,18.36,1995,2,1,-0.07000000000000028,-0.37981551817688475,18.10666666666667,February
1995-02-09,18.28,1995,2,1,-0.0799999999999983,-0.43572984749454813,18.124666666666666,February
1995-02-10,18.47,1995,2,1,0.18999999999999773,1.0393873085339012,18.150666666666666,February
1995-02-13,18.29,1995,2,1,-0.17999999999999972,-0.9745533297238707,18.168,February
1995-02-14,18.44,1995,2,1,0.15000000000000213,0.8201202843083788,18.201000000000004,February
1995-02-15,18.46,1995,2,1,0.019999999999999574,0.10845986984815426,18.230999999999998,February
1995-02-16,18.63,1995,2,1,0.16999999999999815,0.9209100758396538,18.259999999999998,February
1995-02-17,18.94,1995,2,1,0.3100000000000023,1.6639828234031206,18.30166666666667,February
1995-02-21,18.86,1995,2,1,-0.08000000000000185,-0.42238648363253084,18.35033333333333,February
1995-02-22,18.84,1995,2,1,-0.019999999999999574,-0.10604453870625141,18.397666666666666,February
1995-02-23,18.59,1995,2,1,-0.25,-1.3269639065817462,18.42733333333333,February
1995-02-24,18.7,1995,2,1,0.10999999999999943,0.591715976331364,18.46,February
1995-02-27,18.64,1995,2,1,-0.05999999999999872,-0.3208556149732589,18.497333333333334,February
1995-02-28,18.52,1995,2,1,-0.120000000000001,-0.6437768240343367,18.51833333333333,February
1995-03-01,18.31,1995,3,1,-0.21000000000000085,-1.1339092872570289,18.512999999999998,March
1995-03-02,18.4,1995,3,1,0.08999999999999986,0.49153468050244786,18.502333333333336,March
1995-03-03,18.63,1995,3,1,0.23000000000000043,1.2499999999999956,18.5,March
1995-03-06,18.56,1995,3,1,-0.07000000000000028,-0.37573805689747886,18.503333333333334,March
1995-03-07,18.59,1995,3,1,0.030000000000001137,0.1616379310344973,18.517666666666667,March
1995-03-08,18.3,1995,3,1,-0.28999999999999915,-1.559978483055402,18.509999999999998,March
1995-03-09,17.98,1995,3,1,-0.3200000000000003,-1.748633879781425,18.482000000000003,March
1995-03-10,17.92,1995,3,1,-0.05999999999999872,-0.33370411568408587,18.47166666666667,March
1995-03-13,18.19,1995,3,1,0.2699999999999996,1.506696428571419,18.479666666666667,March
1995-03-14,17.9,1995,3,1,-0.2900000000000027,-1.5942825728422316,18.469666666666665,March
1995-03-15,18.12,1995,3,1,0.22000000000000242,1.2290502793296243,18.457666666666668,March
1995-03-16,18.18,1995,3,1,0.05999999999999872,0.3311258278145601,18.44766666666667,March
1995-03-17,18.27,1995,3,1,0.08999999999999986,0.4950495049504955,18.438666666666666,March
1995-03-20,18.58,1995,3,1,0.3099999999999987,1.6967706622879053,18.432,March
1995-03-21,18.44,1995,3,1,-0.13999999999999702,-0.7534983853605848,18.427333333333333,March
1995-03-22,18.91,1995,3,1,0.46999999999999886,2.5488069414316694,18.44333333333333,March
1995-03-23,18.85,1995,3,1,-0.05999999999999872,-0.3172924378635589,18.459666666666667,March
1995-03-24,18.68,1995,3,1,-0.1700000000000017,-0.9018567639257347,18.473,March
1995-03-27,19.08,1995,3,1,0.3999999999999986,2.1413276231263323,18.493333333333332,March
1995-03-28,18.95,1995,3,1,-0.129999999999999,-0.6813417190775661,18.515333333333334,March
1995-03-29,19.21,1995,3,1,0.26000000000000156,1.3720316622691353,18.540999999999997,March
1995-03-30,19.17,1995,3,1,-0.03999999999999915,-0.20822488287349783,18.564666666666668,March
1995-03-31,19.18,1995,3,1,0.00999999999999801,0.052164840897228615,18.583000000000002,March
1995-04-03,19.05,1995,4,2,-0.129999999999999,-0.6777893639207444,18.586666666666666,April
1995-04-04,19.11,1995,4,2,0.05999999999999872,0.31496062992124596,18.594999999999995,April
1995-04-05,19.57,1995,4,2,0.46000000000000085,2.4071166928309795,18.619333333333334,April
1995-04-06,19.74,1995,4,2,0.16999999999999815,0.8686765457332601,18.657666666666668,April
1995-04-07,19.67,1995,4,2,-0.06999999999999673,-0.35460992907799804,18.689999999999998,April
1995-04-10,19.61,1995,4,2,-0.060000000000002274,-0.30503304524658326,18.72233333333333,April
1995-04-11,19.84,1995,4,2,0.23000000000000043,1.1728709841917428,18.766333333333332,April
1995-04-12,19.5,1995,4,2,-0.33999999999999986,-1.7137096774193505,18.806,April
1995-04-13,19.16,1995,4,2,-0.33999999999999986,-1.7435897435897463,18.83133333333333,April
1995-04-17,19.8,1995,4,2,0.6400000000000006,3.3402922755741082,18.870333333333335,April
1995-04-18,20.14,1995,4,2,0.33999999999999986,1.7171717171717171,18.923000000000002,April
1995-04-19,20.4,1995,4,2,0.259999999999998,1.2909632571995955,18.983333333333334,April
1995-04-20,20.52,1995,4,2,0.120000000000001,0.588235294117645,19.057333333333336,April
1995-04-21,20.46,1995,4,2,-0.05999999999999872,-0.29239766081871066,19.14,April
1995-04-24,20.13,1995,4,2,-0.33000000000000185,-1.6129032258064613,19.213666666666665,April
1995-04-25,20.31,1995,4,2,0.17999999999999972,0.8941877794336861,19.284333333333333,April
1995-04-26,20.18,1995,4,2,-0.129999999999999,-0.6400787789266338,19.360333333333337,April
1995-04-27,20.48,1995,4,2,0.3000000000000007,1.4866204162537144,19.439000000000004,April
1995-04-28,20.36,1995,4,2,-0.120000000000001,-0.5859375,19.511666666666663,April
1995-05-01,20.53,1995,5,2,0.1700000000000017,0.8349705304518729,19.587,May
1995-05-02,20.18,1995,5,2,-0.3500000000000014,-1.7048222113979605,19.640333333333334,May
1995-05-03,19.88,1995,5,2,-0.3000000000000007,-1.4866204162537255,19.688333333333333,May
1995-05-04,20.3,1995,5,2,0.4200000000000017,2.1126760563380476,19.73466666666667,May
1995-05-05,20.33,1995,5,2,0.029999999999997584,0.1477832512315258,19.784,May
1995-05-08,20.32,1995,5,2,-0.00999999999999801,-0.04918839153958965,19.83866666666667,May
1995-05-09,19.67,1995,5,2,-0.6499999999999986,-3.1988188976377896,19.858333333333334,May
1995-05-10,19.76,1995,5,2,0.08999999999999986,0.4575495678698527,19.88533333333333,May
1995-05-11,19.4,1995,5,2,-0.360000000000003,-1.8218623481781493,19.891666666666666,May
1995-05-12,19.55,1995,5,2,0.15000000000000213,0.7731958762886793,19.904333333333334,May
1995-05-15,19.91,1995,5,2,0.35999999999999943,1.8414322250639437,19.92866666666667,May
1995-05-16,20.01,1995,5,2,0.10000000000000142,0.5022601707684649,19.960666666666665,May
1995-05-17,19.94,1995,5,2,-0.07000000000000028,-0.34982508745626806,19.988333333333337,May
1995-05-18,19.99,1995,5,2,0.04999999999999716,0.25075225677029245,20.002333333333336,May
1995-05-19,20.06,1995,5,2,0.07000000000000028,0.35017508754378035,20.012999999999998,May
1995-05-22,19.86,1995,5,2,-0.1999999999999993,-0.9970089730807596,20.019333333333336,May
1995-05-23,19.81,1995,5,2,-0.05000000000000071,-0.2517623363544885,20.026,May
1995-05-24,19.34,1995,5,2,-0.46999999999999886,-2.3725391216557257,20.009333333333334,May
1995-05-25,19.12,1995,5,2,-0.21999999999999886,-1.1375387797311176,19.996666666666666,May
1995-05-26,18.7,1995,5,2,-0.4200000000000017,-2.196652719665282,19.981333333333335,May
1995-05-30,18.78,1995,5,2,0.08000000000000185,0.42780748663102663,19.947333333333333,May
1995-05-31,18.88,1995,5,2,0.09999999999999787,0.5324813631522707,19.90533333333333,May
1995-06-01,18.89,1995,6,2,0.010000000000001563,0.05296610169491789,19.855,June
1995-06-02,19.14,1995,6,2,0.25,1.3234515616728393,19.809,June
1995-06-05,19.25,1995,6,2,0.10999999999999943,0.5747126436781658,19.768666666666665,June
1995-06-06,19.16,1995,6,2,-0.08999999999999986,-0.46753246753247213,19.73633333333333,June
1995-06-07,19.08,1995,6,2,-0.08000000000000185,-0.41753653444677186,19.695333333333334,June
1995-06-08,18.94,1995,6,2,-0.13999999999999702,-0.7337526205450584,19.654,June
1995-06-09,18.83,1995,6,2,-0.11000000000000298,-0.5807814149947355,19.598999999999997,June
1995-06-12,18.87,1995,6,2,0.0400000000000027,0.21242697822625445,19.549333333333333,June
1995-06-13,18.93,1995,6,2,0.05999999999999872,0.31796502384737746,19.496,June
1995-06-14,19.05,1995,6,2,0.120000000000001,0.6339144215530945,19.458333333333332,June
1995-06-15,18.9,1995,6,2,-0.15000000000000213,-0.7874015748031593,19.425666666666665,June
1995-06-16,18.8,1995,6,2,-0.09999999999999787,-0.5291005291005124,19.375666666666667,June
1995-06-19,18.23,1995,6,2,-0.5700000000000003,-3.031914893617027,19.30566666666667,June
1995-06-20,18.01,1995,6,2,-0.21999999999999886,-1.206801974766858,19.228666666666665,June
1995-06-21,17.59,1995,6,2,-0.4200000000000017,-2.332037756801786,19.159333333333333,June
1995-06-22,17.76,1995,6,2,0.1700000000000017,0.9664582148948275,19.092666666666666,June
1995-06-23,17.81,1995,6,2,0.04999999999999716,0.28153153153152033,19.03966666666667,June
1995-06-26,17.67,1995,6,2,-0.13999999999999702,-0.7860752386299685,18.976999999999997,June
1995-06-27,17.95,1995,6,2,0.2799999999999976,1.5846066779852785,18.91166666666667,June
1995-06-28,17.98,1995,6,2,0.030000000000001137,0.16713091922007095,18.844,June
1995-06-29,17.59,1995,6,2,-0.39000000000000057,-2.169076751946608,18.765666666666664,June
1995-06-30,17.38,1995,6,2,-0.21000000000000085,-1.1938601478112654,18.678666666666665,June
1995-07-03,17.33,1995,7,3,-0.05000000000000071,-0.28768699654776464,18.587666666666667,July
1995-07-05,17.21,1995,7,3,-0.11999999999999744,-0.6924408540103677,18.499333333333333,July
1995-07-06,17.42,1995,7,3,0.21000000000000085,1.2202208018593952,18.419666666666668,July
1995-07-07,17.14,1995,7,3,-0.28000000000000114,-1.6073478760045945,18.346333333333334,July
1995-07-10,17.35,1995,7,3,0.21000000000000085,1.225204200700114,18.287333333333333,July
1995-07-11,17.31,1995,7,3,-0.0400000000000027,-0.2305475504322918,18.241,July
1995-07-12,17.49,1995,7,3,0.17999999999999972,1.0398613518197486,18.197999999999997,July
1995-07-13,17.25,1995,7,3,-0.23999999999999844,-1.3722126929674006,18.143666666666665,July
1995-07-14,17.32,1995,7,3,0.07000000000000028,0.40579710144927894,18.091333333333335,July
1995-07-17,17.28,1995,7,3,-0.03999999999999915,-0.2309468822170868,18.029333333333334,July
1995-07-18,17.33,1995,7,3,0.04999999999999716,0.28935185185183787,17.965333333333334,July
1995-07-19,17.33,1995,7,3,0.0,0.0,17.904333333333334,July
1995-07-20,17.03,1995,7,3,-0.29999999999999716,-1.7311021350259526,17.836000000000002,July
1995-07-21,17.07,1995,7,3,0.03999999999999915,0.23487962419259656,17.773666666666664,July
1995-07-24,17.17,1995,7,3,0.10000000000000142,0.5858230814294263,17.718333333333337,July
1995-07-25,17.45,1995,7,3,0.2799999999999976,1.630751310425138,17.671,July
1995-07-26,17.47,1995,7,3,0.019999999999999574,0.11461318051575464,17.622333333333337,July
1995-07-27,17.51,1995,7,3,0.0400000000000027,0.22896393817974925,17.571,July
1995-07-28,17.43,1995,7,3,-0.08000000000000185,-0.4568817818389581,17.522,July
1995-07-31,17.62,1995,7,3,0.19000000000000128,1.0900745840505044,17.482666666666667,July
1995-08-01,17.59,1995,8,3,-0.030000000000001137,-0.17026106696935717,17.461333333333336,August
1995-08-02,17.95,1995,8,3,0.35999999999999943,2.046617396247874,17.459333333333333,August
1995-08-03,17.72,1995,8,3,-0.23000000000000043,-1.2813370473537589,17.463666666666665,August
1995-08-04,17.74,1995,8,3,0.019999999999999574,0.11286681715574343,17.463,August
1995-08-07,17.65,1995,8,3,-0.08999999999999986,-0.5073280721533235,17.457666666666668,August
1995-08-08,17.86,1995,8,3,0.21000000000000085,1.1898016997167193,17.464,August
1995-08-09,17.77,1995,8,3,-0.08999999999999986,-0.50391937290033,17.458000000000002,August
1995-08-10,17.91,1995,8,3,0.14000000000000057,0.7878446820483997,17.45566666666667,August
1995-08-11,17.86,1995,8,3,-0.05000000000000071,-0.27917364600782424,17.464666666666666,August
1995-08-14,17.48,1995,8,3,-0.379999999999999,-2.127659574468077,17.468,August
1995-08-15,17.4,1995,8,3,-0.08000000000000185,-0.4576659038901698,17.470333333333333,August
1995-08-16,17.59,1995,8,3,0.19000000000000128,1.0919540229885172,17.483,August
1995-08-17,17.65,1995,8,3,0.05999999999999872,0.34110289937463456,17.490666666666666,August
1995-08-18,17.87,1995,8,3,0.22000000000000242,1.246458923512761,17.514999999999997,August
1995-08-21,18.26,1995,8,3,0.39000000000000057,2.1824286513710156,17.545333333333335,August
1995-08-22,18.54,1995,8,3,0.2799999999999976,1.5334063526834418,17.586333333333336,August
1995-08-23,18.79,1995,8,3,0.25,1.3484358144552289,17.629666666666665,August
1995-08-24,19.6,1995,8,3,0.8100000000000023,4.310803618946268,17.708000000000002,August
1995-08-25,19.91,1995,8,3,0.3099999999999987,1.5816326530612157,17.79433333333333,August
1995-08-28,17.84,1995,8,3,-2.0700000000000003,-10.396785534907082,17.813,August
1995-08-29,17.87,1995,8,3,0.030000000000001137,0.16816143497757619,17.831000000000003,August
1995-08-30,17.74,1995,8,3,-0.13000000000000256,-0.7274762171236904,17.84466666666667,August
1995-08-31,17.89,1995,8,3,0.15000000000000213,0.8455467869222133,17.873333333333335,August
1995-09-01,18.08,1995,9,3,0.18999999999999773,1.0620458356623619,17.906999999999996,September
1995-09-05,18.49,1995,9,3,0.41000000000000014,2.2676991150442527,17.951,September
1995-09-06,18.27,1995,9,3,-0.21999999999999886,-1.1898323418063739,17.978333333333335,September
1995-09-07,18.27,1995,9,3,0.0,0.0,18.005,September
1995-09-08,18.44,1995,9,3,0.1700000000000017,0.9304871373837065,18.035999999999998,September
1995-09-11,18.49,1995,9,3,0.04999999999999716,0.27114967462038564,18.07133333333333,September
1995-09-12,18.76,1995,9,3,0.2700000000000031,1.460248783126028,18.109333333333332,September
1995-09-13,18.53,1995,9,3,-0.23000000000000043,-1.2260127931769782,18.140666666666664,September
1995-09-14,18.87,1995,9,3,0.33999999999999986,1.83486238532109,18.171333333333333,September
1995-09-15,18.94,1995,9,3,0.07000000000000028,0.37095919448861814,18.212,September
1995-09-18,18.92,1995,9,3,-0.019999999999999574,-0.10559662090813271,18.25133333333333,September
1995-09-19,19.01,1995,9,3,0.08999999999999986,0.47568710359406907,18.296666666666667,September
1995-09-20,18.53,1995,9,3,-0.4800000000000004,-2.5249868490268335,18.319000000000003,September
1995-09-21,17.89,1995,9,3,-0.6400000000000006,-3.4538586076632516,18.323,September
1995-09-22,17.27,1995,9,3,-0.620000000000001,-3.4656232532140896,18.301666666666666,September
1995-09-25,17.38,1995,9,3,0.10999999999999943,0.6369426751592355,18.285666666666668,September
1995-09-26,17.47,1995,9,3,0.08999999999999986,0.5178365937859697,18.285333333333334,September
1995-09-27,17.64,1995,9,3,0.1700000000000017,0.9730967372638899,18.293333333333337,September
1995-09-28,17.72,1995,9,3,0.0799999999999983,0.45351473922901064,18.297666666666668,September
1995-09-29,17.54,1995,9,3,-0.17999999999999972,-1.0158013544018019,18.294,September
1995-10-02,17.67,1995,10,4,0.13000000000000256,0.741163055872307,18.287333333333333,October
1995-10-03,17.56,1995,10,4,-0.11000000000000298,-0.622524052065665,18.264000000000003,October
1995-10-04,17.32,1995,10,4,-0.23999999999999844,-1.3667425968109215,18.223333333333333,October
1995-10-05,16.86,1995,10,4,-0.46000000000000085,-2.655889145496537,18.159,October
1995-10-06,17.03,1995,10,4,0.1700000000000017,1.0083036773428367,18.07333333333333,October
1995-10-09,17.36,1995,10,4,0.3299999999999983,1.9377568995889494,17.988333333333333,October
1995-10-10,17.29,1995,10,4,-0.07000000000000028,-0.40322580645161255,17.970000000000002,October
1995-10-11,17.28,1995,10,4,-0.00999999999999801,-0.05783689994215413,17.950333333333333,October
1995-10-12,17.08,1995,10,4,-0.20000000000000284,-1.1574074074074292,17.928333333333335,October
1995-10-13,17.38,1995,10,4,0.3000000000000007,1.756440281030458,17.911333333333335,October
1995-10-16,17.6,1995,10,4,0.22000000000000242,1.2658227848101333,17.895333333333333,October
1995-10-17,17.59,1995,10,4,-0.010000000000001563,-0.056818181818185653,17.865333333333336,October
1995-10-18,17.57,1995,10,4,-0.019999999999999574,-0.11370096645820782,17.842,October
1995-10-19,17.34,1995,10,4,-0.23000000000000043,-1.3090495162208282,17.810999999999996,October
1995-10-20,17.44,1995,10,4,0.10000000000000142,0.5767012687428075,17.77766666666667,October
1995-10-23,17.48,1995,10,4,0.03999999999999915,0.2293577981651307,17.744000000000003,October
1995-10-24,17.61,1995,10,4,0.129999999999999,0.7437070938214996,17.70566666666667,October
1995-10-25,17.58,1995,10,4,-0.030000000000001137,-0.17035775127769437,17.674,October
1995-10-26,17.61,1995,10,4,0.030000000000001137,0.17064846416383617,17.632,October
1995-10-27,17.54,1995,10,4,-0.07000000000000028,-0.3975014196479276,17.58533333333333,October
1995-10-30,17.67,1995,10,4,0.13000000000000256,0.741163055872307,17.543666666666663,October
1995-10-31,17.67,1995,10,4,0.0,0.0,17.499000000000002,October
1995-11-01,17.74,1995,11,4,0.06999999999999673,0.3961516694962919,17.47266666666667,November
1995-11-02,17.94,1995,11,4,0.20000000000000284,1.1273957158963066,17.474333333333334,November
1995-11-03,17.93,1995,11,4,-0.010000000000001563,-0.05574136008918984,17.496333333333332,November
1995-11-06,17.68,1995,11,4,-0.25,-1.3943112102621336,17.506333333333334,November
1995-11-07,17.62,1995,11,4,-0.05999999999999872,-0.33936651583709176,17.51133333333333,November
1995-11-08,17.82,1995,11,4,0.1999999999999993,1.1350737797956922,17.517333333333333,November
1995-11-09,17.83,1995,11,4,0.00999999999999801,0.056116722783383644,17.521,November
1995-11-10,17.83,1995,11,4,0.0,0.0,17.530666666666665,November
1995-11-13,17.78,1995,11,4,-0.04999999999999716,-0.28042624789679227,17.534333333333333,November
1995-11-14,17.89,1995,11,4,0.10999999999999943,0.618672665916753,17.545333333333335,November
1995-11-15,17.92,1995,11,4,0.030000000000001137,0.1676914477361624,17.565333333333335,November
1995-11-16,18.16,1995,11,4,0.23999999999999844,1.3392857142856984,17.608666666666668,November
1995-11-17,18.56,1995,11,4,0.3999999999999986,2.2026431718061623,17.659666666666666,November
1995-11-20,18.14,1995,11,4,-0.41999999999999815,-2.2629310344827513,17.685666666666666,November
1995-11-21,17.89,1995,11,4,-0.25,-1.378169790518191,17.70566666666667,November
1995-11-22,17.93,1995,11,4,0.03999999999999915,0.22358859698154987,17.727333333333334,November
1995-11-27,18.37,1995,11,4,0.4400000000000013,2.4539877300613577,17.770333333333333,November
1995-11-28,18.28,1995,11,4,-0.08999999999999986,-0.4899292324441973,17.800333333333334,November
1995-11-29,18.27,1995,11,4,-0.010000000000001563,-0.0547045951860059,17.822666666666667,November
1995-11-30,18.27,1995,11,4,0.0,0.0,17.84533333333333,November
1995-12-01,18.43,1995,12,4,0.16000000000000014,0.8757525998905225,17.874000000000002,December
1995-12-04,18.61,1995,12,4,0.17999999999999972,0.9766684753119925,17.916333333333334,December
1995-12-05,18.66,1995,12,4,0.05000000000000071,0.2686727565824887,17.957,December
1995-12-06,18.76,1995,12,4,0.10000000000000142,0.5359056806002238,17.999666666666666,December
1995-12-07,18.69,1995,12,4,-0.07000000000000028,-0.3731343283582156,18.035666666666668,December
1995-12-08,18.97,1995,12,4,0.2799999999999976,1.4981273408239515,18.081999999999997,December
1995-12-11,18.62,1995,12,4,-0.34999999999999787,-1.845018450184488,18.115666666666662,December
1995-12-12,18.8,1995,12,4,0.17999999999999972,0.9667024704618665,18.157666666666668,December
1995-12-13,19.01,1995,12,4,0.21000000000000085,1.1170212765957421,18.202333333333335,December
1995-12-14,19.14,1995,12,4,0.129999999999999,0.6838506049447579,18.25133333333333,December
1995-12-15,19.51,1995,12,4,0.370000000000001,1.9331243469174586,18.310333333333332,December
1995-12-18,19.71,1995,12,4,0.1999999999999993,1.025115325474113,18.369333333333334,December
1995-12-19,19.05,1995,12,4,-0.6600000000000001,-3.34855403348554,18.406666666666663,December
1995-12-20,18.87,1995,12,4,-0.17999999999999972,-0.9448818897637823,18.44633333333333,December
1995-12-21,18.83,1995,12,4,-0.0400000000000027,-0.2119766825649294,18.486666666666668,December
1995-12-22,19.12,1995,12,4,0.2900000000000027,1.5400955921402115,18.529999999999998,December
1995-12-26,19.25,1995,12,4,0.129999999999999,0.6799163179916246,18.577333333333335,December
1995-12-27,19.49,1995,12,4,0.23999999999999844,1.2467532467532294,18.63266666666667,December
1995-12-28,19.47,1995,12,4,-0.019999999999999574,-0.10261672652641662,18.689,December
1995-12-29,19.54,1995,12,4,0.07000000000000028,0.3595274781715396,18.744000000000003,December
1996-01-02,19.83,1996,1,1,0.28999999999999915,1.4841351074718512,18.807666666666663,January
1996-01-03,19.9,1996,1,1,0.07000000000000028,0.35300050428643814,18.865666666666666,January
1996-01-04,19.96,1996,1,1,0.060000000000002274,0.3015075376884502,18.912333333333333,January
1996-01-05,20.26,1996,1,1,0.3000000000000007,1.503006012024044,18.983,January
1996-01-08,20.5,1996,1,1,0.23999999999999844,1.1846001974333609,19.069999999999997,January
1996-01-09,19.86,1996,1,1,-0.6400000000000006,-3.121951219512198,19.134333333333334,January
1996-01-10,19.66,1996,1,1,-0.1999999999999993,-1.0070493454179208,19.177333333333333,January
1996-01-11,18.87,1996,1,1,-0.7899999999999991,-4.018311291963372,19.197000000000003,January
1996-01-12,18.28,1996,1,1,-0.5899999999999999,-3.126656067832534,19.197333333333336,January
1996-01-15,18.42,1996,1,1,0.14000000000000057,0.7658643326039494,19.202333333333335,January
1996-01-16,18.12,1996,1,1,-0.3000000000000007,-1.6286644951140072,19.192,January
1996-01-17,18.58,1996,1,1,0.4599999999999973,2.538631346578346,19.191,January
1996-01-18,19.12,1996,1,1,0.5400000000000027,2.906350914962341,19.206333333333337,January
1996-01-19,18.94,1996,1,1,-0.17999999999999972,-0.9414225941422605,19.212333333333333,January
1996-01-22,18.49,1996,1,1,-0.45000000000000284,-2.375923970432958,19.205666666666666,January
1996-01-23,18.58,1996,1,1,0.08999999999999986,0.48674959437533527,19.19266666666667,January
1996-01-24,18.95,1996,1,1,0.370000000000001,1.991388589881593,19.203666666666667,January
1996-01-25,18.06,1996,1,1,-0.8900000000000006,-4.696569920844329,19.179,January
1996-01-26,17.68,1996,1,1,-0.379999999999999,-2.104097452934661,19.134666666666664,January
1996-01-29,17.33,1996,1,1,-0.3500000000000014,-1.9796380090497778,19.074333333333335,January
1996-01-30,17.65,1996,1,1,0.3200000000000003,1.8465089440276916,19.012333333333334,January
1996-01-31,17.76,1996,1,1,0.11000000000000298,0.6232294617563916,18.947333333333333,January
1996-02-01,17.63,1996,2,1,-0.13000000000000256,-0.7319819819819995,18.9,February
1996-02-02,17.83,1996,2,1,0.1999999999999993,1.1344299489506549,18.865333333333336,February
1996-02-05,17.53,1996,2,1,-0.29999999999999716,-1.682557487380798,18.822,February
1996-02-06,17.74,1996,2,1,0.2099999999999973,1.197946377638326,18.776,February
1996-02-07,17.71,1996,2,1,-0.029999999999997584,-0.16910935738443378,18.724666666666668,February
1996-02-08,17.79,1996,2,1,0.0799999999999983,0.45172219085261034,18.668,February
1996-02-09,17.83,1996,2,1,0.03999999999999915,0.22484541877458852,18.613333333333337,February
1996-02-12,18.01,1996,2,1,0.18000000000000327,1.00953449242851,18.562333333333335,February
1996-02-13,18.96,1996,2,1,0.9499999999999993,5.274847307051633,18.533333333333335,February
1996-02-14,18.86,1996,2,1,-0.10000000000000142,-0.527426160337563,18.498666666666665,February
1996-02-15,19.02,1996,2,1,0.16000000000000014,0.8483563096500557,18.467333333333332,February
1996-02-16,19.16,1996,2,1,0.14000000000000057,0.7360672975814886,18.43066666666667,February
1996-02-20,21.07,1996,2,1,1.9100000000000001,9.968684759916503,18.449666666666666,February
1996-02-21,21.63,1996,2,1,0.5599999999999987,2.657807308970095,18.508666666666667,February
1996-02-22,22.14,1996,2,1,0.5100000000000016,2.3578363384188616,18.59133333333333,February
1996-02-23,20.97,1996,2,1,-1.1700000000000017,-5.284552845528467,18.66133333333333,February
1996-02-26,19.45,1996,2,1,-1.5199999999999996,-7.248450166905096,18.700333333333333,February
1996-02-27,19.65,1996,2,1,0.1999999999999993,1.0282776349614275,18.741333333333333,February
1996-02-28,19.3,1996,2,1,-0.34999999999999787,-1.781170483460548,18.780666666666665,February
1996-02-29,19.59,1996,2,1,0.28999999999999915,1.5025906735751215,18.81433333333333,February
1996-03-01,19.45,1996,3,1,-0.14000000000000057,-0.714650331801947,18.825333333333333,March
1996-03-04,19.24,1996,3,1,-0.21000000000000085,-1.0796915167095134,18.835333333333335,March
1996-03-05,19.65,1996,3,1,0.41000000000000014,2.130977130977141,18.874000000000002,March
1996-03-06,20.16,1996,3,1,0.5100000000000016,2.595419847328251,18.926666666666666,March
1996-03-07,19.87,1996,3,1,-0.28999999999999915,-1.4384920634920584,18.957333333333334,March
1996-03-08,19.66,1996,3,1,-0.21000000000000085,-1.0568696527428312,19.010666666666665,March
1996-03-11,19.92,1996,3,1,0.26000000000000156,1.322482197355046,19.085333333333335,March
1996-03-12,20.42,1996,3,1,0.5,2.5100401606425793,19.188333333333333,March
1996-03-13,20.49,1996,3,1,0.06999999999999673,0.342801175318308,19.283,March
1996-03-14,21.18,1996,3,1,0.6900000000000013,3.3674963396779,19.397,March
1996-03-15,21.99,1996,3,1,0.8099999999999987,3.82436260623229,19.542333333333332,March
1996-03-18,23.23,1996,3,1,1.240000000000002,5.638926784902232,19.72233333333333,March
1996-03-19,24.56,1996,3,1,1.3299999999999983,5.725355144210065,19.956666666666667,March
1996-03-20,22.74,1996,3,1,-1.8200000000000003,-7.4104234527687325,20.123333333333335,March
1996-03-21,22.44,1996,3,1,-0.29999999999999716,-1.319261213720302,20.281,March
1996-03-22,22.85,1996,3,1,0.41000000000000014,1.8270944741533013,20.449666666666666,March
1996-03-25,23.23,1996,3,1,0.379999999999999,1.6630196936542552,20.629666666666665,March
1996-03-26,22.38,1996,3,1,-0.8500000000000014,-3.659061558329757,20.775333333333332,March
1996-03-27,21.64,1996,3,1,-0.7399999999999984,-3.3065236818587973,20.86466666666667,March
1996-03-28,21.45,1996,3,1,-0.19000000000000128,-0.8780036968576765,20.951,March
1996-03-29,21.43,1996,3,1,-0.019999999999999574,-0.09324009324008786,21.031333333333336,March
1996-04-01,22.29,1996,4,2,0.8599999999999994,4.013065795613624,21.135666666666665,April
1996-04-02,22.68,1996,4,2,0.39000000000000057,1.749663526244949,21.189333333333334,April
1996-04-03,22.22,1996,4,2,-0.46000000000000085,-2.028218694885364,21.209,April
1996-04-04,22.75,1996,4,2,0.5300000000000011,2.3852385238523954,21.229333333333333,April
1996-04-08,23.01,1996,4,2,0.26000000000000156,1.1428571428571566,21.29733333333333,April
1996-04-09,23.23,1996,4,2,0.21999999999999886,0.9561060408517896,21.423333333333332,April
1996-04-10,24.08,1996,4,2,0.8499999999999979,3.659061558329735,21.571,April
1996-04-11,25.15,1996,4,2,1.0700000000000003,4.4435215946843964,21.766000000000002,April
1996-04-12,24.29,1996,4,2,-0.8599999999999994,-3.4194831013916516,21.922666666666665,April
1996-04-15,25.13,1996,4,2,0.8399999999999999,3.458213256484144,22.112,April
1996-04-16,24.48,1996,4,2,-0.6499999999999986,-2.5865499403103787,22.286666666666665,April
1996-04-17,24.67,1996,4,2,0.19000000000000128,0.7761437908496704,22.454,April
1996-04-18,23.47,1996,4,2,-1.2000000000000028,-4.864207539521692,22.56433333333333,April
1996-04-19,23.96,1996,4,2,0.490000000000002,2.0877716233489663,22.700666666666667,April
1996-04-22,23.94,1996,4,2,-0.019999999999999574,-0.08347245409014992,22.843333333333337,April
1996-04-23,24.39,1996,4,2,0.4499999999999993,1.8796992481203034,22.99233333333333,April
1996-04-24,24.0,1996,4,2,-0.39000000000000057,-1.5990159901599021,23.111666666666668,April
1996-04-25,24.35,1996,4,2,0.3500000000000014,1.4583333333333393,23.240333333333336,April
1996-04-26,22.33,1996,4,2,-2.020000000000003,-8.295687885010283,23.278666666666666,April
1996-04-29,22.07,1996,4,2,-0.259999999999998,-1.164352888490816,23.281333333333336,April
1996-04-30,20.95,1996,4,2,-1.120000000000001,-5.0747621205256,23.205333333333332,April
1996-05-01,20.81,1996,5,2,-0.14000000000000057,-0.6682577565632508,23.080333333333332,May
1996-05-02,20.78,1996,5,2,-0.029999999999997584,-0.14416146083612302,23.015,May
1996-05-03,21.19,1996,5,2,0.41000000000000014,1.9730510105871124,22.973333333333336,May
1996-05-06,21.06,1996,5,2,-0.13000000000000256,-0.613496932515345,22.913666666666664,May
1996-05-07,21.07,1996,5,2,0.010000000000001563,0.04748338081672632,22.841666666666665,May
1996-05-08,21.13,1996,5,2,0.05999999999999872,0.28476506881822683,22.8,May
1996-05-09,20.65,1996,5,2,-0.4800000000000004,-2.271651680075726,22.767,May
1996-05-10,21.01,1996,5,2,0.360000000000003,1.7433414043583673,22.752333333333336,May
1996-05-13,21.23,1996,5,2,0.21999999999999886,1.0471204188481575,22.74566666666667,May
1996-05-14,21.35,1996,5,2,0.120000000000001,0.5652378709373629,22.714333333333336,May
1996-05-15,21.28,1996,5,2,-0.07000000000000028,-0.3278688524590123,22.667666666666666,May
1996-05-16,20.79,1996,5,2,-0.490000000000002,-2.3026315789473784,22.62,May
1996-05-17,20.64,1996,5,2,-0.14999999999999858,-0.7215007215007119,22.549666666666667,May
1996-05-20,22.28,1996,5,2,1.6400000000000006,7.945736434108519,22.525333333333336,May
1996-05-21,21.95,1996,5,2,-0.33000000000000185,-1.4811490125673288,22.482666666666667,May
1996-05-22,23.02,1996,5,2,1.0700000000000003,4.874715261958995,22.447333333333333,May
1996-05-23,22.35,1996,5,2,-0.6699999999999982,-2.9105125977410884,22.354,May
1996-05-24,21.58,1996,5,2,-0.7700000000000031,-3.4451901565995646,22.26366666666667,May
1996-05-28,21.1,1996,5,2,-0.4799999999999969,-2.2242817423540173,22.12933333333334,May
1996-05-29,20.65,1996,5,2,-0.45000000000000284,-2.1327014218009643,22.00166666666667,May
1996-05-30,19.95,1996,5,2,-0.6999999999999993,-3.3898305084745783,21.84433333333333,May
1996-05-31,19.77,1996,5,2,-0.17999999999999972,-0.9022556390977376,21.721000000000004,May
1996-06-03,19.86,1996,6,2,0.08999999999999986,0.4552352048558417,21.584333333333333,June
1996-06-04,20.28,1996,6,2,0.4200000000000017,2.114803625377659,21.462333333333333,June
1996-06-05,19.73,1996,6,2,-0.5500000000000007,-2.7120315581854126,21.307,June
1996-06-06,20.06,1996,6,2,0.3299999999999983,1.6725798276735926,21.175666666666665,June
1996-06-07,20.28,1996,6,2,0.22000000000000242,1.0967098703888567,21.04,June
1996-06-10,20.18,1996,6,2,-0.10000000000000142,-0.4930966469428033,20.968333333333337,June
1996-06-11,20.13,1996,6,2,-0.05000000000000071,-0.24777006937561907,20.903666666666666,June
1996-06-12,20.13,1996,6,2,0.0,0.0,20.876333333333335,June
1996-06-13,20.03,1996,6,2,-0.09999999999999787,-0.4967709885742577,20.85033333333333,June
1996-06-14,20.28,1996,6,2,0.25,1.248127808287558,20.833666666666666,June
1996-06-17,21.43,1996,6,2,1.1499999999999986,5.670611439842199,20.841666666666665,June
1996-06-18,21.53,1996,6,2,0.10000000000000142,0.46663555762949116,20.857333333333333,June
1996-06-19,20.73,1996,6,2,-0.8000000000000007,-3.7157454714352056,20.846,June
1996-06-20,20.68,1996,6,2,-0.05000000000000071,-0.2411963338157297,20.831,June
1996-06-21,20.38,1996,6,2,-0.3000000000000007,-1.4506769825918808,20.822,June
1996-06-24,20.1,1996,6,2,-0.2799999999999976,-1.3738959764474812,20.791666666666668,June
1996-06-25,20.13,1996,6,2,0.029999999999997584,0.14925373134326847,20.755,June
1996-06-26,20.63,1996,6,2,0.5,2.483854942871333,20.730999999999998,June
1996-06-27,20.98,1996,6,2,0.3500000000000014,1.696558410082405,20.721,June
1996-06-28,20.92,1996,6,2,-0.05999999999999872,-0.2859866539561384,20.72533333333333,June
1996-07-01,21.48,1996,7,3,0.5599999999999987,2.6768642447418722,20.753333333333334,July
1996-07-02,21.08,1996,7,3,-0.40000000000000213,-1.862197392923659,20.71333333333333,July
1996-07-03,21.38,1996,7,3,0.3000000000000007,1.4231499051233332,20.694333333333336,July
1996-07-05,21.65,1996,7,3,0.2699999999999996,1.2628624883068262,20.648666666666667,July
1996-07-08,21.33,1996,7,3,-0.3200000000000003,-1.4780600461893778,20.61466666666667,July
1996-07-09,21.52,1996,7,3,0.19000000000000128,0.8907641819034362,20.612666666666666,July
1996-07-10,21.56,1996,7,3,0.03999999999999915,0.18587360594795044,20.627999999999997,July
1996-07-11,21.96,1996,7,3,0.40000000000000213,1.855287569573294,20.671666666666667,July
1996-07-12,21.9,1996,7,3,-0.060000000000002274,-0.2732240437158584,20.736666666666668,July
1996-07-15,22.43,1996,7,3,0.5300000000000011,2.4200913242009126,20.825333333333333,July
1996-07-16,22.28,1996,7,3,-0.14999999999999858,-0.6687472135532668,20.906000000000002,July
1996-07-17,21.65,1996,7,3,-0.6300000000000026,-2.827648114901271,20.951666666666664,July
1996-07-18,21.68,1996,7,3,0.030000000000001137,0.1385681293302632,21.016666666666666,July
1996-07-19,20.95,1996,7,3,-0.7300000000000004,-3.367158671586723,21.046333333333333,July
1996-07-22,21.05,1996,7,3,0.10000000000000142,0.4773269689737569,21.072,July
1996-07-23,21.58,1996,7,3,0.5299999999999976,2.51781472684085,21.118666666666666,July
1996-07-24,20.97,1996,7,3,-0.6099999999999994,-2.8266913809082417,21.146666666666665,July
1996-07-25,21.05,1996,7,3,0.08000000000000185,0.3814973772055419,21.17733333333333,July
1996-07-26,20.13,1996,7,3,-0.9200000000000017,-4.370546318289792,21.180666666666664,July
1996-07-29,20.28,1996,7,3,0.15000000000000213,0.7451564828614199,21.180666666666664,July
1996-07-30,20.28,1996,7,3,0.0,0.0,21.142333333333333,July
1996-07-31,20.46,1996,7,3,0.17999999999999972,0.8875739644970349,21.106666666666666,July
1996-08-01,20.95,1996,8,3,0.48999999999999844,2.394916911045941,21.113999999999997,August
1996-08-02,21.35,1996,8,3,0.40000000000000213,1.9093078758950055,21.136333333333333,August
1996-08-05,21.25,1996,8,3,-0.10000000000000142,-0.4683840749414636,21.165333333333333,August
1996-08-06,21.08,1996,8,3,-0.1700000000000017,-0.8000000000000118,21.197999999999997,August
1996-08-07,21.35,1996,8,3,0.2700000000000031,1.2808349146110176,21.238666666666667,August
1996-08-08,21.45,1996,8,3,0.09999999999999787,0.4683840749414525,21.266000000000002,August
1996-08-09,21.6,1996,8,3,0.15000000000000213,0.6993006993007089,21.28666666666667,August
1996-08-12,22.25,1996,8,3,0.6499999999999986,3.009259259259256,21.331000000000003,August
1996-08-13,22.35,1996,8,3,0.10000000000000142,0.44943820224718767,21.36,August
1996-08-14,22.1,1996,8,3,-0.25,-1.118568232662187,21.394,August
1996-08-15,21.95,1996,8,3,-0.15000000000000213,-0.6787330316742168,21.413,August
1996-08-16,22.6,1996,8,3,0.6500000000000021,2.9612756264236983,21.444666666666667,August
1996-08-19,23.1,1996,8,3,0.5,2.212389380530966,21.503666666666664,August
1996-08-20,22.53,1996,8,3,-0.5700000000000003,-2.467532467532474,21.537333333333333,August
1996-08-21,22.15,1996,8,3,-0.38000000000000256,-1.6866400355082245,21.557000000000002,August
1996-08-22,22.48,1996,8,3,0.33000000000000185,1.4898419864559864,21.574333333333335,August
1996-08-23,22.23,1996,8,3,-0.25,-1.1120996441281172,21.585333333333335,August
1996-08-26,21.55,1996,8,3,-0.6799999999999997,-3.058929374718844,21.555999999999997,August
1996-08-27,21.35,1996,8,3,-0.1999999999999993,-0.9280742459396696,21.525,August
1996-08-28,21.75,1996,8,3,0.3999999999999986,1.87353629976581,21.528333333333332,August
1996-08-29,22.2,1996,8,3,0.4499999999999993,2.0689655172413834,21.545666666666666,August
1996-08-30,22.25,1996,8,3,0.05000000000000071,0.22522522522523403,21.589,August
1996-09-03,23.35,1996,9,3,1.1000000000000014,4.943820224719109,21.665666666666667,September
1996-09-04,23.25,1996,9,3,-0.10000000000000142,-0.4282655246252709,21.721333333333334,September
1996-09-05,23.45,1996,9,3,0.1999999999999993,0.8602150537634357,21.804,September
1996-09-06,23.85,1996,9,3,0.40000000000000213,1.7057569296375252,21.897333333333336,September
1996-09-09,23.75,1996,9,3,-0.10000000000000142,-0.41928721174004924,22.018000000000004,September
1996-09-10,24.15,1996,9,3,0.3999999999999986,1.684210526315777,22.147000000000002,September
1996-09-11,24.75,1996,9,3,0.6000000000000014,2.4844720496894457,22.296,September
1996-09-12,24.95,1996,9,3,0.1999999999999993,0.8080808080808133,22.445666666666668,September
1996-09-13,24.5,1996,9,3,-0.4499999999999993,-1.8036072144288595,22.564,September
1996-09-16,23.3,1996,9,3,-1.1999999999999993,-4.8979591836734615,22.629,September
1996-09-17,23.4,1996,9,3,0.09999999999999787,0.42918454935620964,22.700666666666667,September
1996-09-18,23.85,1996,9,3,0.45000000000000284,1.9230769230769384,22.793000000000003,September
1996-09-19,23.45,1996,9,3,-0.40000000000000213,-1.6771488469601747,22.863,September
1996-09-20,23.6,1996,9,3,0.15000000000000213,0.6396588486140775,22.934666666666665,September
1996-09-23,23.83,1996,9,3,0.22999999999999687,0.9745762711864225,23.009,September
1996-09-24,24.55,1996,9,3,0.7200000000000024,3.0214015946286255,23.085666666666665,September
1996-09-25,24.6,1996,9,3,0.05000000000000071,0.20366598778003286,23.160666666666668,September
1996-09-26,24.05,1996,9,3,-0.5500000000000007,-2.2357723577235755,23.225666666666665,September
1996-09-27,24.6,1996,9,3,0.5500000000000007,2.2869022869022926,23.314,September
1996-09-30,24.2,1996,9,3,-0.40000000000000213,-1.6260162601626105,23.36733333333333,September
1996-10-01,24.35,1996,10,4,0.15000000000000213,0.6198347107438051,23.409000000000002,October
1996-10-02,24.05,1996,10,4,-0.3000000000000007,-1.2320328542094527,23.459666666666667,October
1996-10-03,24.85,1996,10,4,0.8000000000000007,3.3264033264033266,23.549666666666667,October
1996-10-04,24.75,1996,10,4,-0.10000000000000142,-0.4024144869215318,23.625333333333334,October
1996-10-07,25.25,1996,10,4,0.5,2.020202020202011,23.726,October
1996-10-08,25.45,1996,10,4,0.1999999999999993,0.7920792079207928,23.856,October
1996-10-09,25.0,1996,10,4,-0.4499999999999993,-1.7681728880157177,23.977666666666668,October
1996-10-10,24.3,1996,10,4,-0.6999999999999993,-2.8000000000000025,24.062666666666665,October
1996-10-11,24.65,1996,10,4,0.34999999999999787,1.4403292181069949,24.144333333333336,October
1996-10-14,25.5,1996,10,4,0.8500000000000014,3.4482758620689724,24.252666666666666,October
1996-10-15,25.45,1996,10,4,-0.05000000000000071,-0.19607843137254832,24.32266666666667,October
1996-10-16,25.1,1996,10,4,-0.34999999999999787,-1.3752455795677743,24.384333333333338,October
1996-10-17,25.4,1996,10,4,0.29999999999999716,1.195219123505975,24.449333333333335,October
1996-10-18,25.8,1996,10,4,0.40000000000000213,1.5748031496063186,24.514333333333333,October
1996-10-21,25.85,1996,10,4,0.05000000000000071,0.19379844961240345,24.584333333333333,October
1996-10-22,25.79,1996,10,4,-0.060000000000002274,-0.2321083172147076,24.639,October
1996-10-23,24.78,1996,10,4,-1.009999999999998,-3.9162466072120927,24.64,October
1996-10-24,24.55,1996,10,4,-0.23000000000000043,-0.9281678773204183,24.62666666666667,October
1996-10-25,24.8,1996,10,4,0.25,1.0183299389002087,24.636666666666667,October
1996-10-28,24.75,1996,10,4,-0.05000000000000071,-0.20161290322581182,24.685,October
1996-10-29,24.15,1996,10,4,-0.6000000000000014,-2.4242424242424288,24.709999999999997,October
1996-10-30,24.4,1996,10,4,0.25,1.0351966873705987,24.728333333333335,October
1996-10-31,23.25,1996,10,4,-1.1499999999999986,-4.713114754098358,24.72166666666667,October
1996-11-01,23.0,1996,11,4,-0.25,-1.0752688172043001,24.701666666666668,November
1996-11-04,22.8,1996,11,4,-0.1999999999999993,-0.8695652173912993,24.667333333333332,November
1996-11-05,22.65,1996,11,4,-0.15000000000000213,-0.6578947368421129,24.604,November
1996-11-06,22.75,1996,11,4,0.10000000000000142,0.44150110375276164,24.542333333333332,November
1996-11-07,22.8,1996,11,4,0.05000000000000071,0.219780219780219,24.50066666666667,November
1996-11-08,23.6,1996,11,4,0.8000000000000007,3.5087719298245723,24.467333333333332,November
1996-11-11,23.35,1996,11,4,-0.25,-1.0593220338983023,24.439,November
1996-11-12,23.4,1996,11,4,0.04999999999999716,0.21413276231261325,24.407333333333334,November
1996-11-13,24.25,1996,11,4,0.8500000000000014,3.6324786324786418,24.414,November
1996-11-14,24.35,1996,11,4,0.10000000000000142,0.4123711340206171,24.397333333333332,November
1996-11-15,24.15,1996,11,4,-0.20000000000000284,-0.8213552361396426,24.377333333333333,November
1996-11-18,23.85,1996,11,4,-0.29999999999999716,-1.2422360248447117,24.330666666666666,November
1996-11-19,24.5,1996,11,4,0.6499999999999986,2.7253668763102645,24.298999999999996,November
1996-11-20,23.75,1996,11,4,-0.75,-3.0612244897959218,24.25733333333333,November
1996-11-21,23.9,1996,11,4,0.14999999999999858,0.6315789473684053,24.243999999999996,November
1996-11-22,24.15,1996,11,4,0.25,1.0460251046025215,24.227333333333334,November
1996-11-25,25.75,1996,11,4,1.6000000000000014,6.62525879917184,24.235666666666667,November
1996-11-26,23.7,1996,11,4,-2.0500000000000007,-7.961165048543695,24.17733333333333,November
1996-11-27,23.7,1996,11,4,0.0,0.0,24.130666666666666,November
1996-11-29,23.7,1996,11,4,0.0,0.0,24.073999999999998,November
1996-12-02,24.7,1996,12,4,1.0,4.219409282700415,24.037333333333333,December
1996-12-03,24.8,1996,12,4,0.10000000000000142,0.4048582995951566,24.002333333333333,December
1996-12-04,25.0,1996,12,4,0.1999999999999993,0.8064516129032251,23.976,December
1996-12-05,25.6,1996,12,4,0.6000000000000014,2.400000000000002,24.003333333333334,December
1996-12-06,25.6,1996,12,4,0.0,0.0,24.038333333333334,December
1996-12-09,25.15,1996,12,4,-0.45000000000000284,-1.757812500000011,24.05,December
1996-12-10,24.25,1996,12,4,-0.8999999999999986,-3.5785288270377635,24.033333333333335,December
1996-12-11,23.4,1996,12,4,-0.8500000000000014,-3.5051546391752675,24.00833333333333,December
1996-12-12,23.75,1996,12,4,0.3500000000000014,1.4957264957265126,23.986666666666665,December
1996-12-13,24.45,1996,12,4,0.6999999999999993,2.947368421052632,24.026666666666664,December
1996-12-16,25.7,1996,12,4,1.25,5.112474437627812,24.116666666666667,December
1996-12-17,25.7,1996,12,4,0.0,0.0,24.21333333333333,December
1996-12-18,26.05,1996,12,4,0.3500000000000014,1.3618677042801508,24.326666666666668,December
1996-12-19,26.55,1996,12,4,0.5,1.9193857965451144,24.453333333333333,December
1996-12-20,26.1,1996,12,4,-0.4499999999999993,-1.6949152542372836,24.563333333333333,December
1996-12-23,26.4,1996,12,4,0.29999999999999716,1.1494252873563093,24.656666666666663,December
1996-12-24,25.05,1996,12,4,-1.3499999999999979,-5.1136363636363535,24.71333333333333,December
1996-12-26,25.1,1996,12,4,0.05000000000000071,0.1996007984031989,24.77,December
1996-12-27,25.2,1996,12,4,0.09999999999999787,0.3984063745019917,24.801666666666666,December
1996-12-30,25.35,1996,12,4,0.15000000000000213,0.5952380952380931,24.835,December
1996-12-31,25.9,1996,12,4,0.5499999999999972,2.1696252465483123,24.893333333333334,December
1997-01-02,25.55,1997,1,1,-0.34999999999999787,-1.3513513513513487,24.95,January
1997-01-03,25.55,1997,1,1,0.0,0.0,24.985000000000003,January
1997-01-06,26.25,1997,1,1,0.6999999999999993,2.739726027397249,25.068333333333335,January
1997-01-07,26.25,1997,1,1,0.0,0.0,25.14666666666667,January
1997-01-08,26.55,1997,1,1,0.3000000000000007,1.1428571428571566,25.226666666666667,January
1997-01-09,26.3,1997,1,1,-0.25,-0.941619585687381,25.244999999999997,January
1997-01-10,26.15,1997,1,1,-0.15000000000000213,-0.5703422053232043,25.326666666666668,January
1997-01-13,25.2,1997,1,1,-0.9499999999999993,-3.632887189292544,25.376666666666665,January
1997-01-14,25.1,1997,1,1,-0.09999999999999787,-0.3968253968253843,25.423333333333336,January
1997-01-15,25.95,1997,1,1,0.8499999999999979,3.3864541832669293,25.465,January
1997-01-16,25.45,1997,1,1,-0.5,-1.9267822736030782,25.486666666666668,January
1997-01-17,25.4,1997,1,1,-0.05000000000000071,-0.19646365422396617,25.5,January
1997-01-20,25.1,1997,1,1,-0.29999999999999716,-1.1811023622047112,25.483333333333334,January
1997-01-21,24.8,1997,1,1,-0.3000000000000007,-1.195219123505975,25.456666666666667,January
1997-01-22,24.4,1997,1,1,-0.40000000000000213,-1.6129032258064613,25.43166666666667,January
1997-01-23,23.85,1997,1,1,-0.5499999999999972,-2.254098360655721,25.418333333333337,January
1997-01-24,23.85,1997,1,1,0.0,0.0,25.433333333333334,January
1997-01-27,23.85,1997,1,1,0.0,0.0,25.436666666666667,January
1997-01-28,23.9,1997,1,1,0.04999999999999716,0.20964360587001352,25.418333333333333,January
1997-01-29,24.5,1997,1,1,0.6000000000000014,2.5104602510460206,25.37833333333333,January
1997-01-30,24.8,1997,1,1,0.3000000000000007,1.2244897959183598,25.348333333333336,January
1997-01-31,24.15,1997,1,1,-0.6500000000000021,-2.620967741935487,25.285,January
1997-02-03,24.2,1997,2,1,0.05000000000000071,0.20703933747412417,25.206666666666667,February
1997-02-04,24.0,1997,2,1,-0.1999999999999993,-0.8264462809917328,25.136666666666667,February
1997-02-05,23.9,1997,2,1,-0.10000000000000142,-0.4166666666666763,25.053333333333335,February
1997-02-06,23.05,1997,2,1,-0.8499999999999979,-3.556485355648531,24.986666666666668,February
1997-02-07,22.3,1997,2,1,-0.75,-3.253796095444683,24.893333333333334,February
1997-02-10,22.45,1997,2,1,0.14999999999999858,0.6726457399103047,24.801666666666666,February
1997-02-11,22.35,1997,2,1,-0.09999999999999787,-0.44543429844097204,24.701666666666664,February
1997-02-12,21.75,1997,2,1,-0.6000000000000014,-2.684563758389269,24.563333333333333,February
1997-02-13,22.1,1997,2,1,0.3500000000000014,1.6091954022988464,24.448333333333334,February
1997-02-14,22.4,1997,2,1,0.29999999999999716,1.3574660633484115,24.34333333333333,February
1997-02-18,22.5,1997,2,1,0.10000000000000142,0.44642857142858094,24.21833333333333,February
1997-02-19,22.65,1997,2,1,0.14999999999999858,0.6666666666666599,24.098333333333333,February
1997-02-20,21.95,1997,2,1,-0.6999999999999993,-3.0905077262693093,23.945,February
1997-02-21,21.6,1997,2,1,-0.34999999999999787,-1.5945330296127436,23.788333333333334,February
1997-02-24,21.0,1997,2,1,-0.6000000000000014,-2.777777777777779,23.616666666666667,February
1997-02-25,20.95,1997,2,1,-0.05000000000000071,-0.23809523809523725,23.475,February
1997-02-26,21.1,1997,2,1,0.15000000000000213,0.7159904534606243,23.341666666666665,February
1997-02-27,20.8,1997,2,1,-0.3000000000000007,-1.4218009478673022,23.169999999999998,February
1997-02-28,20.3,1997,2,1,-0.5,-2.4038461538461564,22.998333333333335,February
1997-03-03,20.25,1997,3,1,-0.05000000000000071,-0.24630541871921707,22.826666666666668,March
1997-03-04,20.75,1997,3,1,0.5,2.4691358024691468,22.68166666666667,March
1997-03-05,20.5,1997,3,1,-0.25,-1.2048192771084376,22.538333333333334,March
1997-03-06,21.0,1997,3,1,0.5,2.4390243902439046,22.425,March
1997-03-07,21.35,1997,3,1,0.3500000000000014,1.666666666666683,22.341666666666665,March
1997-03-10,20.5,1997,3,1,-0.8500000000000014,-3.9812646370023463,22.230000000000004,March
1997-03-11,20.15,1997,3,1,-0.3500000000000014,-1.7073170731707332,22.10666666666667,March
1997-03-12,20.6,1997,3,1,0.45000000000000284,2.2332506203474045,21.996666666666666,March
1997-03-13,20.65,1997,3,1,0.04999999999999716,0.24271844660193054,21.868333333333336,March
1997-03-14,21.3,1997,3,1,0.6500000000000021,3.14769975786926,21.751666666666665,March
1997-03-17,20.9,1997,3,1,-0.40000000000000213,-1.8779342723004744,21.64333333333333,March
1997-03-18,22.0,1997,3,1,1.1000000000000014,5.2631578947368585,21.569999999999997,March
1997-03-19,22.0,1997,3,1,0.0,0.0,21.50333333333333,March
1997-03-20,22.0,1997,3,1,0.0,0.0,21.44,March
1997-03-21,21.7,1997,3,1,-0.3000000000000007,-1.3636363636363669,21.395,March
1997-03-24,21.0,1997,3,1,-0.6999999999999993,-3.2258064516129004,21.351666666666667,March
1997-03-25,20.95,1997,3,1,-0.05000000000000071,-0.23809523809523725,21.30166666666667,March
1997-03-26,20.65,1997,3,1,-0.3000000000000007,-1.4319809069212486,21.245,March
1997-03-27,20.7,1997,3,1,0.05000000000000071,0.2421307506053294,21.209999999999997,March
1997-03-31,20.35,1997,3,1,-0.34999999999999787,-1.6908212560386326,21.151666666666664,March
1997-04-01,20.3,1997,4,2,-0.05000000000000071,-0.24570024570025328,21.081666666666667,April
1997-04-02,19.55,1997,4,2,-0.75,-3.6945812807881784,20.983333333333334,April
1997-04-03,19.45,1997,4,2,-0.10000000000000142,-0.5115089514066584,20.87666666666667,April
1997-04-04,19.15,1997,4,2,-0.3000000000000007,-1.5424164524421635,20.783333333333335,April
1997-04-07,19.25,1997,4,2,0.10000000000000142,0.5221932114882533,20.705,April
1997-04-08,19.35,1997,4,2,0.10000000000000142,0.5194805194805197,20.65,April
1997-04-09,19.25,1997,4,2,-0.10000000000000142,-0.5167958656330796,20.593333333333337,April
1997-04-10,19.55,1997,4,2,0.3000000000000007,1.558441558441559,20.541666666666668,April
1997-04-11,19.5,1997,4,2,-0.05000000000000071,-0.2557544757033292,20.498333333333335,April
1997-04-14,19.9,1997,4,2,0.3999999999999986,2.051282051282044,20.485,April
1997-04-15,19.6,1997,4,2,-0.29999999999999716,-1.5075376884421954,20.46333333333333,April
1997-04-16,19.35,1997,4,2,-0.25,-1.2755102040816313,20.416666666666668,April
1997-04-17,19.5,1997,4,2,0.14999999999999858,0.7751937984496138,20.383333333333333,April
1997-04-18,19.9,1997,4,2,0.3999999999999986,2.051282051282044,20.346666666666668,April
1997-04-21,20.35,1997,4,2,0.45000000000000284,2.261306532663321,20.313333333333333,April
1997-04-22,19.6,1997,4,2,-0.75,-3.6855036855036882,20.283333333333335,April
1997-04-23,19.65,1997,4,2,0.04999999999999716,0.25510204081631294,20.266666666666666,April
1997-04-24,19.85,1997,4,2,0.20000000000000284,1.0178117048346147,20.241666666666667,April
1997-04-25,19.8,1997,4,2,-0.05000000000000071,-0.25188916876575096,20.21333333333333,April
1997-04-28,19.85,1997,4,2,0.05000000000000071,0.2525252525252597,20.165000000000003,April
1997-04-29,20.4,1997,4,2,0.5499999999999972,2.7707808564231495,20.14833333333333,April
1997-04-30,20.2,1997,4,2,-0.1999999999999993,-0.9803921568627416,20.088333333333335,April
1997-05-01,19.9,1997,5,2,-0.3000000000000007,-1.4851485148514865,20.018333333333334,May
1997-05-02,19.6,1997,5,2,-0.29999999999999716,-1.5075376884421954,19.938333333333333,May
1997-05-05,19.6,1997,5,2,0.0,0.0,19.868333333333336,May
1997-05-06,19.7,1997,5,2,0.09999999999999787,0.5102040816326481,19.825,May
1997-05-07,19.6,1997,5,2,-0.09999999999999787,-0.50761421319796,19.779999999999998,May
1997-05-08,20.35,1997,5,2,0.75,3.826530612244894,19.77,May
1997-05-09,20.45,1997,5,2,0.09999999999999787,0.49140049140048436,19.761666666666667,May
1997-05-12,21.4,1997,5,2,0.9499999999999993,4.645476772616131,19.79666666666667,May
1997-05-13,21.1,1997,5,2,-0.29999999999999716,-1.4018691588784882,19.82333333333333,May
1997-05-14,21.35,1997,5,2,0.25,1.1848341232227444,19.883333333333333,May
1997-05-15,21.3,1997,5,2,-0.05000000000000071,-0.23419203747072626,19.945,May
1997-05-16,22.1,1997,5,2,0.8000000000000007,3.7558685446009488,20.043333333333333,May
1997-05-19,21.5,1997,5,2,-0.6000000000000014,-2.714932126696834,20.118333333333332,May
1997-05-20,21.2,1997,5,2,-0.3000000000000007,-1.3953488372093092,20.18,May
1997-05-21,21.6,1997,5,2,0.40000000000000213,1.8867924528301883,20.258333333333333,May
1997-05-22,21.6,1997,5,2,0.0,0.0,20.326666666666668,May
1997-05-23,21.25,1997,5,2,-0.3500000000000014,-1.620370370370372,20.385,May
1997-05-27,20.75,1997,5,2,-0.5,-2.352941176470591,20.413333333333338,May
1997-05-28,20.7,1997,5,2,-0.05000000000000071,-0.24096385542169418,20.45,May
1997-05-29,21.15,1997,5,2,0.4499999999999993,2.1739130434782483,20.509999999999998,May
1997-05-30,21.0,1997,5,2,-0.14999999999999858,-0.7092198581560183,20.56,May
1997-06-02,21.15,1997,6,2,0.14999999999999858,0.7142857142857117,20.60166666666667,June
1997-06-03,20.35,1997,6,2,-0.7999999999999972,-3.782505910165468,20.601666666666667,June
1997-06-04,20.3,1997,6,2,-0.05000000000000071,-0.24570024570025328,20.625,June
1997-06-05,19.8,1997,6,2,-0.5,-2.463054187192115,20.63,June
1997-06-06,19.0,1997,6,2,-0.8000000000000007,-4.040404040404044,20.601666666666667,June
1997-06-09,18.85,1997,6,2,-0.14999999999999858,-0.7894736842105177,20.57,June
1997-06-10,18.85,1997,6,2,0.0,0.0,20.53666666666667,June
1997-06-11,18.75,1997,6,2,-0.10000000000000142,-0.5305039787798504,20.48166666666667,June
1997-06-12,19.0,1997,6,2,0.25,1.333333333333342,20.441666666666666,June
1997-06-13,18.95,1997,6,2,-0.05000000000000071,-0.2631578947368429,20.41,June
1997-06-16,19.1,1997,6,2,0.15000000000000213,0.7915567282322122,20.39333333333333,June
1997-06-17,19.3,1997,6,2,0.1999999999999993,1.0471204188481575,20.383333333333333,June
1997-06-18,18.9,1997,6,2,-0.40000000000000213,-2.0725388601036343,20.35666666666667,June
1997-06-19,18.75,1997,6,2,-0.14999999999999858,-0.7936507936507908,20.328333333333333,June
1997-06-20,18.6,1997,6,2,-0.14999999999999858,-0.7999999999999896,20.27,June
1997-06-23,18.9,1997,6,2,0.29999999999999716,1.612903225806428,20.218333333333337,June
1997-06-24,18.71,1997,6,2,-0.18999999999999773,-1.005291005290998,20.128666666666664,June
1997-06-25,19.12,1997,6,2,0.41000000000000014,2.191341528594326,20.062666666666665,June
1997-06-26,18.84,1997,6,2,-0.28000000000000114,-1.4644351464435212,19.979,June
1997-06-27,19.42,1997,6,2,0.5800000000000018,3.0785562632696495,19.916333333333334,June
1997-06-30,19.82,1997,6,2,0.3999999999999986,2.0597322348094638,19.840333333333334,June
1997-07-01,20.11,1997,7,3,0.28999999999999915,1.4631685166498487,19.794,July
1997-07-02,20.39,1997,7,3,0.28000000000000114,1.392342118349088,19.767,July
1997-07-03,19.48,1997,7,3,-0.9100000000000001,-4.4629720451201615,19.69633333333333,July
1997-07-07,19.53,1997,7,3,0.05000000000000071,0.2566735112936369,19.627333333333333,July
1997-07-08,19.67,1997,7,3,0.14000000000000057,0.7168458781362075,19.574666666666666,July
1997-07-09,19.4,1997,7,3,-0.2700000000000031,-1.3726487036095691,19.529666666666667,July
1997-07-10,19.22,1997,7,3,-0.17999999999999972,-0.9278350515463885,19.480333333333338,July
1997-07-11,19.39,1997,7,3,0.1700000000000017,0.8844953173777315,19.42166666666667,July
1997-07-14,18.92,1997,7,3,-0.46999999999999886,-2.4239298607529602,19.352333333333334,July
1997-07-15,19.81,1997,7,3,0.889999999999997,4.704016913319231,19.307666666666666,July
1997-07-16,19.57,1997,7,3,-0.23999999999999844,-1.2115093387178089,19.28166666666667,July
1997-07-17,19.92,1997,7,3,0.3500000000000014,1.7884517118037957,19.269,July
1997-07-18,19.22,1997,7,3,-0.7000000000000028,-3.514056224899609,19.249666666666666,July
1997-07-21,19.25,1997,7,3,0.030000000000001137,0.15608740894901274,19.258,July
1997-07-22,19.25,1997,7,3,0.0,0.0,19.271333333333335,July
1997-07-23,19.68,1997,7,3,0.4299999999999997,2.2337662337662323,19.299,July
1997-07-24,19.71,1997,7,3,0.030000000000001137,0.1524390243902607,19.331,July
1997-07-25,19.71,1997,7,3,0.0,0.0,19.354666666666667,July
1997-07-28,19.67,1997,7,3,-0.03999999999999915,-0.20294266869609334,19.378666666666668,July
1997-07-29,20.08,1997,7,3,0.4099999999999966,2.0843924758515264,19.411333333333335,July
1997-07-30,20.43,1997,7,3,0.3500000000000014,1.7430278884462247,19.448999999999998,July
1997-07-31,20.19,1997,7,3,-0.23999999999999844,-1.1747430249632762,19.492,July
1997-08-01,20.27,1997,8,3,0.0799999999999983,0.3962357602773636,19.542666666666666,August
1997-08-04,20.81,1997,8,3,0.5399999999999991,2.6640355204736066,19.616333333333333,August
1997-08-05,20.79,1997,8,3,-0.019999999999999574,-0.09610764055741905,19.679333333333332,August
1997-08-06,20.46,1997,8,3,-0.3299999999999983,-1.5873015873015817,19.73766666666667,August
1997-08-07,20.09,1997,8,3,-0.370000000000001,-1.808406647116334,19.77,August
1997-08-08,19.58,1997,8,3,-0.5100000000000016,-2.5385764061722327,19.794666666666668,August
1997-08-11,19.73,1997,8,3,0.15000000000000213,0.7660878447395492,19.805,August
1997-08-12,19.91,1997,8,3,0.17999999999999972,0.9123162696401454,19.808,August
1997-08-13,20.19,1997,8,3,0.28000000000000114,1.4063284781516971,19.81066666666667,August
1997-08-14,20.02,1997,8,3,-0.1700000000000017,-0.8420009905894088,19.798333333333336,August
1997-08-15,20.08,1997,8,3,0.05999999999999872,0.29970029970030065,19.81833333333333,August
1997-08-18,19.94,1997,8,3,-0.13999999999999702,-0.6972111553784743,19.832,August
1997-08-19,20.04,1997,8,3,0.09999999999999787,0.5015045135406071,19.84433333333333,August
1997-08-20,20.07,1997,8,3,0.030000000000001137,0.14970059880239361,19.866666666666667,August
1997-08-21,19.83,1997,8,3,-0.240000000000002,-1.195814648729454,19.886999999999997,August
1997-08-22,19.7,1997,8,3,-0.129999999999999,-0.655572365103374,19.897333333333332,August
1997-08-25,19.29,1997,8,3,-0.41000000000000014,-2.0812182741116736,19.909666666666666,August
1997-08-26,19.31,1997,8,3,0.019999999999999574,0.10368066355623817,19.893000000000004,August
1997-08-27,19.65,1997,8,3,0.33999999999999986,1.7607457276022753,19.895666666666667,August
1997-08-28,19.59,1997,8,3,-0.05999999999999872,-0.3053435114503733,19.884666666666668,August
1997-08-29,19.66,1997,8,3,0.07000000000000028,0.35732516590096797,19.899333333333335,August
1997-09-02,19.73,1997,9,3,0.07000000000000028,0.3560528992879064,19.915333333333333,September
1997-09-03,19.65,1997,9,3,-0.08000000000000185,-0.40547389761784736,19.92866666666667,September
1997-09-04,19.46,1997,9,3,-0.18999999999999773,-0.9669211195928673,19.921333333333333,September
1997-09-05,19.61,1997,9,3,0.14999999999999858,0.770811921891057,19.918000000000003,September
1997-09-08,19.43,1997,9,3,-0.17999999999999972,-0.9178990311065727,19.908666666666665,September
1997-09-09,19.5,1997,9,3,0.07000000000000028,0.3602676273803507,19.903000000000002,September
1997-09-10,19.5,1997,9,3,0.0,0.0,19.883666666666667,September
1997-09-11,19.41,1997,9,3,-0.08999999999999986,-0.4615384615384577,19.849666666666668,September
1997-09-12,19.37,1997,9,3,-0.03999999999999915,-0.20607934054610588,19.822333333333333,September
1997-09-15,19.3,1997,9,3,-0.07000000000000028,-0.36138358286009753,19.790000000000003,September
1997-09-16,19.67,1997,9,3,0.370000000000001,1.9170984455958662,19.752,September
1997-09-17,19.44,1997,9,3,-0.23000000000000043,-1.1692933401118433,19.707,September
1997-09-18,19.41,1997,9,3,-0.030000000000001137,-0.15432098765432167,19.672,September
1997-09-19,19.37,1997,9,3,-0.03999999999999915,-0.20607934054610588,19.648000000000003,September
1997-09-22,19.61,1997,9,3,0.23999999999999844,1.23902942694889,19.649,September
1997-09-23,19.71,1997,9,3,0.10000000000000142,0.5099439061703182,19.64833333333333,September
1997-09-24,20.03,1997,9,3,0.3200000000000003,1.6235413495687467,19.652333333333335,September
1997-09-25,20.38,1997,9,3,0.34999999999999787,1.7473789316025945,19.658666666666665,September
1997-09-26,20.87,1997,9,3,0.490000000000002,2.404317958783131,19.687,September
1997-09-29,21.29,1997,9,3,0.41999999999999815,2.012458073790113,19.727333333333334,September
1997-09-30,21.13,1997,9,3,-0.16000000000000014,-0.7515265382808889,19.767,September
1997-10-01,21.02,1997,10,4,-0.10999999999999943,-0.5205868433506788,19.799666666666667,October
1997-10-02,21.82,1997,10,4,0.8000000000000007,3.8058991436726863,19.858,October
1997-10-03,22.86,1997,10,4,1.0399999999999991,4.766269477543528,19.959000000000003,October
1997-10-06,21.97,1997,10,4,-0.8900000000000006,-3.8932633420822427,20.034666666666666,October
1997-10-07,21.88,1997,10,4,-0.08999999999999986,-0.4096495220755614,20.121,October
1997-10-08,22.19,1997,10,4,0.3100000000000023,1.416819012797088,20.217,October
1997-10-09,22.01,1997,10,4,-0.17999999999999972,-0.8111762054979654,20.295666666666666,October
1997-10-10,22.01,1997,10,4,0.0,0.0,20.37633333333333,October
1997-10-13,21.34,1997,10,4,-0.6700000000000017,-3.044070876874161,20.432333333333336,October
1997-10-14,20.75,1997,10,4,-0.5899999999999999,-2.764761012183692,20.466333333333335,October
1997-10-15,20.65,1997,10,4,-0.10000000000000142,-0.48192771084337727,20.499666666666666,October
1997-10-16,20.98,1997,10,4,0.33000000000000185,1.5980629539951607,20.550333333333334,October
1997-10-17,21.41,1997,10,4,0.4299999999999997,2.0495710200190587,20.610333333333333,October
1997-10-20,20.69,1997,10,4,-0.7199999999999989,-3.3629145259224558,20.652333333333335,October
1997-10-21,20.68,1997,10,4,-0.010000000000001563,-0.048332527791206115,20.691666666666666,October
1997-10-22,21.44,1997,10,4,0.7600000000000016,3.675048355899424,20.756333333333334,October
1997-10-23,21.18,1997,10,4,-0.26000000000000156,-1.2126865671641895,20.815333333333335,October
1997-10-24,20.99,1997,10,4,-0.19000000000000128,-0.8970727101038745,20.869333333333334,October
1997-10-27,21.03,1997,10,4,0.0400000000000027,0.1905669366365048,20.927,October
1997-10-28,20.4,1997,10,4,-0.6300000000000026,-2.9957203994294024,20.95133333333333,October
1997-10-29,20.82,1997,10,4,0.4200000000000017,2.0588235294117796,20.997333333333334,October
1997-10-30,21.26,1997,10,4,0.4400000000000013,2.11335254562921,21.059,October
1997-10-31,21.1,1997,10,4,-0.16000000000000014,-0.7525870178739402,21.116666666666667,October
1997-11-03,20.91,1997,11,4,-0.19000000000000128,-0.9004739336492928,21.16,November
1997-11-04,20.64,1997,11,4,-0.2699999999999996,-1.2912482065997155,21.191,November
1997-11-05,20.44,1997,11,4,-0.1999999999999993,-0.9689922480620172,21.204666666666665,November
1997-11-06,20.46,1997,11,4,0.019999999999999574,0.09784735812132794,21.20733333333333,November
1997-11-07,20.8,1997,11,4,0.33999999999999986,1.6617790811339184,21.205,November
1997-11-10,20.46,1997,11,4,-0.33999999999999986,-1.6346153846153788,21.177333333333333,November
1997-11-11,20.54,1997,11,4,0.0799999999999983,0.3910068426197455,21.157666666666668,November
1997-11-12,20.53,1997,11,4,-0.00999999999999801,-0.04868549172345471,21.141333333333332,November
1997-11-13,20.76,1997,11,4,0.23000000000000043,1.1203117389186668,21.105999999999998,November
1997-11-14,21.01,1997,11,4,0.25,1.204238921001921,21.04433333333333,November
1997-11-17,20.29,1997,11,4,-0.7200000000000024,-3.4269395525940105,20.988333333333337,November
1997-11-18,20.01,1997,11,4,-0.2799999999999976,-1.379990142927534,20.926000000000002,November
1997-11-19,19.82,1997,11,4,-0.19000000000000128,-0.9495252373813101,20.846999999999998,November
1997-11-20,19.17,1997,11,4,-0.6499999999999986,-3.2795156407668946,20.752333333333336,November
1997-11-21,19.76,1997,11,4,0.5899999999999999,3.077725612936888,20.677333333333333,November
1997-11-24,19.41,1997,11,4,-0.3500000000000014,-1.7712550607287492,20.613,November
1997-11-25,19.35,1997,11,4,-0.05999999999999872,-0.3091190108191588,20.566333333333333,November
1997-11-26,19.13,1997,11,4,-0.22000000000000242,-1.136950904392775,20.515666666666668,November
1997-12-01,18.76,1997,12,4,-0.36999999999999744,-1.934134866701498,20.441666666666666,December
1997-12-02,18.67,1997,12,4,-0.08999999999999986,-0.47974413646055813,20.35033333333333,December
1997-12-03,18.81,1997,12,4,0.13999999999999702,0.7498660953401126,20.287666666666667,December
1997-12-04,18.49,1997,12,4,-0.3200000000000003,-1.7012227538543367,20.21466666666667,December
1997-12-05,18.72,1997,12,4,0.23000000000000043,1.2439156300703136,20.124,December
1997-12-08,18.86,1997,12,4,0.14000000000000057,0.7478632478632452,20.046666666666667,December
1997-12-09,18.79,1997,12,4,-0.07000000000000028,-0.3711558854718966,19.973333333333336,December
1997-12-10,18.15,1997,12,4,-0.6400000000000006,-3.4060670569451834,19.877333333333336,December
1997-12-11,18.18,1997,12,4,0.030000000000001137,0.16528925619836432,19.803333333333335,December
1997-12-12,18.21,1997,12,4,0.030000000000001137,0.16501650165017256,19.716333333333335,December
1997-12-15,18.18,1997,12,4,-0.030000000000001137,-0.16474464579901982,19.613666666666667,December
1997-12-16,18.19,1997,12,4,0.010000000000001563,0.05500550055006492,19.516666666666666,December
1997-12-17,18.22,1997,12,4,0.029999999999997584,0.16492578339746267,19.427000000000003,December
1997-12-18,18.51,1997,12,4,0.2900000000000027,1.591657519209666,19.356,December
1997-12-19,18.46,1997,12,4,-0.05000000000000071,-0.2701242571582996,19.29,December
1997-12-22,18.29,1997,12,4,-0.1700000000000017,-0.9209100758396649,19.21766666666667,December
1997-12-23,18.39,1997,12,4,0.10000000000000142,0.5467468562055933,19.137333333333334,December
1997-12-24,18.36,1997,12,4,-0.030000000000001137,-0.16313213703099683,19.067333333333334,December
1997-12-26,18.19,1997,12,4,-0.16999999999999815,-0.9259259259259189,18.988999999999997,December
1997-12-29,17.64,1997,12,4,-0.5500000000000007,-3.0236393622869784,18.892666666666667,December
1997-12-30,17.6,1997,12,4,-0.03999999999999915,-0.22675736961450532,18.787333333333333,December
1997-12-31,17.65,1997,12,4,0.04999999999999716,0.28409090909089496,18.675333333333334,December
1998-01-02,17.41,1998,1,1,-0.23999999999999844,-1.359773371104811,18.579333333333334,January
1998-01-05,16.95,1998,1,1,-0.46000000000000085,-2.642159678345779,18.47733333333333,January
1998-01-06,16.64,1998,1,1,-0.3099999999999987,-1.8289085545722616,18.371333333333332,January
1998-01-07,16.91,1998,1,1,0.2699999999999996,1.6225961538461453,18.296,January
1998-01-08,17.01,1998,1,1,0.10000000000000142,0.591366055588427,18.204333333333334,January
1998-01-09,16.65,1998,1,1,-0.360000000000003,-2.1164021164021385,18.112333333333332,January
1998-01-12,16.53,1998,1,1,-0.11999999999999744,-0.7207207207207023,18.01833333333333,January
1998-01-13,16.44,1998,1,1,-0.08999999999999986,-0.5444646098003658,17.92866666666667,January
1998-01-14,16.54,1998,1,1,0.09999999999999787,0.6082725060827077,17.854666666666667,January
1998-01-15,16.35,1998,1,1,-0.18999999999999773,-1.1487303506650393,17.777333333333335,January
1998-01-16,16.48,1998,1,1,0.129999999999999,0.7951070336391419,17.699666666666666,January
1998-01-20,16.43,1998,1,1,-0.05000000000000071,-0.3033980582524354,17.630999999999997,January
1998-01-21,16.05,1998,1,1,-0.379999999999999,-2.3128423615337734,17.541999999999998,January
1998-01-22,15.93,1998,1,1,-0.120000000000001,-0.7476635514018781,17.444333333333336,January
1998-01-23,15.65,1998,1,1,-0.27999999999999936,-1.7576898932831098,17.33966666666667,January
1998-01-26,16.96,1998,1,1,1.3100000000000005,8.370607028754007,17.3,January
1998-01-27,17.06,1998,1,1,0.09999999999999787,0.589622641509413,17.262666666666668,January
1998-01-28,17.35,1998,1,1,0.2900000000000027,1.6998827667057625,17.233999999999998,January
1998-01-29,17.93,1998,1,1,0.5799999999999983,3.3429394812680036,17.225666666666665,January
1998-01-30,17.21,1998,1,1,-0.7199999999999989,-4.015616285554935,17.192999999999998,January
1998-02-02,17.07,1998,2,1,-0.14000000000000057,-0.8134805345729301,17.154666666666667,February
1998-02-03,16.43,1998,2,1,-0.6400000000000006,-3.7492677211482195,17.08533333333333,February
1998-02-04,16.42,1998,2,1,-0.00999999999999801,-0.060864272671934394,17.017333333333333,February
1998-02-05,16.63,1998,2,1,0.2099999999999973,1.2789281364189886,16.962,February
1998-02-06,16.72,1998,2,1,0.08999999999999986,0.541190619362597,16.906333333333333,February
1998-02-09,16.59,1998,2,1,-0.129999999999999,-0.7775119617224768,16.84733333333333,February
1998-02-10,16.48,1998,2,1,-0.10999999999999943,-0.6630500301386344,16.790333333333333,February
1998-02-11,16.17,1998,2,1,-0.3099999999999987,-1.8810679611650394,16.741333333333333,February
1998-02-12,15.97,1998,2,1,-0.20000000000000107,-1.236858379715533,16.686999999999998,February
1998-02-13,16.03,1998,2,1,0.0600000000000005,0.37570444583594487,16.633,February
1998-02-17,15.64,1998,2,1,-0.39000000000000057,-2.43293824079851,16.574,February
1998-02-18,16.24,1998,2,1,0.5999999999999979,3.8363171355498604,16.550333333333334,February
1998-02-19,16.12,1998,2,1,-0.11999999999999744,-0.7389162561576179,16.533,February
1998-02-20,16.13,1998,2,1,0.00999999999999801,0.06203473945407545,16.507,February
1998-02-23,15.23,1998,2,1,-0.8999999999999986,-5.579665220086783,16.447666666666667,February
1998-02-24,15.14,1998,2,1,-0.08999999999999986,-0.5909389363099149,16.397333333333332,February
1998-02-25,15.28,1998,2,1,0.1399999999999988,0.9247027741083214,16.355666666666664,February
1998-02-26,15.41,1998,2,1,0.13000000000000078,0.8507853403141308,16.32133333333333,February
1998-02-27,15.44,1998,2,1,0.02999999999999936,0.1946787800129801,16.284666666666666,February
1998-03-02,15.32,1998,3,1,-0.11999999999999922,-0.7772020725388518,16.250333333333334,March
1998-03-03,15.28,1998,3,1,-0.040000000000000924,-0.26109660574412663,16.210333333333335,March
1998-03-04,15.33,1998,3,1,0.05000000000000071,0.327225130890052,16.17366666666667,March
1998-03-05,15.34,1998,3,1,0.009999999999999787,0.0652315720808927,16.15,March
1998-03-06,14.9,1998,3,1,-0.4399999999999995,-2.868318122555402,16.115666666666666,March
1998-03-09,14.58,1998,3,1,-0.3200000000000003,-2.147651006711415,16.080000000000002,March
1998-03-10,14.54,1998,3,1,-0.040000000000000924,-0.2743484224965731,15.999333333333334,March
1998-03-11,14.3,1998,3,1,-0.23999999999999844,-1.6506189821182793,15.907333333333332,March
1998-03-12,14.4,1998,3,1,0.09999999999999964,0.6993006993006867,15.809000000000001,March
1998-03-13,14.19,1998,3,1,-0.21000000000000085,-1.4583333333333393,15.684333333333335,March
1998-03-16,13.41,1998,3,1,-0.7799999999999994,-5.496828752642702,15.557666666666666,March
1998-03-17,13.67,1998,3,1,0.2599999999999998,1.9388516032811332,15.444333333333333,March
1998-03-18,14.36,1998,3,1,0.6899999999999995,5.047549378200444,15.375333333333334,March
1998-03-19,14.43,1998,3,1,0.07000000000000028,0.48746518105848846,15.309000000000001,March
1998-03-20,14.31,1998,3,1,-0.11999999999999922,-0.8316008316008316,15.231666666666666,March
1998-03-23,16.14,1998,3,1,1.83,12.788259958071269,15.212333333333333,March
1998-03-24,15.52,1998,3,1,-0.620000000000001,-3.8413878562577497,15.176666666666668,March
1998-03-25,16.69,1998,3,1,1.1700000000000017,7.538659793814451,15.183666666666666,March
1998-03-26,16.92,1998,3,1,0.23000000000000043,1.3780707010185855,15.208666666666666,March
1998-03-27,16.84,1998,3,1,-0.08000000000000185,-0.47281323877069736,15.237666666666666,March
1998-03-30,16.32,1998,3,1,-0.5199999999999996,-3.0878859857482177,15.247333333333334,March
1998-03-31,15.75,1998,3,1,-0.5700000000000003,-3.492647058823528,15.251000000000001,March
1998-04-01,15.69,1998,4,2,-0.0600000000000005,-0.3809523809523818,15.232666666666667,April
1998-04-02,16.04,1998,4,2,0.34999999999999964,2.230720203951564,15.229999999999999,April
1998-04-03,16.08,1998,4,2,0.03999999999999915,0.24937655860348684,15.228333333333333,April
1998-04-06,15.48,1998,4,2,-0.5999999999999979,-3.731343283582078,15.236666666666666,April
1998-04-07,15.39,1998,4,2,-0.08999999999999986,-0.5813953488372103,15.245,April
1998-04-08,15.71,1998,4,2,0.3200000000000003,2.079272254710851,15.259333333333334,April
1998-04-09,15.61,1998,4,2,-0.10000000000000142,-0.6365372374284028,15.266,April
1998-04-13,15.35,1998,4,2,-0.2599999999999998,-1.6655989750160138,15.263,April
1998-04-14,15.18,1998,4,2,-0.16999999999999993,-1.1074918566775227,15.258333333333333,April
1998-04-15,15.64,1998,4,2,0.46000000000000085,3.0303030303030276,15.270333333333332,April
1998-04-16,15.97,1998,4,2,0.33000000000000007,2.10997442455243,15.291666666666666,April
1998-04-17,15.49,1998,4,2,-0.4800000000000004,-3.0056355666875367,15.296666666666669,April
1998-04-20,15.52,1998,4,2,0.02999999999999936,0.1936733376371791,15.317333333333332,April
1998-04-21,15.57,1998,4,2,0.05000000000000071,0.3221649484536071,15.350333333333333,April
1998-04-22,15.07,1998,4,2,-0.5,-3.211303789338471,15.367999999999999,April
1998-04-23,13.09,1998,4,2,-1.9800000000000004,-13.138686131386867,15.327666666666667,April
1998-04-24,13.23,1998,4,2,0.14000000000000057,1.0695187165775444,15.288666666666666,April
1998-04-27,15.43,1998,4,2,2.1999999999999993,16.628873771730902,15.33,April
1998-04-28,15.9,1998,4,2,0.47000000000000064,3.046014257939089,15.413000000000002,April
1998-04-29,15.43,1998,4,2,-0.47000000000000064,-2.955974842767295,15.471666666666666,April
1998-04-30,15.56,1998,4,2,0.13000000000000078,0.8425145819831448,15.511666666666665,April
1998-05-01,16.25,1998,5,2,0.6899999999999995,4.434447300771205,15.572333333333331,May
1998-05-04,15.98,1998,5,2,-0.2699999999999996,-1.6615384615384587,15.627999999999998,May
1998-05-05,15.48,1998,5,2,-0.5,-3.1289111389236512,15.606,May
1998-05-06,15.45,1998,5,2,-0.030000000000001137,-0.19379844961241455,15.603666666666667,May
1998-05-07,15.26,1998,5,2,-0.1899999999999995,-1.229773462783168,15.556000000000001,May
1998-05-08,15.21,1998,5,2,-0.049999999999998934,-0.3276539973787629,15.499,May
1998-05-11,15.26,1998,5,2,0.049999999999998934,0.32873109796185407,15.446333333333333,May
1998-05-12,15.21,1998,5,2,-0.049999999999998934,-0.3276539973787629,15.409333333333333,May
1998-05-13,15.01,1998,5,2,-0.20000000000000107,-1.3149243918474718,15.384666666666666,May
1998-05-14,15.15,1998,5,2,0.14000000000000057,0.9327115256495766,15.366666666666667,May
1998-05-15,14.51,1998,5,2,-0.6400000000000006,-4.224422442244224,15.315666666666667,May
1998-05-18,14.15,1998,5,2,-0.35999999999999943,-2.481047553411442,15.251333333333331,May
1998-05-19,13.01,1998,5,2,-1.1400000000000006,-8.056537102473504,15.169,May
1998-05-20,13.36,1998,5,2,0.34999999999999964,2.690238278247503,15.101333333333335,May
1998-05-21,14.21,1998,5,2,0.8500000000000014,6.362275449101817,15.051333333333334,May
1998-05-22,14.81,1998,5,2,0.5999999999999996,4.2223786066150515,15.024666666666667,May
1998-05-26,14.9,1998,5,2,0.08999999999999986,0.6076975016880537,15.009666666666668,May
1998-05-27,14.98,1998,5,2,0.08000000000000007,0.5369127516778427,15.003000000000002,May
1998-05-28,14.88,1998,5,2,-0.09999999999999964,-0.6675567423230944,14.977666666666668,May
1998-05-29,15.21,1998,5,2,0.33000000000000007,2.2177419354838745,14.952333333333334,May
1998-06-01,14.99,1998,6,2,-0.22000000000000064,-1.4464168310322156,14.935666666666666,June
1998-06-02,14.81,1998,6,2,-0.17999999999999972,-1.200800533689128,14.912,June
1998-06-03,14.94,1998,6,2,0.129999999999999,0.8777852802160702,14.891,June
1998-06-04,15.24,1998,6,2,0.3000000000000007,2.008032128514059,14.896666666666668,June
1998-06-05,15.13,1998,6,2,-0.10999999999999943,-0.7217847769028785,14.964666666666666,June
1998-06-08,14.49,1998,6,2,-0.6400000000000006,-4.230006609385328,15.006666666666668,June
1998-06-09,13.76,1998,6,2,-0.7300000000000004,-5.037957211870259,14.951,June
1998-06-10,13.54,1998,6,2,-0.22000000000000064,-1.5988372093023284,14.872333333333332,June
1998-06-11,12.67,1998,6,2,-0.8699999999999992,-6.425406203840467,14.780333333333335,June
1998-06-12,12.66,1998,6,2,-0.009999999999999787,-0.07892659826361781,14.683666666666669,June
1998-06-15,11.69,1998,6,2,-0.9700000000000006,-7.6619273301737785,14.531666666666666,June
1998-06-16,12.38,1998,6,2,0.6900000000000013,5.90248075278017,14.411666666666667,June
1998-06-17,12.55,1998,6,2,0.16999999999999993,1.3731825525040486,14.314,June
1998-06-18,11.8,1998,6,2,-0.75,-5.976095617529875,14.192333333333332,June
1998-06-19,11.8,1998,6,2,0.0,0.0,14.077,June
1998-06-22,13.54,1998,6,2,1.7399999999999984,14.745762711864385,14.021333333333333,June
1998-06-23,14.65,1998,6,2,1.1100000000000012,8.197932053175784,14.001,June
1998-06-24,14.54,1998,6,2,-0.11000000000000121,-0.7508532423208258,13.978666666666667,June
1998-06-25,13.9,1998,6,2,-0.6399999999999988,-4.401650618982112,13.941666666666666,June
1998-06-26,14.21,1998,6,2,0.3100000000000005,2.2302158273381334,13.910333333333334,June
1998-06-29,14.29,1998,6,2,0.0799999999999983,0.5629838142153343,13.902999999999999,June
1998-06-30,14.3,1998,6,2,0.010000000000001563,0.06997900629812648,13.908,June
1998-07-01,14.47,1998,7,3,0.16999999999999993,1.1888111888111785,13.956666666666669,July
1998-07-02,14.58,1998,7,3,0.10999999999999943,0.7601935038009655,13.997333333333334,July
1998-07-06,13.87,1998,7,3,-0.7100000000000009,-4.869684499314131,13.985999999999999,July
1998-07-07,13.83,1998,7,3,-0.03999999999999915,-0.2883922134102268,13.953333333333331,July
1998-07-08,14.01,1998,7,3,0.17999999999999972,1.3015184381778733,13.923666666666666,July
1998-07-09,14.01,1998,7,3,0.0,0.0,13.891333333333334,July
1998-07-10,13.96,1998,7,3,-0.049999999999998934,-0.35688793718771095,13.860666666666667,July
1998-07-13,14.06,1998,7,3,0.09999999999999964,0.7163323782234832,13.822333333333335,July
1998-07-14,14.87,1998,7,3,0.8099999999999987,5.761024182076802,13.818333333333333,July
1998-07-15,14.9,1998,7,3,0.030000000000001137,0.20174848688636615,13.821333333333333,July
1998-07-16,14.54,1998,7,3,-0.3600000000000012,-2.4161073825503476,13.808,July
1998-07-17,14.02,1998,7,3,-0.5199999999999996,-3.576341127922966,13.767333333333333,July
1998-07-20,13.44,1998,7,3,-0.5800000000000001,-4.1369472182596345,13.711,July
1998-07-21,13.83,1998,7,3,0.39000000000000057,2.9017857142857206,13.688999999999998,July
1998-07-22,14.29,1998,7,3,0.4599999999999991,3.3261026753434564,13.706666666666667,July
1998-07-23,13.97,1998,7,3,-0.3199999999999985,-2.2393282015395255,13.721000000000002,July
1998-07-24,13.93,1998,7,3,-0.040000000000000924,-0.28632784538297207,13.763,July
1998-07-27,14.37,1998,7,3,0.4399999999999995,3.158650394831297,13.819999999999999,July
1998-07-28,14.2,1998,7,3,-0.16999999999999993,-1.1830201809324925,13.903666666666668,July
1998-07-29,14.13,1998,7,3,-0.06999999999999851,-0.4929577464788615,13.962,July
1998-07-30,14.25,1998,7,3,0.11999999999999922,0.849256900212314,14.018666666666666,July
1998-07-31,14.27,1998,7,3,0.019999999999999574,0.140350877192974,14.100999999999999,July
1998-08-03,13.93,1998,8,3,-0.33999999999999986,-2.3826208829712647,14.172,August
1998-08-04,13.69,1998,8,3,-0.2400000000000002,-1.7229002153625328,14.177,August
1998-08-05,13.8,1998,8,3,0.11000000000000121,0.8035062089116307,14.148666666666667,August
1998-08-06,13.87,1998,8,3,0.06999999999999851,0.5072463768115876,14.126333333333333,August
1998-08-07,13.85,1998,8,3,-0.019999999999999574,-0.14419610670511895,14.124666666666666,August
1998-08-10,13.11,1998,8,3,-0.7400000000000002,-5.342960288808662,14.088,August
1998-08-11,12.87,1998,8,3,-0.2400000000000002,-1.830663615560646,14.040666666666668,August
1998-08-12,12.76,1998,8,3,-0.10999999999999943,-0.8547008547008517,13.989333333333333,August
1998-08-13,13.44,1998,8,3,0.6799999999999997,5.3291536050156685,13.955,August
1998-08-14,13.4,1998,8,3,-0.03999999999999915,-0.29761904761904656,13.915666666666665,August
1998-08-17,13.26,1998,8,3,-0.14000000000000057,-1.0447761194029903,13.895333333333333,August
1998-08-18,13.13,1998,8,3,-0.129999999999999,-0.9803921568627416,13.872000000000002,August
1998-08-19,13.21,1998,8,3,0.08000000000000007,0.6092916984006047,13.845333333333334,August
1998-08-20,13.62,1998,8,3,0.40999999999999837,3.1037093111279113,13.832333333333334,August
1998-08-21,13.44,1998,8,3,-0.17999999999999972,-1.3215859030836996,13.815,August
1998-08-24,13.78,1998,8,3,0.33999999999999986,2.529761904761907,13.805666666666665,August
1998-08-25,13.9,1998,8,3,0.120000000000001,0.8708272859216271,13.773333333333333,August
1998-08-26,13.67,1998,8,3,-0.23000000000000043,-1.6546762589928043,13.732333333333335,August
1998-08-27,13.35,1998,8,3,-0.3200000000000003,-2.3408924652523755,13.692666666666666,August
1998-08-28,13.54,1998,8,3,0.1899999999999995,1.4232209737827572,13.676666666666668,August
1998-08-31,13.29,1998,8,3,-0.25,-1.846381093057603,13.671666666666665,August
1998-09-01,13.62,1998,9,3,0.33000000000000007,2.483069977426644,13.664666666666667,September
1998-09-02,13.72,1998,9,3,0.10000000000000142,0.7342143906020615,13.645666666666667,September
1998-09-03,14.7,1998,9,3,0.9799999999999986,7.14285714285714,13.669999999999998,September
1998-09-04,14.59,1998,9,3,-0.10999999999999943,-0.7482993197278853,13.692,September
1998-09-08,14.34,1998,9,3,-0.25,-1.7135023989033549,13.691,September
1998-09-09,14.37,1998,9,3,0.02999999999999936,0.20920502092049986,13.696666666666665,September
1998-09-10,14.71,1998,9,3,0.34000000000000163,2.366040361865007,13.716,September
1998-09-11,14.39,1998,9,3,-0.3200000000000003,-2.1753908905506436,13.720666666666665,September
1998-09-14,14.46,1998,9,3,0.07000000000000028,0.48644892286309194,13.727,September
1998-09-15,14.72,1998,9,3,0.2599999999999998,1.7980636237897585,13.753333333333332,September
1998-09-16,14.6,1998,9,3,-0.120000000000001,-0.815217391304357,13.783666666666667,September
1998-09-17,15.07,1998,9,3,0.47000000000000064,3.219178082191787,13.825999999999999,September
1998-09-18,15.53,1998,9,3,0.4599999999999991,3.0524220305242045,13.881333333333334,September
1998-09-21,15.58,1998,9,3,0.05000000000000071,0.3219575016097931,13.939,September
1998-09-22,15.73,1998,9,3,0.15000000000000036,0.9627727856226009,14.026333333333332,September
1998-09-23,15.8,1998,9,3,0.07000000000000028,0.445009535918639,14.123999999999999,September
1998-09-24,15.99,1998,9,3,0.1899999999999995,1.2025316455696267,14.231666666666666,September
1998-09-25,15.8,1998,9,3,-0.1899999999999995,-1.1882426516572786,14.310333333333334,September
1998-09-28,15.74,1998,9,3,-0.0600000000000005,-0.37974683544304,14.388333333333334,September
1998-09-29,16.01,1998,9,3,0.27000000000000135,1.715374841169015,14.479999999999999,September
1998-09-30,16.19,1998,9,3,0.17999999999999972,1.124297314178646,14.581999999999999,September
1998-10-01,15.52,1998,10,4,-0.6700000000000017,-4.138357010500315,14.658999999999999,October
1998-10-02,15.71,1998,10,4,0.19000000000000128,1.2242268041237292,14.728666666666667,October
1998-10-05,15.24,1998,10,4,-0.47000000000000064,-2.991725015913438,14.788666666666668,October
1998-10-06,15.6,1998,10,4,0.35999999999999943,2.3622047244094446,14.849333333333334,October
1998-10-07,15.03,1998,10,4,-0.5700000000000003,-3.653846153846152,14.887,October
1998-10-08,14.57,1998,10,4,-0.4599999999999991,-3.0605455755156274,14.917,October
1998-10-09,14.64,1998,10,4,0.07000000000000028,0.48043925875085325,14.96,October
1998-10-12,14.47,1998,10,4,-0.16999999999999993,-1.1612021857923538,14.991000000000001,October
1998-10-13,14.27,1998,10,4,-0.20000000000000107,-1.3821700069108545,15.023666666666667,October
1998-10-14,14.09,1998,10,4,-0.17999999999999972,-1.261387526278901,15.039333333333333,October
1998-10-15,14.08,1998,10,4,-0.009999999999999787,-0.07097232079489313,15.051333333333334,October
1998-10-16,14.16,1998,10,4,0.08000000000000007,0.5681818181818121,15.033333333333333,October
1998-10-19,13.39,1998,10,4,-0.7699999999999996,-5.437853107344626,14.993333333333334,October
1998-10-20,13.45,1998,10,4,0.05999999999999872,0.44809559372664953,14.963666666666667,October
1998-10-21,14.14,1998,10,4,0.6900000000000013,5.130111524163583,14.956,October
1998-10-22,14.0,1998,10,4,-0.14000000000000057,-0.990099009900991,14.932333333333334,October
1998-10-23,14.06,1998,10,4,0.0600000000000005,0.4285714285714226,14.921333333333335,October
1998-10-26,14.39,1998,10,4,0.33000000000000007,2.3470839260312903,14.919,October
1998-10-27,14.19,1998,10,4,-0.20000000000000107,-1.3898540653231484,14.901333333333334,October
1998-10-28,14.35,1998,10,4,0.16000000000000014,1.127554615926707,14.893,October
1998-10-29,14.31,1998,10,4,-0.03999999999999915,-0.2787456445992986,14.867666666666668,October
1998-10-30,14.48,1998,10,4,0.16999999999999993,1.187980433263447,14.832666666666665,October
1998-11-02,14.45,1998,11,4,-0.030000000000001137,-0.2071823204420009,14.795,November
1998-11-03,14.24,1998,11,4,-0.20999999999999908,-1.4532871972318229,14.745333333333331,November
1998-11-04,14.09,1998,11,4,-0.15000000000000036,-1.0533707865168607,14.688333333333334,November
1998-11-05,13.93,1998,11,4,-0.16000000000000014,-1.1355571327182457,14.619666666666667,November
1998-11-06,13.93,1998,11,4,0.0,0.0,14.557333333333334,November
1998-11-09,13.39,1998,11,4,-0.5399999999999991,-3.876525484565685,14.479000000000001,November
1998-11-10,13.54,1998,11,4,0.14999999999999858,1.120238984316635,14.396666666666667,November
1998-11-11,13.63,1998,11,4,0.09000000000000163,0.6646971935007517,14.311333333333334,November
1998-11-12,14.04,1998,11,4,0.40999999999999837,3.008070432868659,14.262,November
1998-11-13,13.57,1998,11,4,-0.46999999999999886,-3.3475783475783394,14.190666666666665,November
1998-11-16,12.81,1998,11,4,-0.7599999999999998,-5.600589535740608,14.109666666666666,November
1998-11-17,12.46,1998,11,4,-0.34999999999999964,-2.732240437158462,14.005,November
1998-11-18,12.33,1998,11,4,-0.13000000000000078,-1.0433386837881309,13.915,November
1998-11-19,12.21,1998,11,4,-0.11999999999999922,-0.9732360097323589,13.836333333333332,November
1998-11-20,12.2,1998,11,4,-0.010000000000001563,-0.08190008190009923,13.754999999999999,November
1998-11-23,12.51,1998,11,4,0.3100000000000005,2.54098360655739,13.689666666666666,November
1998-11-24,11.48,1998,11,4,-1.0299999999999994,-8.233413269384481,13.596666666666666,November
1998-11-25,10.86,1998,11,4,-0.620000000000001,-5.400696864111509,13.489,November
1998-11-30,11.37,1998,11,4,0.5099999999999998,4.6961325966850875,13.398666666666665,November
1998-12-01,11.27,1998,12,4,-0.09999999999999964,-0.8795074758135457,13.302333333333333,December
1998-12-02,11.31,1998,12,4,0.040000000000000924,0.3549245785270605,13.233,December
1998-12-03,11.25,1998,12,4,-0.0600000000000005,-0.5305039787798504,13.159666666666665,December
1998-12-04,11.2,1998,12,4,-0.05000000000000071,-0.4444444444444473,13.061666666666666,December
1998-12-07,11.61,1998,12,4,0.41000000000000014,3.660714285714284,12.982,December
1998-12-08,11.33,1998,12,4,-0.27999999999999936,-2.4117140396210157,12.890999999999998,December
1998-12-09,11.2,1998,12,4,-0.13000000000000078,-1.1473962930273696,12.784666666666668,December
1998-12-10,10.82,1998,12,4,-0.379999999999999,-3.392857142857131,12.672333333333334,December
1998-12-11,10.86,1998,12,4,0.03999999999999915,0.3696857670979492,12.556000000000001,December
1998-12-14,11.3,1998,12,4,0.4400000000000013,4.05156537753224,12.455666666666666,December
1998-12-15,11.64,1998,12,4,0.33999999999999986,3.0088495575221197,12.361,December
1998-12-16,12.55,1998,12,4,0.9100000000000001,7.817869415807555,12.297666666666665,December
1998-12-17,11.05,1998,12,4,-1.5,-11.952191235059761,12.191333333333334,December
1998-12-18,10.95,1998,12,4,-0.10000000000000142,-0.9049773755656187,12.086666666666666,December
1998-12-21,10.86,1998,12,4,-0.08999999999999986,-0.8219178082191747,11.984333333333332,December
1998-12-22,10.99,1998,12,4,0.13000000000000078,1.1970534069981609,11.886333333333333,December
1998-12-23,11.12,1998,12,4,0.129999999999999,1.182893539581431,11.810666666666666,December
1998-12-24,11.03,1998,12,4,-0.08999999999999986,-0.8093525179856065,11.727,December
1998-12-28,11.59,1998,12,4,0.5600000000000005,5.077062556663647,11.658999999999999,December
1998-12-29,11.82,1998,12,4,0.23000000000000043,1.984469370146691,11.585,December
1998-12-30,11.75,1998,12,4,-0.07000000000000028,-0.5922165820642977,11.524333333333335,December
1998-12-31,12.14,1998,12,4,0.39000000000000057,3.319148936170224,11.502,December
1999-01-04,12.42,1999,1,1,0.27999999999999936,2.3064250411861664,11.500666666666666,January
1999-01-05,12.04,1999,1,1,-0.3800000000000008,-3.059581320450888,11.491000000000001,January
1999-01-06,12.84,1999,1,1,0.8000000000000007,6.644518272425248,11.512,January
1999-01-07,12.99,1999,1,1,0.15000000000000036,1.1682242990654235,11.538333333333334,January
1999-01-08,13.06,1999,1,1,0.07000000000000028,0.5388760585065544,11.556666666666667,January
1999-01-11,13.43,1999,1,1,0.3699999999999992,2.833078101071962,11.621666666666668,January
1999-01-12,12.91,1999,1,1,-0.5199999999999996,-3.87192851824274,11.69,January
1999-01-13,12.33,1999,1,1,-0.5800000000000001,-4.492641363284278,11.722,January
1999-01-14,12.23,1999,1,1,-0.09999999999999964,-0.8110300081102917,11.754,January
1999-01-15,12.21,1999,1,1,-0.019999999999999574,-0.16353229762877675,11.784,January
1999-01-19,12.13,1999,1,1,-0.08000000000000007,-0.6552006552006606,11.813333333333334,January
1999-01-20,11.82,1999,1,1,-0.3100000000000005,-2.5556471558120353,11.834000000000001,January
1999-01-21,12.45,1999,1,1,0.629999999999999,5.3299492385786795,11.862,January
1999-01-22,12.62,1999,1,1,0.16999999999999993,1.3654618473895486,11.905000000000001,January
1999-01-25,12.41,1999,1,1,-0.20999999999999908,-1.6640253565768592,11.945333333333332,January
1999-01-26,12.16,1999,1,1,-0.25,-2.014504431909747,11.99,January
1999-01-27,12.4,1999,1,1,0.2400000000000002,1.9736842105263275,12.041333333333332,January
1999-01-28,12.52,1999,1,1,0.11999999999999922,0.9677419354838568,12.082,January
1999-01-29,12.81,1999,1,1,0.2900000000000009,2.316293929712465,12.121,January
1999-02-01,12.36,1999,2,1,-0.45000000000000107,-3.512880562060894,12.114666666666666,February
1999-02-02,12.21,1999,2,1,-0.14999999999999858,-1.213592233009697,12.153333333333334,February
1999-02-03,12.42,1999,2,1,0.20999999999999908,1.7199017199017064,12.202333333333335,February
1999-02-04,11.94,1999,2,1,-0.4800000000000004,-3.8647342995169143,12.238333333333335,February
1999-02-05,11.85,1999,2,1,-0.08999999999999986,-0.7537688442211032,12.267,February
1999-02-08,11.65,1999,2,1,-0.1999999999999993,-1.6877637130801593,12.284666666666668,February
1999-02-09,11.66,1999,2,1,0.009999999999999787,0.08583690987125081,12.305666666666667,February
1999-02-10,11.88,1999,2,1,0.22000000000000064,1.8867924528301883,12.315333333333333,February
1999-02-11,11.94,1999,2,1,0.05999999999999872,0.5050505050504972,12.319333333333333,February
1999-02-12,11.9,1999,2,1,-0.03999999999999915,-0.335008375209378,12.324333333333334,February
1999-02-16,11.38,1999,2,1,-0.5199999999999996,-4.369747899159659,12.299000000000001,February
1999-02-17,11.49,1999,2,1,0.10999999999999943,0.9666080843585112,12.268,February
1999-02-18,11.97,1999,2,1,0.4800000000000004,4.177545691906004,12.265666666666666,February
1999-02-19,11.79,1999,2,1,-0.1800000000000015,-1.5037593984962516,12.230666666666668,February
1999-02-22,11.97,1999,2,1,0.1800000000000015,1.526717557251911,12.196666666666665,February
1999-02-23,12.44,1999,2,1,0.46999999999999886,3.926482873851289,12.175999999999998,February
1999-02-24,12.49,1999,2,1,0.05000000000000071,0.4019292604501734,12.144666666666666,February
1999-02-25,12.61,1999,2,1,0.11999999999999922,0.9607686148919159,12.134666666666668,February
1999-02-26,12.31,1999,2,1,-0.29999999999999893,-2.3790642347343294,12.134000000000002,February
1999-03-01,12.28,1999,3,1,-0.030000000000001137,-0.2437043054427379,12.135666666666667,March
1999-03-02,12.66,1999,3,1,0.3800000000000008,3.0944625407166138,12.150666666666666,March
1999-03-03,12.92,1999,3,1,0.2599999999999998,2.0537124802527673,12.177,March
1999-03-04,13.32,1999,3,1,0.40000000000000036,3.095975232198156,12.227,March
1999-03-05,13.33,1999,3,1,0.009999999999999787,0.07507507507507061,12.256333333333334,March
1999-03-08,13.63,1999,3,1,0.3000000000000007,2.2505626406601698,12.29,March
1999-03-09,13.78,1999,3,1,0.14999999999999858,1.1005135730007165,12.335666666666668,March
1999-03-10,14.74,1999,3,1,0.9600000000000009,6.9666182873730165,12.421666666666665,March
1999-03-11,14.3,1999,3,1,-0.4399999999999995,-2.985074626865669,12.485000000000001,March
1999-03-12,14.51,1999,3,1,0.20999999999999908,1.4685314685314532,12.551333333333332,March
1999-03-15,14.48,1999,3,1,-0.02999999999999936,-0.2067539627842785,12.607,March
1999-03-16,14.6,1999,3,1,0.11999999999999922,0.8287292817679592,12.681666666666668,March
1999-03-17,15.11,1999,3,1,0.5099999999999998,3.493150684931501,12.778333333333332,March
1999-03-18,15.11,1999,3,1,0.0,0.0,12.867999999999999,March
1999-03-19,15.26,1999,3,1,0.15000000000000036,0.9927200529450619,12.978666666666665,March
1999-03-22,15.39,1999,3,1,0.13000000000000078,0.8519003931848124,13.096666666666668,March
1999-03-23,15.36,1999,3,1,-0.030000000000001137,-0.19493177387914784,13.220333333333333,March
1999-03-24,15.18,1999,3,1,-0.17999999999999972,-1.171875,13.337666666666667,March
1999-03-25,15.66,1999,3,1,0.4800000000000004,3.1620553359683834,13.463666666666667,March
1999-03-26,16.16,1999,3,1,0.5,3.1928480204342247,13.604333333333333,March
1999-03-29,16.46,1999,3,1,0.3000000000000007,1.8564356435643692,13.756333333333334,March
1999-03-30,16.66,1999,3,1,0.1999999999999993,1.2150668286755817,13.932333333333332,March
1999-03-31,16.66,1999,3,1,0.0,0.0,14.104666666666667,March
1999-04-01,16.65,1999,4,2,-0.010000000000001563,-0.06002400960385401,14.260666666666667,April
1999-04-05,16.94,1999,4,2,0.2900000000000027,1.7417417417417536,14.432333333333332,April
1999-04-06,16.79,1999,4,2,-0.15000000000000213,-0.8854781582054438,14.593,April
1999-04-07,16.02,1999,4,2,-0.7699999999999996,-4.586063132817153,14.712333333333333,April
1999-04-08,15.92,1999,4,2,-0.09999999999999964,-0.6242197253433224,14.826666666666666,April
1999-04-09,16.59,1999,4,2,0.6699999999999999,4.208542713567831,14.959333333333332,April
1999-04-12,16.44,1999,4,2,-0.14999999999999858,-0.9041591320072206,15.097,April
1999-04-13,16.73,1999,4,2,0.28999999999999915,1.7639902676398922,15.245333333333333,April
1999-04-14,16.51,1999,4,2,-0.21999999999999886,-1.3150029886431547,15.373666666666667,April
1999-04-15,16.85,1999,4,2,0.33999999999999986,2.059357964869779,15.504666666666667,April
1999-04-16,17.34,1999,4,2,0.48999999999999844,2.908011869436189,15.638666666666666,April
1999-04-19,17.82,1999,4,2,0.4800000000000004,2.768166089965396,15.788333333333332,April
1999-04-20,17.79,1999,4,2,-0.030000000000001137,-0.16835016835017313,15.927,April
1999-04-21,18.05,1999,4,2,0.26000000000000156,1.4614952220348698,16.069333333333333,April
1999-04-22,18.02,1999,4,2,-0.030000000000001137,-0.16620498614958734,16.17866666666667,April
1999-04-23,17.96,1999,4,2,-0.05999999999999872,-0.33296337402884957,16.300666666666668,April
1999-04-26,17.67,1999,4,2,-0.28999999999999915,-1.6146993318485459,16.406,April
1999-04-27,17.82,1999,4,2,0.14999999999999858,0.8488964346349714,16.517333333333333,April
1999-04-28,18.43,1999,4,2,0.6099999999999994,3.4231200897867575,16.645,April
1999-04-29,18.53,1999,4,2,0.10000000000000142,0.5425935973955687,16.759,April
1999-04-30,18.69,1999,4,2,0.16000000000000014,0.863464651915824,16.878333333333334,April
1999-05-03,18.83,1999,5,2,0.13999999999999702,0.7490636704119646,16.997333333333334,May
1999-05-04,18.94,1999,5,2,0.11000000000000298,0.5841741901221553,17.115666666666666,May
1999-05-05,18.89,1999,5,2,-0.05000000000000071,-0.2639915522703262,17.233333333333334,May
1999-05-06,18.23,1999,5,2,-0.6600000000000001,-3.4939121228163006,17.335,May
1999-05-07,18.23,1999,5,2,0.0,0.0,17.420666666666666,May
1999-05-10,18.57,1999,5,2,0.33999999999999986,1.8650575973669703,17.500999999999998,May
1999-05-11,17.84,1999,5,2,-0.7300000000000004,-3.9310716208939223,17.547,May
1999-05-12,17.44,1999,5,2,-0.3999999999999986,-2.2421524663677084,17.573,May
1999-05-13,18.11,1999,5,2,0.6699999999999982,3.841743119266039,17.621333333333332,May
1999-05-14,18.04,1999,5,2,-0.07000000000000028,-0.3865267807841022,17.667666666666666,May
1999-05-17,17.76,1999,5,2,-0.2799999999999976,-1.552106430155198,17.695,May
1999-05-18,17.09,1999,5,2,-0.6700000000000017,-3.7725225225225367,17.705,May
1999-05-19,16.77,1999,5,2,-0.3200000000000003,-1.8724400234054972,17.73,May
1999-05-20,17.04,1999,5,2,0.2699999999999996,1.610017889087656,17.767333333333337,May
1999-05-21,17.22,1999,5,2,0.17999999999999972,1.0563380281690016,17.788333333333334,May
1999-05-24,16.77,1999,5,2,-0.4499999999999993,-2.6132404181184676,17.799333333333333,May
1999-05-25,17.25,1999,5,2,0.4800000000000004,2.8622540250447193,17.816666666666666,May
1999-05-26,17.32,1999,5,2,0.07000000000000028,0.40579710144927894,17.843666666666664,May
1999-05-27,17.18,1999,5,2,-0.14000000000000057,-0.8083140877598205,17.85466666666667,May
1999-05-28,16.85,1999,5,2,-0.3299999999999983,-1.9208381839348032,17.83833333333333,May
1999-06-01,16.31,1999,6,2,-0.5400000000000027,-3.204747774480732,17.788,June
1999-06-02,16.61,1999,6,2,0.3000000000000007,1.8393623543838222,17.74866666666667,June
1999-06-03,16.81,1999,6,2,0.1999999999999993,1.2040939193256994,17.707333333333334,June
1999-06-04,17.36,1999,6,2,0.5500000000000007,3.271861986912561,17.685333333333332,June
1999-06-07,17.91,1999,6,2,0.5500000000000007,3.1682027649769573,17.683666666666667,June
1999-06-08,17.66,1999,6,2,-0.25,-1.3958682300390879,17.683333333333334,June
1999-06-09,17.98,1999,6,2,0.3200000000000003,1.8120045300113352,17.68866666666667,June
1999-06-10,17.82,1999,6,2,-0.16000000000000014,-0.8898776418242549,17.668333333333333,June
1999-06-11,18.45,1999,6,2,0.629999999999999,3.535353535353525,17.665666666666667,June
1999-06-14,18.24,1999,6,2,-0.21000000000000085,-1.1382113821138296,17.650666666666666,June
1999-06-15,18.61,1999,6,2,0.370000000000001,2.028508771929838,17.64333333333333,June
1999-06-16,17.92,1999,6,2,-0.6899999999999977,-3.707684040838244,17.609333333333332,June
1999-06-17,18.25,1999,6,2,0.3299999999999983,1.841517857142838,17.588,June
1999-06-18,18.01,1999,6,2,-0.23999999999999844,-1.3150684931506729,17.580666666666666,June
1999-06-21,17.79,1999,6,2,-0.22000000000000242,-1.2215435868961788,17.566,June
1999-06-22,17.62,1999,6,2,-0.16999999999999815,-0.9555930297920123,17.534333333333333,June
1999-06-23,18.42,1999,6,2,0.8000000000000007,4.540295119182747,17.55366666666667,June
1999-06-24,18.26,1999,6,2,-0.16000000000000014,-0.8686210640608039,17.581,June
1999-06-25,18.17,1999,6,2,-0.08999999999999986,-0.4928806133625452,17.583000000000002,June
1999-06-28,18.22,1999,6,2,0.04999999999999716,0.2751788662630483,17.589,June
1999-06-29,18.56,1999,6,2,0.33999999999999986,1.866081229418226,17.615666666666666,June
1999-06-30,19.33,1999,6,2,0.7699999999999996,4.148706896551713,17.69033333333333,June
1999-07-01,19.39,1999,7,3,0.060000000000002274,0.3103983445421843,17.77766666666667,July
1999-07-02,19.7,1999,7,3,0.3099999999999987,1.598762248581731,17.866333333333333,July
1999-07-06,19.78,1999,7,3,0.08000000000000185,0.4060913705583813,17.951666666666664,July
1999-07-07,19.98,1999,7,3,0.1999999999999993,1.0111223458038276,18.058666666666667,July
1999-07-08,19.76,1999,7,3,-0.21999999999999886,-1.1011011011010985,18.142333333333333,July
1999-07-09,19.94,1999,7,3,0.17999999999999972,0.9109311740890691,18.229666666666667,July
1999-07-12,19.92,1999,7,3,-0.019999999999999574,-0.10030090270811698,18.321,July
1999-07-13,20.33,1999,7,3,0.4099999999999966,2.058232931726889,18.437,July
1999-07-14,19.89,1999,7,3,-0.4399999999999977,-2.1642892277422443,18.556333333333335,July
1999-07-15,20.26,1999,7,3,0.370000000000001,1.8602312719959935,18.678,July
1999-07-16,20.66,1999,7,3,0.3999999999999986,1.9743336623889274,18.80633333333333,July
1999-07-19,20.28,1999,7,3,-0.379999999999999,-1.839303000968051,18.903666666666666,July
1999-07-20,19.38,1999,7,3,-0.9000000000000021,-4.437869822485219,18.95266666666667,July
1999-07-21,19.54,1999,7,3,0.16000000000000014,0.8255933952528327,19.015333333333334,July
1999-07-22,19.84,1999,7,3,0.3000000000000007,1.535312180143289,19.077333333333335,July
1999-07-23,20.41,1999,7,3,0.5700000000000003,2.872983870967749,19.163666666666664,July
1999-07-26,20.49,1999,7,3,0.0799999999999983,0.39196472317490905,19.23166666666667,July
1999-07-27,20.4,1999,7,3,-0.08999999999999986,-0.43923865300146137,19.30366666666667,July
1999-07-28,20.61,1999,7,3,0.21000000000000085,1.0294117647058787,19.370333333333335,July
1999-07-29,21.09,1999,7,3,0.4800000000000004,2.328966521106257,19.476000000000003,July
1999-07-30,20.52,1999,7,3,-0.5700000000000003,-2.7027027027027084,19.55166666666667,July
1999-08-02,20.46,1999,8,3,-0.05999999999999872,-0.29239766081871066,19.633333333333333,August
1999-08-03,20.21,1999,8,3,-0.25,-1.2218963831867047,19.714,August
1999-08-04,20.49,1999,8,3,0.2799999999999976,1.385452746165261,19.809666666666665,August
1999-08-05,20.67,1999,8,3,0.18000000000000327,0.8784773060029449,19.884666666666664,August
1999-08-06,20.89,1999,8,3,0.21999999999999886,1.0643444605708652,19.972333333333335,August
1999-08-09,21.26,1999,8,3,0.370000000000001,1.7711823839157592,20.075333333333333,August
1999-08-10,21.31,1999,8,3,0.04999999999999716,0.2351834430855959,20.178333333333335,August
1999-08-11,21.54,1999,8,3,0.23000000000000043,1.0793054903801114,20.277666666666665,August
1999-08-12,21.42,1999,8,3,-0.11999999999999744,-0.557103064066844,20.347333333333335,August
1999-08-13,21.67,1999,8,3,0.25,1.1671335200746924,20.423333333333332,August
1999-08-16,21.34,1999,8,3,-0.33000000000000185,-1.5228426395939132,20.478,August
1999-08-17,21.7,1999,8,3,0.35999999999999943,1.6869728209934376,20.541999999999998,August
1999-08-18,21.54,1999,8,3,-0.16000000000000014,-0.7373271889400956,20.594,August
1999-08-19,21.86,1999,8,3,0.3200000000000003,1.485608170844932,20.664,August
1999-08-20,21.66,1999,8,3,-0.1999999999999993,-0.9149130832570851,20.721333333333334,August
1999-08-23,21.61,1999,8,3,-0.05000000000000071,-0.23084025854108736,20.77766666666667,August
1999-08-24,21.36,1999,8,3,-0.25,-1.1568718186025007,20.812,August
1999-08-25,20.66,1999,8,3,-0.6999999999999993,-3.277153558052426,20.837666666666667,August
1999-08-26,21.09,1999,8,3,0.4299999999999997,2.0813165537270084,20.865333333333336,August
1999-08-27,21.31,1999,8,3,0.21999999999999886,1.04314841156945,20.887,August
1999-08-30,21.93,1999,8,3,0.620000000000001,2.9094321914594046,20.942,August
1999-08-31,22.15,1999,8,3,0.21999999999999886,1.0031919744641904,21.034333333333333,August
1999-09-01,21.79,1999,9,3,-0.35999999999999943,-1.6252821670428852,21.109333333333332,September
1999-09-02,21.54,1999,9,3,-0.25,-1.1473152822395583,21.165999999999997,September
1999-09-03,22.0,1999,9,3,0.46000000000000085,2.135561745589598,21.218999999999998,September
1999-09-07,22.58,1999,9,3,0.5799999999999983,2.6363636363636367,21.288666666666664,September
1999-09-08,22.64,1999,9,3,0.060000000000002274,0.26572187776794376,21.363333333333333,September
1999-09-09,23.24,1999,9,3,0.5999999999999979,2.6501766784452263,21.451,September
1999-09-10,23.55,1999,9,3,0.3100000000000023,1.3339070567986333,21.533,September
1999-09-13,24.18,1999,9,3,0.629999999999999,2.675159235668789,21.654999999999998,September
1999-09-14,23.86,1999,9,3,-0.3200000000000003,-1.3234077750206796,21.768333333333334,September
1999-09-15,24.1,1999,9,3,0.240000000000002,1.0058675607711676,21.898000000000003,September
1999-09-16,24.52,1999,9,3,0.41999999999999815,1.742738589211612,22.032333333333334,September
1999-09-17,24.72,1999,9,3,0.1999999999999993,0.815660685154973,22.167333333333335,September
1999-09-20,24.32,1999,9,3,-0.3999999999999986,-1.6181229773462702,22.281666666666663,September
1999-09-21,24.48,1999,9,3,0.16000000000000014,0.6578947368421018,22.389,September
1999-09-22,24.26,1999,9,3,-0.21999999999999886,-0.8986928104575131,22.487333333333332,September
1999-09-23,24.76,1999,9,3,0.5,2.06100577081616,22.59466666666667,September
1999-09-24,24.81,1999,9,3,0.04999999999999716,0.20193861066235552,22.707666666666668,September
1999-09-27,24.63,1999,9,3,-0.17999999999999972,-0.725513905683195,22.806333333333335,September
1999-09-28,24.52,1999,9,3,-0.10999999999999943,-0.44660982541615546,22.912333333333333,September
1999-09-29,24.69,1999,9,3,0.1700000000000017,0.6933115823817282,23.012,September
1999-09-30,24.54,1999,9,3,-0.15000000000000213,-0.607533414337802,23.112000000000002,September
1999-10-01,24.51,1999,10,4,-0.029999999999997584,-0.12224938875304847,23.200333333333333,October
1999-10-04,23.71,1999,10,4,-0.8000000000000007,-3.263973888208893,23.268666666666665,October
1999-10-05,23.37,1999,10,4,-0.33999999999999986,-1.433994095318425,23.327333333333332,October
1999-10-06,23.24,1999,10,4,-0.13000000000000256,-0.5562687205819539,23.389999999999997,October
1999-10-07,22.46,1999,10,4,-0.7799999999999976,-3.3562822719449104,23.45,October
1999-10-08,20.81,1999,10,4,-1.6500000000000021,-7.346393588601973,23.440666666666665,October
1999-10-11,21.58,1999,10,4,0.7699999999999996,3.7001441614608277,23.449666666666666,October
1999-10-12,22.93,1999,10,4,1.3500000000000014,6.25579240037073,23.483,October
1999-10-13,22.93,1999,10,4,0.0,0.0,23.509,October
1999-10-14,22.46,1999,10,4,-0.46999999999999886,-2.049716528565193,23.531333333333336,October
1999-10-15,22.81,1999,10,4,0.34999999999999787,1.558325912733749,23.573666666666668,October
1999-10-18,22.44,1999,10,4,-0.36999999999999744,-1.6220955721174768,23.588333333333335,October
1999-10-19,22.36,1999,10,4,-0.08000000000000185,-0.35650623885918886,23.581000000000003,October
1999-10-20,22.21,1999,10,4,-0.14999999999999858,-0.670840787119853,23.566666666666666,October
1999-10-21,22.74,1999,10,4,0.5299999999999976,2.3863124718595197,23.55,October
1999-10-22,23.48,1999,10,4,0.740000000000002,3.254177660510127,23.547666666666668,October
1999-10-25,23.22,1999,10,4,-0.26000000000000156,-1.1073253833049468,23.515666666666668,October
1999-10-26,23.17,1999,10,4,-0.04999999999999716,-0.21533161068043594,23.492666666666665,October
1999-10-27,22.71,1999,10,4,-0.46000000000000085,-1.9853258523953476,23.44633333333333,October
1999-10-28,21.59,1999,10,4,-1.120000000000001,-4.931748128577729,23.348666666666663,October
1999-10-29,21.79,1999,10,4,0.1999999999999993,0.9263547938860528,23.250999999999998,October
1999-11-01,22.44,1999,11,4,0.6500000000000021,2.983019733822867,23.188333333333333,November
1999-11-02,22.49,1999,11,4,0.04999999999999716,0.2228163992869847,23.122,November
1999-11-03,22.59,1999,11,4,0.10000000000000142,0.44464206313918897,23.066333333333333,November
1999-11-04,23.17,1999,11,4,0.5800000000000018,2.5675077467906204,23.013333333333332,November
1999-11-05,22.93,1999,11,4,-0.240000000000002,-1.035822183858448,22.950666666666667,November
1999-11-08,23.28,1999,11,4,0.3500000000000014,1.5263846489315336,22.905666666666665,November
1999-11-09,24.21,1999,11,4,0.9299999999999997,3.9948453608247503,22.895333333333333,November
1999-11-10,24.37,1999,11,4,0.16000000000000014,0.660883932259404,22.884666666666668,November
1999-11-11,24.33,1999,11,4,-0.0400000000000027,-0.16413623307346414,22.877666666666663,November
1999-11-12,24.91,1999,11,4,0.5800000000000018,2.383888203863549,22.891000000000002,November
1999-11-15,25.31,1999,11,4,0.3999999999999986,1.6057808109193106,22.944333333333336,November
1999-11-16,26.04,1999,11,4,0.7300000000000004,2.8842354800474146,23.033333333333335,November
1999-11-17,26.57,1999,11,4,0.5300000000000011,2.035330261136714,23.144333333333336,November
1999-11-18,25.71,1999,11,4,-0.8599999999999994,-3.2367331576966474,23.252666666666666,November
1999-11-19,26.61,1999,11,4,0.8999999999999986,3.5005834305717576,23.446,November
1999-11-22,28.03,1999,11,4,1.4200000000000017,5.336339721909056,23.661,November
1999-11-23,26.91,1999,11,4,-1.120000000000001,-3.9957188726364667,23.79366666666667,November
1999-11-24,27.22,1999,11,4,0.3099999999999987,1.1519881085098493,23.936666666666667,November
1999-11-26,27.22,1999,11,4,0.0,0.0,24.09533333333333,November
1999-11-29,25.84,1999,11,4,-1.379999999999999,-5.069801616458481,24.19633333333333,November
1999-11-30,24.87,1999,11,4,-0.9699999999999989,-3.7538699690402466,24.27733333333333,November
1999-12-01,25.01,1999,12,4,0.14000000000000057,0.5629272215520675,24.365666666666666,December
1999-12-02,25.88,1999,12,4,0.8699999999999974,3.478608556577356,24.488,December
1999-12-03,25.71,1999,12,4,-0.16999999999999815,-0.6568778979907153,24.587,December
1999-12-06,26.67,1999,12,4,0.9600000000000009,3.7339556592765444,24.69333333333333,December
1999-12-07,26.36,1999,12,4,-0.3100000000000023,-1.1623547056618055,24.798,December
1999-12-08,26.69,1999,12,4,0.33000000000000185,1.2518968133535813,24.915333333333333,December
1999-12-09,26.0,1999,12,4,-0.6900000000000013,-2.58523791682278,25.025,December
1999-12-10,25.21,1999,12,4,-0.7899999999999991,-3.0384615384615343,25.145666666666667,December
1999-12-13,25.37,1999,12,4,0.16000000000000014,0.634668782229264,25.264999999999997,December
1999-12-14,25.87,1999,12,4,0.5,1.9708316909735846,25.37933333333333,December
1999-12-15,26.28,1999,12,4,0.41000000000000014,1.5848473134905339,25.50566666666667,December
1999-12-16,26.74,1999,12,4,0.4599999999999973,1.7503805175038023,25.644000000000002,December
1999-12-17,26.76,1999,12,4,0.020000000000003126,0.07479431563202077,25.76366666666667,December
1999-12-20,26.55,1999,12,4,-0.21000000000000085,-0.7847533632287074,25.884333333333334,December
1999-12-21,26.34,1999,12,4,-0.21000000000000085,-0.7909604519774072,25.986333333333334,December
1999-12-22,25.51,1999,12,4,-0.8299999999999983,-3.1511009870918705,26.029666666666667,December
1999-12-23,25.86,1999,12,4,0.34999999999999787,1.3720109760877897,26.079333333333334,December
1999-12-27,26.36,1999,12,4,0.5,1.933488012374318,26.147000000000002,December
1999-12-28,26.81,1999,12,4,0.4499999999999993,1.7071320182094007,26.21033333333333,December
1999-12-29,26.41,1999,12,4,-0.3999999999999986,-1.491980604252141,26.247,December
1999-12-30,25.76,1999,12,4,-0.6499999999999986,-2.461188943581971,26.237666666666666,December
2000-01-04,25.56,2000,1,1,-0.20000000000000284,-0.7763975155279601,26.204,January
2000-01-05,24.65,2000,1,1,-0.9100000000000001,-3.560250391236308,26.168666666666663,January
2000-01-06,24.79,2000,1,1,0.14000000000000057,0.5679513184584151,26.108,January
2000-01-07,24.79,2000,1,1,0.0,0.0,26.0,January
2000-01-10,24.71,2000,1,1,-0.0799999999999983,-0.32271077047195673,25.926666666666666,January
2000-01-11,25.69,2000,1,1,0.9800000000000004,3.966005665722383,25.875666666666667,January
2000-01-12,26.3,2000,1,1,0.6099999999999994,2.3744647722849344,25.844999999999995,January
2000-01-13,26.63,2000,1,1,0.3299999999999983,1.2547528517110162,25.871333333333332,January
2000-01-14,28.01,2000,1,1,1.3800000000000026,5.1821254224558855,25.976,January
2000-01-18,28.98,2000,1,1,0.9699999999999989,3.4630489111031837,26.108333333333334,January
2000-01-19,29.11,2000,1,1,0.129999999999999,0.448585231193932,26.216,January
2000-01-20,29.67,2000,1,1,0.5600000000000023,1.9237375472346274,26.348000000000003,January
2000-01-21,29.71,2000,1,1,0.03999999999999915,0.13481631277383332,26.449333333333335,January
2000-01-24,29.25,2000,1,1,-0.46000000000000085,-1.548300235610911,26.545666666666666,January
2000-01-25,30.28,2000,1,1,1.0300000000000011,3.5213675213675355,26.665333333333333,January
2000-01-26,27.66,2000,1,1,-2.620000000000001,-8.652575957727882,26.720666666666666,January
2000-01-27,27.22,2000,1,1,-0.4400000000000013,-1.590744757772966,26.78766666666667,January
2000-01-28,27.27,2000,1,1,0.05000000000000071,0.18368846436445097,26.851000000000003,January
2000-01-31,27.65,2000,1,1,0.379999999999999,1.393472680601393,26.910333333333334,January
2000-02-01,28.28,2000,2,1,0.6300000000000026,2.27848101265824,26.976999999999997,February
2000-02-02,27.52,2000,2,1,-0.7600000000000016,-2.6874115983026914,27.002999999999997,February
2000-02-03,28.26,2000,2,1,0.740000000000002,2.6889534883721034,27.052999999999997,February
2000-02-04,28.67,2000,2,1,0.41000000000000014,1.4508138711960328,27.12366666666667,February
2000-02-07,28.4,2000,2,1,-0.2700000000000031,-0.9417509591908013,27.192333333333334,February
2000-02-08,28.05,2000,2,1,-0.34999999999999787,-1.232394366197176,27.276999999999997,February
2000-02-09,28.71,2000,2,1,0.6600000000000001,2.35294117647058,27.372,February
2000-02-10,29.49,2000,2,1,0.7799999999999976,2.7168234064785635,27.476333333333333,February
2000-02-11,29.51,2000,2,1,0.020000000000003126,0.06781959986437158,27.566333333333333,February
2000-02-14,30.3,2000,2,1,0.7899999999999991,2.6770586241951833,27.696,February
2000-02-15,30.17,2000,2,1,-0.129999999999999,-0.429042904290422,27.843000000000004,February
2000-02-16,30.01,2000,2,1,-0.16000000000000014,-0.530328140536962,27.991333333333333,February
2000-02-17,29.37,2000,2,1,-0.6400000000000006,-2.132622459180278,28.148666666666667,February
2000-02-18,29.51,2000,2,1,0.14000000000000057,0.4766768811712563,28.306,February
2000-02-22,29.63,2000,2,1,0.11999999999999744,0.40664181633343066,28.467333333333332,February
2000-02-23,30.19,2000,2,1,0.5600000000000023,1.8899763752953103,28.650000000000002,February
2000-02-24,30.23,2000,2,1,0.03999999999999915,0.13249420337859696,28.801333333333332,February
2000-02-25,30.34,2000,2,1,0.10999999999999943,0.36387694343367194,28.936,February
2000-02-28,30.11,2000,2,1,-0.23000000000000043,-0.7580751483190484,29.052000000000003,February
2000-02-29,30.57,2000,2,1,0.46000000000000085,1.5277316506144167,29.137333333333334,February
2000-03-01,31.71,2000,3,1,1.1400000000000006,3.7291462217860616,29.228333333333335,March
2000-03-02,31.51,2000,3,1,-0.1999999999999993,-0.6307158625039389,29.308333333333334,March
2000-03-03,31.46,2000,3,1,-0.05000000000000071,-0.15867978419549233,29.368,March
2000-03-06,32.19,2000,3,1,0.7299999999999969,2.3204068658613908,29.450666666666667,March
2000-03-07,33.9,2000,3,1,1.7100000000000009,5.312208760484616,29.605666666666668,March
2000-03-08,31.22,2000,3,1,-2.6799999999999997,-7.905604719764014,29.636999999999997,March
2000-03-09,31.61,2000,3,1,0.39000000000000057,1.2491992312620104,29.768666666666665,March
2000-03-10,31.76,2000,3,1,0.15000000000000213,0.4745333755140857,29.919999999999998,March
2000-03-13,32.11,2000,3,1,0.34999999999999787,1.10201511335013,30.08133333333333,March
2000-03-14,31.93,2000,3,1,-0.17999999999999972,-0.5605730302086553,30.224,March
2000-03-15,30.47,2000,3,1,-1.4600000000000009,-4.572502348888197,30.297,March
2000-03-16,31.1,2000,3,1,0.6300000000000026,2.067607482769951,30.416333333333334,March
2000-03-17,30.86,2000,3,1,-0.240000000000002,-0.7717041800643143,30.503,March
2000-03-20,29.33,2000,3,1,-1.5300000000000011,-4.957874270900842,30.525,March
2000-03-21,28.01,2000,3,1,-1.3199999999999967,-4.500511421752462,30.512,March
2000-03-22,27.28,2000,3,1,-0.7300000000000004,-2.606212067118885,30.486333333333334,March
2000-03-23,27.47,2000,3,1,0.18999999999999773,0.6964809384164106,30.445,March
2000-03-24,27.86,2000,3,1,0.39000000000000057,1.4197306152166078,30.390666666666668,March
2000-03-27,27.59,2000,3,1,-0.2699999999999996,-0.9691313711414185,30.326666666666664,March
2000-03-28,27.1,2000,3,1,-0.48999999999999844,-1.7760057992026068,30.220000000000002,March
2000-03-29,26.36,2000,3,1,-0.740000000000002,-2.73062730627307,30.093,March
2000-03-30,26.67,2000,3,1,0.3100000000000023,1.17602427921093,29.98166666666667,March
2000-03-31,26.86,2000,3,1,0.18999999999999773,0.7124109486314145,29.898,March
2000-04-03,26.28,2000,4,2,-0.5799999999999983,-2.159344750558445,29.790333333333333,April
2000-04-04,25.46,2000,4,2,-0.8200000000000003,-3.120243531202438,29.651333333333334,April
2000-04-05,25.76,2000,4,2,0.3000000000000007,1.178318931657496,29.503666666666664,April
2000-04-06,25.51,2000,4,2,-0.25,-0.9704968944099335,29.346333333333337,April
2000-04-07,24.97,2000,4,2,-0.5400000000000027,-2.1168169345354815,29.167333333333332,April
2000-04-10,23.91,2000,4,2,-1.0599999999999987,-4.245094112935521,28.96066666666667,April
2000-04-11,24.17,2000,4,2,0.26000000000000156,1.0874111250522844,28.747333333333334,April
2000-04-12,25.49,2000,4,2,1.3199999999999967,5.4613156805957574,28.540000000000003,April
2000-04-13,25.29,2000,4,2,-0.1999999999999993,-0.7846214201647661,28.332666666666668,April
2000-04-14,25.48,2000,4,2,0.19000000000000128,0.7512850929221049,28.133333333333333,April
2000-04-17,26.06,2000,4,2,0.5799999999999983,2.276295133437989,27.928999999999995,April
2000-04-18,25.92,2000,4,2,-0.13999999999999702,-0.5372217958557024,27.663,April
2000-04-19,27.38,2000,4,2,1.4599999999999973,5.632716049382713,27.535000000000004,April
2000-04-20,27.29,2000,4,2,-0.08999999999999986,-0.32870708546384186,27.391000000000002,April
2000-04-24,27.41,2000,4,2,0.120000000000001,0.43972150971052226,27.246,April
2000-04-25,26.41,2000,4,2,-1.0,-3.648303538854436,27.056,April
2000-04-26,24.69,2000,4,2,-1.7199999999999989,-6.512684589170769,26.814666666666664,April
2000-04-27,25.53,2000,4,2,0.8399999999999999,3.402187120291611,26.65,April
2000-04-28,25.71,2000,4,2,0.17999999999999972,0.7050528789659172,26.470333333333333,April
2000-05-01,25.84,2000,5,2,0.129999999999999,0.5056398288603603,26.303,May
2000-05-02,26.86,2000,5,2,1.0199999999999996,3.9473684210526327,26.220666666666666,May
2000-05-03,26.6,2000,5,2,-0.259999999999998,-0.9679821295606739,26.17366666666667,May
2000-05-04,27.08,2000,5,2,0.4799999999999969,1.8045112781954753,26.166999999999998,May
2000-05-05,27.37,2000,5,2,0.2900000000000027,1.070901033973426,26.163666666666664,May
2000-05-08,28.05,2000,5,2,0.6799999999999997,2.4844720496894457,26.17,May
2000-05-09,28.46,2000,5,2,0.41000000000000014,1.461675579322641,26.199,May
2000-05-10,28.1,2000,5,2,-0.35999999999999943,-1.2649332396345692,26.232333333333333,May
2000-05-11,29.25,2000,5,2,1.1499999999999986,4.0925266903914626,26.328666666666667,May
2000-05-12,29.64,2000,5,2,0.39000000000000057,1.333333333333342,26.427666666666667,May
2000-05-15,29.95,2000,5,2,0.3099999999999987,1.0458839406207732,26.53066666666667,May
2000-05-16,29.76,2000,5,2,-0.18999999999999773,-0.6343906510851371,26.646666666666665,May
2000-05-17,29.38,2000,5,2,-0.38000000000000256,-1.276881720430112,26.777333333333335,May
2000-05-18,30.28,2000,5,2,0.9000000000000021,3.0633083730428945,26.928,May
2000-05-19,30.02,2000,5,2,-0.26000000000000156,-0.8586525759577301,27.07833333333333,May
2000-05-22,28.62,2000,5,2,-1.3999999999999986,-4.663557628247828,27.2,May
2000-05-23,28.61,2000,5,2,-0.010000000000001563,-0.03494060097833929,27.356666666666666,May
2000-05-24,29.89,2000,5,2,1.2800000000000011,4.473960153792378,27.54733333333333,May
2000-05-25,30.43,2000,5,2,0.5399999999999991,1.8066242890598883,27.712,May
2000-05-26,29.76,2000,5,2,-0.6699999999999982,-2.2017745645744324,27.861,May
2000-05-30,30.36,2000,5,2,0.5999999999999979,2.0161290322580516,28.023666666666667,May
2000-05-31,29.03,2000,5,2,-1.3299999999999983,-4.380764163372852,28.122666666666667,May
2000-06-01,30.19,2000,6,2,1.1600000000000001,3.9958663451601817,28.265,June
2000-06-02,30.34,2000,6,2,0.14999999999999858,0.4968532626697497,28.363666666666667,June
2000-06-05,29.87,2000,6,2,-0.46999999999999886,-1.5491100856954487,28.449666666666666,June
2000-06-06,29.78,2000,6,2,-0.08999999999999986,-0.3013056578506812,28.528666666666666,June
2000-06-07,29.29,2000,6,2,-0.490000000000002,-1.6453995970450053,28.624666666666666,June
2000-06-08,29.78,2000,6,2,0.490000000000002,1.672925913280987,28.794333333333334,June
2000-06-09,30.22,2000,6,2,0.4399999999999977,1.4775016789791762,28.950666666666667,June
2000-06-12,31.76,2000,6,2,1.5400000000000027,5.095962938451359,29.152333333333335,June
2000-06-13,32.73,2000,6,2,0.9699999999999953,3.0541561712846166,29.382,June
2000-06-14,32.72,2000,6,2,-0.00999999999999801,-0.030553009471423476,29.577333333333332,June
2000-06-15,32.7,2000,6,2,-0.01999999999999602,-0.06112469437651313,29.780666666666665,June
2000-06-16,32.35,2000,6,2,-0.3500000000000014,-1.0703363914373099,29.956333333333337,June
2000-06-19,31.57,2000,6,2,-0.7800000000000011,-2.4111282843894966,30.096333333333334,June
2000-06-20,33.07,2000,6,2,1.5,4.751346214760854,30.263666666666666,June
2000-06-21,33.64,2000,6,2,0.5700000000000003,1.7236165709101803,30.436333333333334,June
2000-06-22,34.72,2000,6,2,1.0799999999999983,3.210463733650415,30.657,June
2000-06-23,34.76,2000,6,2,0.03999999999999915,0.11520737327188613,30.840666666666667,June
2000-06-26,31.56,2000,6,2,-3.1999999999999993,-9.205983889528191,30.904666666666667,June
2000-06-27,32.01,2000,6,2,0.4499999999999993,1.425855513307983,30.973333333333333,June
2000-06-28,31.86,2000,6,2,-0.14999999999999858,-0.46860356138705983,31.043333333333333,June
2000-06-29,32.73,2000,6,2,0.8699999999999974,2.730696798493404,31.154999999999998,June
2000-06-30,32.44,2000,6,2,-0.28999999999999915,-0.8860372746715472,31.227,June
2000-07-05,30.76,2000,7,3,-1.6799999999999962,-5.178791615289757,31.25166666666667,July
2000-07-06,30.19,2000,7,3,-0.5700000000000003,-1.8530559167750371,31.304,July
2000-07-07,30.26,2000,7,3,0.07000000000000028,0.2318648559125558,31.358999999999998,July
2000-07-10,29.51,2000,7,3,-0.75,-2.4785194976867153,31.346333333333334,July
2000-07-11,29.61,2000,7,3,0.09999999999999787,0.3388681802778626,31.319,July
2000-07-12,30.34,2000,7,3,0.7300000000000004,2.465383316447145,31.33833333333333,July
2000-07-13,31.41,2000,7,3,1.0700000000000003,3.5266974291364495,31.37333333333333,July
2000-07-14,31.31,2000,7,3,-0.10000000000000142,-0.3183699458771172,31.449333333333335,July
2000-07-17,30.71,2000,7,3,-0.5999999999999979,-1.916320664324489,31.46666666666666,July
2000-07-18,31.94,2000,7,3,1.2300000000000004,4.005210029306405,31.52,July
2000-07-19,31.1,2000,7,3,-0.8399999999999999,-2.629931120851592,31.561,July
2000-07-20,30.94,2000,7,3,-0.16000000000000014,-0.5144694533762095,31.599666666666668,July
2000-07-21,28.56,2000,7,3,-2.3800000000000026,-7.692307692307699,31.575333333333333,July
2000-07-24,27.97,2000,7,3,-0.5899999999999999,-2.0658263305322166,31.515,July
2000-07-25,27.89,2000,7,3,-0.0799999999999983,-0.28602073650338955,31.437333333333335,July
2000-07-26,27.81,2000,7,3,-0.08000000000000185,-0.2868411617067079,31.305666666666664,July
2000-07-27,28.21,2000,7,3,0.40000000000000213,1.4383315354189241,31.154999999999998,July
2000-07-28,28.22,2000,7,3,0.00999999999999801,0.035448422545192315,31.005000000000003,July
2000-07-31,27.5,2000,7,3,-0.7199999999999989,-2.551381998582558,30.831666666666667,July
2000-08-01,27.85,2000,8,3,0.3500000000000014,1.2727272727272698,30.681666666666665,August
2000-08-02,28.27,2000,8,3,0.41999999999999815,1.5080789946140039,30.57166666666667,August
2000-08-03,28.92,2000,8,3,0.6500000000000021,2.2992571630704006,30.433333333333334,August
2000-08-04,29.94,2000,8,3,1.0199999999999996,3.526970954356834,30.31,August
2000-08-07,28.93,2000,8,3,-1.0100000000000016,-3.373413493653976,30.117,August
2000-08-08,29.26,2000,8,3,0.33000000000000185,1.1406844106463865,29.933666666666667,August
2000-08-09,30.38,2000,8,3,1.1199999999999974,3.8277511961722466,29.894333333333336,August
2000-08-10,31.09,2000,8,3,0.7100000000000009,2.3370638578011915,29.86366666666667,August
2000-08-11,31.02,2000,8,3,-0.07000000000000028,-0.22515278224509716,29.83566666666667,August
2000-08-14,31.92,2000,8,3,0.9000000000000021,2.9013539651837617,29.808666666666667,August
2000-08-15,31.43,2000,8,3,-0.490000000000002,-1.535087719298256,29.775,August
2000-08-16,31.91,2000,8,3,0.4800000000000004,1.5272033089404946,29.813333333333333,August
2000-08-17,31.88,2000,8,3,-0.030000000000001137,-0.09401441554371948,29.869666666666667,August
2000-08-18,31.97,2000,8,3,0.08999999999999986,0.28230865746550204,29.92666666666667,August
2000-08-21,32.42,2000,8,3,0.45000000000000284,1.4075695964967272,30.023666666666667,August
2000-08-22,31.24,2000,8,3,-1.1800000000000033,-3.639728562615674,30.078,August
2000-08-23,31.23,2000,8,3,-0.00999999999999801,-0.03201024327784685,30.107666666666667,August
2000-08-24,33.41,2000,8,3,2.179999999999996,6.980467499199472,30.174333333333333,August
2000-08-25,34.01,2000,8,3,0.6000000000000014,1.7958695001496494,30.264333333333333,August
2000-08-28,32.92,2000,8,3,-1.0899999999999963,-3.204939723610689,30.338000000000005,August
2000-08-29,32.73,2000,8,3,-0.19000000000000483,-0.5771567436209102,30.36433333333333,August
2000-08-30,33.25,2000,8,3,0.5200000000000031,1.5887564925145314,30.435999999999996,August
2000-08-31,33.09,2000,8,3,-0.1599999999999966,-0.4812030075187823,30.50766666666667,August
2000-09-01,33.42,2000,9,3,0.3299999999999983,0.9972801450589319,30.669666666666664,September
2000-09-05,33.92,2000,9,3,0.5,1.496110113704363,30.868,September
2000-09-06,34.97,2000,9,3,1.0499999999999972,3.0955188679245182,31.104,September
2000-09-07,35.18,2000,9,3,0.21000000000000085,0.6005147269087852,31.349666666666668,September
2000-09-08,33.62,2000,9,3,-1.5600000000000023,-4.4343376918703825,31.529999999999998,September
2000-09-11,35.14,2000,9,3,1.5200000000000031,4.521118381915534,31.760666666666665,September
2000-09-12,34.25,2000,9,3,-0.8900000000000006,-2.532726237905525,31.985666666666663,September
2000-09-13,33.87,2000,9,3,-0.38000000000000256,-1.109489051094903,32.18633333333334,September
2000-09-14,34.37,2000,9,3,0.5,1.4762326542663073,32.38966666666666,September
2000-09-15,35.87,2000,9,3,1.5,4.364271166715161,32.62133333333333,September
2000-09-18,36.75,2000,9,3,0.8800000000000026,2.4533035963200556,32.848333333333336,September
2000-09-19,36.96,2000,9,3,0.21000000000000085,0.5714285714285783,33.116,September
2000-09-20,37.22,2000,9,3,0.259999999999998,0.7034632034631949,33.38133333333333,September
2000-09-21,33.84,2000,9,3,-3.3799999999999955,-9.081139172487894,33.49666666666666,September
2000-09-22,32.66,2000,9,3,-1.1800000000000068,-3.4869976359338306,33.549,September
2000-09-25,31.5,2000,9,3,-1.1599999999999966,-3.551745254133487,33.565,September
2000-09-26,31.78,2000,9,3,0.28000000000000114,0.8888888888888946,33.56033333333333,September
2000-09-27,31.23,2000,9,3,-0.5500000000000007,-1.7306482064191386,33.553666666666665,September
2000-09-28,30.26,2000,9,3,-0.9699999999999989,-3.105987832212609,33.498666666666665,September
2000-09-29,30.87,2000,9,3,0.6099999999999994,2.0158625247851836,33.465,September
2000-10-02,32.05,2000,10,4,1.1799999999999962,3.8224813735017626,33.467666666666666,October
2000-10-03,31.86,2000,10,4,-0.18999999999999773,-0.5928237129485092,33.449,October
2000-10-04,30.91,2000,10,4,-0.9499999999999993,-2.9817953546767084,33.438,October
2000-10-05,30.66,2000,10,4,-0.25,-0.8087997411840853,33.419,October
2000-10-06,30.86,2000,10,4,0.1999999999999993,0.6523157208088604,33.333999999999996,October
2000-10-09,31.98,2000,10,4,1.120000000000001,3.6292935839274065,33.266333333333336,October
2000-10-10,33.29,2000,10,4,1.3099999999999987,4.0963101938711555,33.278666666666666,October
2000-10-11,33.2,2000,10,4,-0.0899999999999963,-0.2703514568939469,33.294333333333334,October
2000-10-12,36.06,2000,10,4,2.8599999999999994,8.614457831325307,33.388000000000005,October
2000-10-13,34.96,2000,10,4,-1.1000000000000014,-3.0504714364947394,33.45033333333333,October
2000-10-16,33.18,2000,10,4,-1.7800000000000011,-5.091533180778041,33.44233333333333,October
2000-10-17,33.36,2000,10,4,0.17999999999999972,0.5424954792043302,33.42366666666667,October
2000-10-18,33.51,2000,10,4,0.14999999999999858,0.4496402877697703,33.375,October
2000-10-19,33.06,2000,10,4,-0.44999999999999574,-1.3428827215756334,33.30433333333333,October
2000-10-20,34.31,2000,10,4,1.25,3.7810042347247386,33.327333333333335,October
2000-10-23,34.9,2000,10,4,0.5899999999999963,1.7196152725152958,33.31933333333333,October
2000-10-24,34.53,2000,10,4,-0.36999999999999744,-1.0601719197707693,33.32866666666667,October
2000-10-25,33.62,2000,10,4,-0.9100000000000037,-2.635389516362596,33.32033333333333,October
2000-10-26,33.75,2000,10,4,0.13000000000000256,0.3866745984533182,33.29966666666667,October
2000-10-27,32.78,2000,10,4,-0.9699999999999989,-2.8740740740740733,33.196666666666665,October
2000-10-30,32.86,2000,10,4,0.0799999999999983,0.24405125076265577,33.067,October
2000-10-31,32.7,2000,10,4,-0.1599999999999966,-0.48691418137551956,32.925,October
2000-11-01,33.14,2000,11,4,0.4399999999999977,1.3455657492354778,32.789,November
2000-11-02,32.59,2000,11,4,-0.5499999999999972,-1.6596258298129052,32.74733333333334,November
2000-11-03,32.62,2000,11,4,0.02999999999999403,0.09205277692541092,32.746,November
2000-11-06,33.02,2000,11,4,0.4000000000000057,1.226241569589237,32.79666666666667,November
2000-11-07,33.44,2000,11,4,0.4199999999999946,1.2719563900666087,32.852,November
2000-11-08,32.92,2000,11,4,-0.519999999999996,-1.5550239234449648,32.90833333333334,November
2000-11-09,33.87,2000,11,4,0.9499999999999957,2.8857837181044843,33.028666666666666,November
2000-11-10,34.05,2000,11,4,0.17999999999999972,0.5314437555358653,33.13466666666667,November
2000-11-13,34.3,2000,11,4,0.25,0.7342143906020615,33.209666666666664,November
2000-11-14,34.72,2000,11,4,0.4200000000000017,1.224489795918382,33.305,November
2000-11-15,35.54,2000,11,4,0.8200000000000003,2.361751152073732,33.45933333333333,November
2000-11-16,34.84,2000,11,4,-0.6999999999999957,-1.9696117051209772,33.59866666666667,November
2000-11-17,35.62,2000,11,4,0.779999999999994,2.238805970149227,33.757333333333335,November
2000-11-20,35.98,2000,11,4,0.35999999999999943,1.0106681639528325,33.89066666666667,November
2000-11-21,35.54,2000,11,4,-0.4399999999999977,-1.222901612006666,33.96566666666667,November
2000-11-22,36.06,2000,11,4,0.5200000000000031,1.4631401238041741,34.061,November
2000-11-24,36.06,2000,11,4,0.0,0.0,34.061,November
2000-11-27,36.24,2000,11,4,0.17999999999999972,0.4991680532445919,34.10366666666667,November
2000-11-28,34.02,2000,11,4,-2.219999999999999,-6.125827814569529,34.13166666666667,November
2000-11-29,34.58,2000,11,4,0.5599999999999952,1.6460905349794164,34.17233333333333,November
2000-11-30,33.61,2000,11,4,-0.9699999999999989,-2.8050896471949027,34.175666666666665,November
2000-12-01,32.06,2000,12,4,-1.5499999999999972,-4.611722701576904,34.14233333333333,December
2000-12-04,31.28,2000,12,4,-0.7800000000000011,-2.43293824079851,34.041333333333334,December
2000-12-05,29.25,2000,12,4,-2.030000000000001,-6.489769820971869,33.852999999999994,December
2000-12-06,30.24,2000,12,4,0.9899999999999984,3.384615384615386,33.71,December
2000-12-07,29.36,2000,12,4,-0.879999999999999,-2.910052910052907,33.568,December
2000-12-08,28.31,2000,12,4,-1.0500000000000007,-3.5762942779291595,33.38666666666667,December
2000-12-11,29.75,2000,12,4,1.4400000000000013,5.086541858000704,33.28566666666667,December
2000-12-12,29.81,2000,12,4,0.05999999999999872,0.2016806722689113,33.184,December
2000-12-13,28.75,2000,12,4,-1.0599999999999987,-3.5558537403555857,33.05233333333333,December
2000-12-14,28.06,2000,12,4,-0.6900000000000013,-2.400000000000002,32.883,December
2000-12-15,28.86,2000,12,4,0.8000000000000007,2.851033499643618,32.75866666666666,December
2000-12-18,29.52,2000,12,4,0.6600000000000001,2.2869022869022926,32.65533333333334,December
2000-12-19,29.34,2000,12,4,-0.17999999999999972,-0.6097560975609762,32.532666666666664,December
2000-12-20,25.83,2000,12,4,-3.5100000000000016,-11.963190184049088,32.279,December
2000-12-21,26.06,2000,12,4,0.23000000000000043,0.8904374758033295,32.050333333333334,December
2000-12-22,26.16,2000,12,4,0.10000000000000142,0.38372985418266836,31.793333333333337,December
2000-12-26,27.0,2000,12,4,0.8399999999999999,3.2110091743119185,31.558333333333334,December
2000-12-27,26.55,2000,12,4,-0.4499999999999993,-1.6666666666666607,31.3,December
2000-12-28,25.82,2000,12,4,-0.7300000000000004,-2.749529190207156,31.003333333333334,December
2000-12-29,26.72,2000,12,4,0.8999999999999986,3.4856700232377857,30.709333333333337,December
2001-01-02,27.29,2001,1,1,0.5700000000000003,2.133233532934131,30.457666666666668,January
2001-01-03,27.93,2001,1,1,0.6400000000000006,2.345181385122763,30.20133333333333,January
2001-01-04,27.95,2001,1,1,0.019999999999999574,0.07160759040458764,29.933666666666667,January
2001-01-05,28.02,2001,1,1,0.07000000000000028,0.2504472271914082,29.683,January
2001-01-08,27.44,2001,1,1,-0.5799999999999983,-2.0699500356887834,29.395666666666667,January
2001-01-09,27.72,2001,1,1,0.2799999999999976,1.0204081632652962,29.117666666666665,January
2001-01-10,29.42,2001,1,1,1.7000000000000028,6.132756132756145,28.890333333333334,January
2001-01-11,29.42,2001,1,1,0.0,0.0,28.737000000000002,January
2001-01-12,30.07,2001,1,1,0.6499999999999986,2.209381373215491,28.586666666666666,January
2001-01-16,30.19,2001,1,1,0.120000000000001,0.3990688393747943,28.472666666666665,January
2001-01-17,29.77,2001,1,1,-0.4200000000000017,-1.3911891354753236,28.396333333333335,January
2001-01-18,30.42,2001,1,1,0.6500000000000021,2.183406113537134,28.367666666666665,January
2001-01-19,32.12,2001,1,1,1.6999999999999957,5.588428665351719,28.46333333333333,January
2001-01-22,32.21,2001,1,1,0.09000000000000341,0.28019925280200475,28.529,January
2001-01-23,31.66,2001,1,1,-0.5500000000000007,-1.7075442409189678,28.605666666666668,January
2001-01-24,31.46,2001,1,1,-0.1999999999999993,-0.6317119393556503,28.710666666666665,January
2001-01-25,31.61,2001,1,1,0.14999999999999858,0.4767959313413783,28.772666666666666,January
2001-01-26,29.79,2001,1,1,-1.8200000000000003,-5.757671622904148,28.772,January
2001-01-29,29.07,2001,1,1,-0.7199999999999989,-2.416918429003012,28.782666666666668,January
2001-01-30,29.12,2001,1,1,0.05000000000000071,0.17199862401100496,28.817999999999998,January
2001-01-31,28.62,2001,1,1,-0.5,-1.717032967032972,28.81,January
2001-02-01,29.88,2001,2,1,1.259999999999998,4.402515723270439,28.822,February
2001-02-02,31.27,2001,2,1,1.3900000000000006,4.6519410977242215,28.886333333333333,February
2001-02-05,30.55,2001,2,1,-0.7199999999999989,-2.3025263831148,29.04366666666667,February
2001-02-06,30.27,2001,2,1,-0.28000000000000114,-0.9165302782324081,29.184,February
2001-02-07,31.27,2001,2,1,1.0,3.3036009250082543,29.354333333333333,February
2001-02-08,31.57,2001,2,1,0.3000000000000007,0.959385992964501,29.506666666666664,February
2001-02-09,30.93,2001,2,1,-0.6400000000000006,-2.027241051631301,29.65266666666667,February
2001-02-12,30.52,2001,2,1,-0.41000000000000014,-1.3255738764953118,29.80933333333333,February
2001-02-13,30.12,2001,2,1,-0.3999999999999986,-1.3106159895150626,29.922666666666665,February
2001-02-14,29.55,2001,2,1,-0.5700000000000003,-1.8924302788844605,29.997999999999998,February
2001-02-15,28.96,2001,2,1,-0.5899999999999999,-1.996615905245347,30.032333333333334,February
2001-02-16,29.22,2001,2,1,0.259999999999998,0.8977900552486151,30.074666666666666,February
2001-02-20,28.6,2001,2,1,-0.6199999999999974,-2.121834360027375,30.094,February
2001-02-21,28.64,2001,2,1,0.03999999999999915,0.13986013986013734,30.134,February
2001-02-22,28.52,2001,2,1,-0.120000000000001,-0.41899441340782495,30.160666666666668,February
2001-02-23,28.83,2001,2,1,0.3099999999999987,1.0869565217391353,30.141000000000002,February
2001-02-26,28.27,2001,2,1,-0.5599999999999987,-1.9424210891432536,30.102666666666668,February
2001-02-27,28.26,2001,2,1,-0.00999999999999801,-0.035373187124154715,30.042333333333332,February
2001-02-28,27.35,2001,2,1,-0.9100000000000001,-3.2200990799716944,29.94766666666667,February
2001-03-01,27.78,2001,3,1,0.4299999999999997,1.5722120658135275,29.881333333333334,March
2001-03-02,27.89,2001,3,1,0.10999999999999943,0.39596832253419034,29.797,March
2001-03-05,28.61,2001,3,1,0.7199999999999989,2.581570455360338,29.68,March
2001-03-06,28.4,2001,3,1,-0.21000000000000085,-0.7340090877315686,29.553,March
2001-03-07,28.95,2001,3,1,0.5500000000000007,1.936619718309851,29.462666666666667,March
2001-03-08,28.31,2001,3,1,-0.6400000000000006,-2.2107081174438714,29.357666666666667,March
2001-03-09,27.97,2001,3,1,-0.33999999999999986,-1.200989049805723,29.236333333333334,March
2001-03-12,27.91,2001,3,1,-0.05999999999999872,-0.2145155523775477,29.17366666666667,March
2001-03-13,27.45,2001,3,1,-0.46000000000000085,-1.6481547832318144,29.119666666666667,March
2001-03-14,26.49,2001,3,1,-0.9600000000000009,-3.49726775956285,29.032,March
2001-03-15,26.56,2001,3,1,0.07000000000000028,0.2642506606266526,28.96333333333333,March
2001-03-16,26.68,2001,3,1,0.120000000000001,0.45180722891566827,28.85666666666667,March
2001-03-19,26.17,2001,3,1,-0.509999999999998,-1.9115442278860528,28.686666666666667,March
2001-03-20,25.99,2001,3,1,-0.18000000000000327,-0.6878104700038357,28.534666666666666,March
2001-03-21,26.43,2001,3,1,0.4400000000000013,1.6929588303193688,28.406666666666663,March
2001-03-22,26.19,2001,3,1,-0.23999999999999844,-0.9080590238365382,28.237333333333332,March
2001-03-23,27.31,2001,3,1,1.1199999999999974,4.276441389843444,28.095333333333333,March
2001-03-26,27.4,2001,3,1,0.08999999999999986,0.3295496155254485,27.977666666666664,March
2001-03-27,27.62,2001,3,1,0.22000000000000242,0.802919708029215,27.880999999999997,March
2001-03-28,26.43,2001,3,1,-1.1900000000000013,-4.308472121650986,27.758,March
2001-03-29,26.47,2001,3,1,0.03999999999999915,0.1513431706394286,27.655333333333335,March
2001-03-30,26.37,2001,3,1,-0.09999999999999787,-0.3777861730260623,27.569000000000003,March
2001-04-02,25.7,2001,4,2,-0.6700000000000017,-2.5407660219947004,27.451666666666664,April
2001-04-03,26.65,2001,4,2,0.9499999999999993,3.696498054474695,27.386666666666663,April
2001-04-04,27.16,2001,4,2,0.5100000000000016,1.9136960600375286,27.337333333333333,April
2001-04-05,27.24,2001,4,2,0.0799999999999983,0.2945508100147265,27.294666666666668,April
2001-04-06,27.07,2001,4,2,-0.16999999999999815,-0.6240822320117356,27.235999999999997,April
2001-04-09,27.45,2001,4,2,0.379999999999999,1.4037680088659021,27.208666666666666,April
2001-04-10,28.47,2001,4,2,1.0199999999999996,3.71584699453551,27.215666666666664,April
2001-04-11,28.42,2001,4,2,-0.04999999999999716,-0.17562346329468292,27.25133333333333,April
2001-04-12,28.75,2001,4,2,0.3299999999999983,1.1611541168191408,27.283666666666665,April
2001-04-16,28.81,2001,4,2,0.05999999999999872,0.20869565217391806,27.31433333333333,April
2001-04-17,27.89,2001,4,2,-0.9199999999999982,-3.193335647344664,27.29033333333333,April
2001-04-18,27.83,2001,4,2,-0.060000000000002274,-0.21513087128003372,27.271333333333335,April
2001-04-19,27.92,2001,4,2,0.09000000000000341,0.3233920229967824,27.237,April
2001-04-20,27.0,2001,4,2,-0.9200000000000017,-3.2951289398280847,27.19333333333333,April
2001-04-23,26.97,2001,4,2,-0.030000000000001137,-0.11111111111111738,27.16,April
2001-04-24,25.24,2001,4,2,-1.7300000000000004,-6.414534668149797,27.071,April
2001-04-25,25.93,2001,4,2,0.6900000000000013,2.733755942947713,27.020333333333333,April
2001-04-26,28.47,2001,4,2,2.539999999999999,9.795603548013876,27.086333333333332,April
2001-04-27,28.35,2001,4,2,-0.11999999999999744,-0.42149631190726566,27.146,April
2001-04-30,28.48,2001,4,2,0.129999999999999,0.4585537918871285,27.206,April
2001-05-01,28.37,2001,5,2,-0.10999999999999943,-0.38623595505618,27.279333333333334,May
2001-05-02,27.89,2001,5,2,-0.4800000000000004,-1.6919280930560499,27.342666666666666,May
2001-05-03,28.66,2001,5,2,0.7699999999999996,2.7608461814270235,27.416999999999998,May
2001-05-04,28.41,2001,5,2,-0.25,-0.8722958827634297,27.491,May
2001-05-07,27.79,2001,5,2,-0.620000000000001,-2.1823301654347094,27.507,May
2001-05-08,27.35,2001,5,2,-0.4399999999999977,-1.5833033465275204,27.505333333333336,May
2001-05-09,28.39,2001,5,2,1.0399999999999991,3.802559414990858,27.531000000000002,May
2001-05-10,28.5,2001,5,2,0.10999999999999943,0.3874603733708959,27.6,May
2001-05-11,28.59,2001,5,2,0.08999999999999986,0.3157894736842026,27.670666666666666,May
2001-05-14,28.83,2001,5,2,0.23999999999999844,0.8394543546694555,27.752666666666663,May
2001-05-15,28.9,2001,5,2,0.07000000000000028,0.24280263614291364,27.859333333333332,May
2001-05-16,28.77,2001,5,2,-0.129999999999999,-0.44982698961937295,27.930000000000003,May
2001-05-17,29.02,2001,5,2,0.25,0.8689607229753316,27.992,May
2001-05-18,29.9,2001,5,2,0.879999999999999,3.0323914541695363,28.080666666666666,May
2001-05-21,29.96,2001,5,2,0.060000000000002274,0.20066889632108786,28.177000000000003,May
2001-05-22,29.75,2001,5,2,-0.21000000000000085,-0.7009345794392496,28.253666666666668,May
2001-05-23,28.85,2001,5,2,-0.8999999999999986,-3.025210084033614,28.266333333333332,May
2001-05-24,27.97,2001,5,2,-0.8800000000000026,-3.0502599653379647,28.25133333333333,May
2001-05-25,28.08,2001,5,2,0.10999999999999943,0.3932785126921745,28.229,May
2001-05-29,28.76,2001,5,2,0.6800000000000033,2.4216524216524427,28.227333333333334,May
2001-05-30,28.71,2001,5,2,-0.05000000000000071,-0.1738525730180851,28.25466666666667,May
2001-05-31,28.39,2001,5,2,-0.3200000000000003,-1.1145942180424973,28.273333333333333,May
2001-06-01,27.88,2001,6,2,-0.5100000000000016,-1.7964071856287456,28.272000000000002,June
2001-06-04,28.14,2001,6,2,0.26000000000000156,0.9325681492108995,28.310000000000002,June
2001-06-05,27.84,2001,6,2,-0.3000000000000007,-1.0660980810234588,28.339000000000002,June
2001-06-06,27.56,2001,6,2,-0.28000000000000114,-1.0057471264367845,28.416333333333334,June
2001-06-07,27.91,2001,6,2,0.3500000000000014,1.2699564586357015,28.48233333333333,June
2001-06-08,28.43,2001,6,2,0.5199999999999996,1.8631314940881438,28.481,June
2001-06-11,28.94,2001,6,2,0.5100000000000016,1.79387970453746,28.500666666666667,June
2001-06-12,29.13,2001,6,2,0.18999999999999773,0.656530753282647,28.522333333333332,June
2001-06-13,28.81,2001,6,2,-0.3200000000000003,-1.0985238585650592,28.537,June
2001-06-14,29.12,2001,6,2,0.3100000000000023,1.0760152724748506,28.578,June
2001-06-15,28.52,2001,6,2,-0.6000000000000014,-2.060439560439564,28.573333333333334,June
2001-06-18,27.55,2001,6,2,-0.9699999999999989,-3.4011220196353387,28.544666666666664,June
2001-06-19,27.49,2001,6,2,-0.060000000000002274,-0.21778584392014855,28.534666666666666,June
2001-06-20,26.52,2001,6,2,-0.9699999999999989,-3.5285558384867133,28.506999999999998,June
2001-06-21,26.85,2001,6,2,0.33000000000000185,1.2443438914027327,28.455666666666666,June
2001-06-22,27.02,2001,6,2,0.16999999999999815,0.6331471135940347,28.406333333333333,June
2001-06-25,27.11,2001,6,2,0.08999999999999986,0.33308660251665234,28.356999999999996,June
2001-06-26,26.97,2001,6,2,-0.14000000000000057,-0.5164146071560349,28.295,June
2001-06-27,25.67,2001,6,2,-1.2999999999999972,-4.820170559881342,28.187333333333335,June
2001-06-28,25.75,2001,6,2,0.0799999999999983,0.3116478379431076,28.086666666666662,June
2001-06-29,26.37,2001,6,2,0.620000000000001,2.40776699029126,27.99833333333333,June
2001-07-02,26.02,2001,7,3,-0.3500000000000014,-1.3272658323852937,27.868999999999996,July
2001-07-03,26.28,2001,7,3,0.26000000000000156,0.9992313604919367,27.746333333333332,July
2001-07-05,27.07,2001,7,3,0.7899999999999991,3.0060882800608812,27.656999999999996,July
2001-07-06,28.1,2001,7,3,1.0300000000000011,3.8049501292944266,27.632,July
2001-07-09,27.63,2001,7,3,-0.4700000000000024,-1.6725978647686879,27.62066666666667,July
2001-07-10,27.22,2001,7,3,-0.41000000000000014,-1.48389431777054,27.592,July
2001-07-11,27.07,2001,7,3,-0.14999999999999858,-0.5510653930933085,27.535666666666664,July
2001-07-12,26.85,2001,7,3,-0.21999999999999886,-0.8127077946065708,27.473666666666663,July
2001-07-13,26.57,2001,7,3,-0.28000000000000114,-1.0428305400372428,27.413,July
2001-07-16,26.02,2001,7,3,-0.5500000000000007,-2.0700037636432134,27.351,July
2001-07-17,25.33,2001,7,3,-0.6900000000000013,-2.651806302843973,27.257333333333335,July
2001-07-18,24.65,2001,7,3,-0.6799999999999997,-2.684563758389258,27.151,July
2001-07-19,24.65,2001,7,3,0.0,0.0,27.054,July
2001-07-20,25.67,2001,7,3,1.0200000000000031,4.137931034482767,26.979333333333333,July
2001-07-23,25.88,2001,7,3,0.2099999999999973,0.8180755746006962,26.894333333333332,July
2001-07-24,26.18,2001,7,3,0.3000000000000007,1.1591962905718622,26.802333333333333,July
2001-07-25,26.71,2001,7,3,0.5300000000000011,2.024446142093206,26.721666666666668,July
2001-07-26,26.74,2001,7,3,0.029999999999997584,0.1123174840883534,26.652666666666665,July
2001-07-27,26.98,2001,7,3,0.240000000000002,0.8975317875841604,26.58133333333333,July
2001-07-30,26.6,2001,7,3,-0.379999999999999,-1.4084507042253502,26.517333333333333,July
2001-07-31,26.7,2001,7,3,0.09999999999999787,0.3759398496240518,26.489,July
2001-08-01,26.83,2001,8,3,0.129999999999999,0.4868913857677848,26.467,August
2001-08-02,27.86,2001,8,3,1.0300000000000011,3.83898620946701,26.511666666666667,August
2001-08-03,27.51,2001,8,3,-0.34999999999999787,-1.2562814070351647,26.533666666666665,August
2001-08-06,27.7,2001,8,3,0.18999999999999773,0.6906579425663306,26.556333333333335,August
2001-08-07,28.17,2001,8,3,0.4700000000000024,1.6967509025270777,26.591666666666665,August
2001-08-08,27.62,2001,8,3,-0.5500000000000007,-1.9524316648917295,26.613333333333333,August
2001-08-09,27.72,2001,8,3,0.09999999999999787,0.3620564808110016,26.68166666666667,August
2001-08-10,28.12,2001,8,3,0.40000000000000213,1.443001443001446,26.76066666666667,August
2001-08-13,27.85,2001,8,3,-0.2699999999999996,-0.9601706970127966,26.810000000000002,August
2001-08-14,28.1,2001,8,3,0.25,0.8976660682226134,26.87933333333334,August
2001-08-15,27.51,2001,8,3,-0.5899999999999999,-2.0996441281138756,26.920333333333335,August
2001-08-16,27.47,2001,8,3,-0.0400000000000027,-0.1454016721192386,26.933666666666667,August
2001-08-17,26.65,2001,8,3,-0.8200000000000003,-2.985074626865669,26.885333333333335,August
2001-08-20,27.2,2001,8,3,0.5500000000000007,2.0637898686679312,26.871,August
2001-08-21,27.93,2001,8,3,0.7300000000000004,2.6838235294117663,26.89466666666667,August
2001-08-22,27.17,2001,8,3,-0.759999999999998,-2.7210884353741416,26.898000000000003,August
2001-08-23,25.63,2001,8,3,-1.5400000000000027,-5.668016194331993,26.857333333333333,August
2001-08-24,28.34,2001,8,3,2.710000000000001,10.573546625048769,26.916333333333334,August
2001-08-27,26.69,2001,8,3,-1.6499999999999986,-5.8221594918842605,26.938666666666666,August
2001-08-28,27.16,2001,8,3,0.46999999999999886,1.7609591607343544,26.999666666666666,August
2001-08-29,27.07,2001,8,3,-0.08999999999999986,-0.3313696612665673,27.080333333333332,August
2001-08-30,26.65,2001,8,3,-0.4200000000000017,-1.5515330624307433,27.147,August
2001-08-31,26.65,2001,8,3,0.0,0.0,27.179666666666666,August
2001-09-04,26.94,2001,9,3,0.2900000000000027,1.0881801125703694,27.215,September
2001-09-05,27.03,2001,9,3,0.08999999999999986,0.33407572383072903,27.243333333333332,September
2001-09-06,27.54,2001,9,3,0.509999999999998,1.8867924528301883,27.271000000000004,September
2001-09-07,27.99,2001,9,3,0.4499999999999993,1.6339869281045694,27.312666666666665,September
2001-09-10,27.66,2001,9,3,-0.3299999999999983,-1.1789924973204635,27.335333333333335,September
2001-09-11,27.65,2001,9,3,-0.010000000000001563,-0.03615328994939215,27.370333333333335,September
2001-09-12,27.64,2001,9,3,-0.00999999999999801,-0.036166365280276835,27.401666666666664,September
2001-09-13,28.58,2001,9,3,0.9399999999999977,3.40086830680173,27.46,September
2001-09-14,29.59,2001,9,3,1.0100000000000016,3.533939818054588,27.517666666666667,September
2001-09-17,28.84,2001,9,3,-0.75,-2.5346400811084857,27.562,September
2001-09-18,27.81,2001,9,3,-1.0300000000000011,-3.57142857142857,27.56566666666667,September
2001-09-19,26.73,2001,9,3,-1.0799999999999983,-3.8834951456310662,27.517666666666667,September
2001-09-20,26.6,2001,9,3,-0.129999999999999,-0.486344930789373,27.483666666666668,September
2001-09-21,25.46,2001,9,3,-1.1400000000000006,-4.285714285714293,27.408333333333335,September
2001-09-24,21.46,2001,9,3,-4.0,-15.710919088766694,27.186333333333334,September
2001-09-25,21.63,2001,9,3,0.16999999999999815,0.7921714818266423,26.979,September
2001-09-26,22.4,2001,9,3,0.7699999999999996,3.5598705501618033,26.788999999999998,September
2001-09-27,22.8,2001,9,3,0.40000000000000213,1.7857142857143016,26.631999999999998,September
2001-09-28,23.44,2001,9,3,0.6400000000000006,2.807017543859658,26.497666666666667,September
2001-10-01,23.12,2001,10,4,-0.3200000000000003,-1.3651877133105783,26.38,October
2001-10-02,22.7,2001,10,4,-0.4200000000000017,-1.8166089965398036,26.23,October
2001-10-03,22.17,2001,10,4,-0.5299999999999976,-2.3348017621145245,26.038,October
2001-10-04,22.7,2001,10,4,0.5299999999999976,2.3906179521876236,25.889,October
2001-10-05,22.32,2001,10,4,-0.379999999999999,-1.6740088105726803,25.778666666666666,October
2001-10-08,22.25,2001,10,4,-0.07000000000000028,-0.31362007168458383,25.575666666666667,October
2001-10-09,22.55,2001,10,4,0.3000000000000007,1.3483146067415852,25.437666666666665,October
2001-10-10,22.51,2001,10,4,-0.03999999999999915,-0.17738359201773246,25.282666666666668,October
2001-10-11,23.49,2001,10,4,0.9799999999999969,4.353620613060838,25.163333333333334,October
2001-10-12,22.49,2001,10,4,-1.0,-4.257130693912304,25.02466666666667,October
2001-10-15,22.37,2001,10,4,-0.11999999999999744,-0.5335704757669979,24.882,October
2001-10-16,22.01,2001,10,4,-0.35999999999999943,-1.6092981671882,24.717666666666666,October
2001-10-17,21.89,2001,10,4,-0.120000000000001,-0.5452067242162739,24.546333333333333,October
2001-10-18,21.33,2001,10,4,-0.5600000000000023,-2.5582457743261844,24.339333333333332,October
2001-10-19,21.99,2001,10,4,0.6600000000000001,3.0942334739803012,24.139333333333337,October
2001-10-22,21.78,2001,10,4,-0.2099999999999973,-0.9549795361527891,23.94333333333333,October
2001-10-23,21.28,2001,10,4,-0.5,-2.2956841138659367,23.730999999999998,October
2001-10-24,22.0,2001,10,4,0.7199999999999989,3.383458646616533,23.543,October
2001-10-25,21.75,2001,10,4,-0.25,-1.1363636363636354,23.31533333333333,October
2001-10-26,22.07,2001,10,4,0.3200000000000003,1.471264367816083,23.064666666666668,October
2001-10-29,22.1,2001,10,4,0.030000000000001137,0.1359311282283615,22.84,October
2001-10-30,21.83,2001,10,4,-0.2700000000000031,-1.2217194570135925,22.640666666666664,October
2001-10-31,21.2,2001,10,4,-0.629999999999999,-2.8859367842418604,22.456333333333337,October
2001-11-01,20.47,2001,11,4,-0.7300000000000004,-3.4433962264150964,22.252000000000002,November
2001-11-02,20.24,2001,11,4,-0.23000000000000043,-1.1235955056179803,22.078,November
2001-11-05,20.0,2001,11,4,-0.23999999999999844,-1.1857707509881354,22.029333333333334,November
2001-11-06,19.93,2001,11,4,-0.07000000000000028,-0.35000000000000586,21.972666666666665,November
2001-11-07,20.11,2001,11,4,0.17999999999999972,0.9031610637230347,21.896333333333335,November
2001-11-08,21.21,2001,11,4,1.1000000000000014,5.4699154649428205,21.843333333333337,November
2001-11-09,22.23,2001,11,4,1.0199999999999996,4.8090523338047975,21.802999999999997,November
2001-11-12,21.26,2001,11,4,-0.9699999999999989,-4.363472784525413,21.741,November
2001-11-13,21.56,2001,11,4,0.29999999999999716,1.4111006585136199,21.703,November
2001-11-14,19.63,2001,11,4,-1.9299999999999997,-8.951762523191098,21.618333333333332,November
2001-11-15,17.5,2001,11,4,-2.129999999999999,-10.850738665308201,21.445,November
2001-11-16,18.09,2001,11,4,0.5899999999999999,3.3714285714285808,21.304,November
2001-11-19,17.74,2001,11,4,-0.3500000000000014,-1.9347705914870228,21.153666666666666,November
2001-11-20,18.71,2001,11,4,0.9700000000000024,5.467869222096966,21.025666666666666,November
2001-11-21,18.38,2001,11,4,-0.33000000000000185,-1.7637626937466733,20.887999999999998,November
2001-11-26,18.69,2001,11,4,0.3100000000000023,1.6866158868335202,20.728,November
2001-11-27,19.57,2001,11,4,0.879999999999999,4.7084002140181935,20.63066666666667,November
2001-11-28,19.37,2001,11,4,-0.1999999999999993,-1.0219724067450198,20.530666666666665,November
2001-11-29,18.55,2001,11,4,-0.8200000000000003,-4.233350542075376,20.415333333333333,November
2001-11-30,19.46,2001,11,4,0.9100000000000001,4.9056603773584895,20.334333333333337,November
2001-12-03,20.27,2001,12,4,0.8099999999999987,4.162384378211703,20.299,December
2001-12-04,19.71,2001,12,4,-0.5599999999999987,-2.7627035027133595,20.223,December
2001-12-05,19.62,2001,12,4,-0.08999999999999986,-0.45662100456620447,20.151,December
2001-12-06,18.69,2001,12,4,-0.9299999999999997,-4.7400611620795114,20.064666666666668,December
2001-12-07,19.08,2001,12,4,0.389999999999997,2.0866773675762174,19.967333333333336,December
2001-12-10,18.32,2001,12,4,-0.759999999999998,-3.98322851153039,19.853,December
2001-12-11,18.04,2001,12,4,-0.28000000000000114,-1.5283842794759916,19.718666666666664,December
2001-12-12,18.38,2001,12,4,0.33999999999999986,1.8847006651884657,19.594666666666665,December
2001-12-13,18.2,2001,12,4,-0.17999999999999972,-0.9793253536452662,19.473666666666666,December
2001-12-14,19.31,2001,12,4,1.1099999999999994,6.098901098901099,19.410666666666664,December
2001-12-17,19.28,2001,12,4,-0.029999999999997584,-0.1553599171413622,19.371,December
2001-12-18,19.38,2001,12,4,0.09999999999999787,0.5186721991701226,19.342333333333332,December
2001-12-19,19.37,2001,12,4,-0.00999999999999801,-0.051599587203288166,19.32133333333333,December
2001-12-20,18.67,2001,12,4,-0.6999999999999993,-3.613835828600931,19.279333333333334,December
2001-12-21,19.3,2001,12,4,0.629999999999999,3.374397429030518,19.252333333333336,December
2001-12-26,21.32,2001,12,4,2.0199999999999996,10.466321243523314,19.255999999999997,December
2001-12-27,21.07,2001,12,4,-0.25,-1.1726078799249584,19.217333333333336,December
2001-12-28,20.42,2001,12,4,-0.6499999999999986,-3.084954912197435,19.18933333333333,December
2001-12-31,19.96,2001,12,4,-0.46000000000000085,-2.252693437806075,19.136000000000003,December
2002-01-02,21.13,2002,1,1,1.1699999999999982,5.861723446893774,19.186,January
2002-01-03,20.65,2002,1,1,-0.4800000000000004,-2.271651680075726,19.291,January
2002-01-04,21.47,2002,1,1,0.8200000000000003,3.970944309927371,19.403666666666666,January
2002-01-07,21.42,2002,1,1,-0.04999999999999716,-0.23288309268745255,19.526333333333334,January
2002-01-08,20.82,2002,1,1,-0.6000000000000014,-2.801120448179273,19.59666666666667,January
2002-01-09,20.32,2002,1,1,-0.5,-2.40153698366955,19.661333333333335,January
2002-01-10,20.48,2002,1,1,0.16000000000000014,0.7874015748031482,19.721,January
2002-01-11,19.67,2002,1,1,-0.8099999999999987,-3.955078124999989,19.72433333333333,January
2002-01-14,18.88,2002,1,1,-0.7900000000000027,-4.016268429079828,19.708000000000002,January
2002-01-15,18.99,2002,1,1,0.10999999999999943,0.5826271186440746,19.722666666666665,January
2002-01-16,18.96,2002,1,1,-0.029999999999997584,-0.15797788309634964,19.706,January
2002-01-17,18.2,2002,1,1,-0.7600000000000016,-4.008438818565407,19.637,January
2002-01-18,18.02,2002,1,1,-0.17999999999999972,-0.9890109890109855,19.58066666666667,January
2002-01-22,18.36,2002,1,1,0.33999999999999986,1.8867924528301883,19.538666666666668,January
2002-01-23,19.1,2002,1,1,0.740000000000002,4.030501089324634,19.55233333333333,January
2002-01-24,19.57,2002,1,1,0.46999999999999886,2.46073298429319,19.568666666666665,January
2002-01-25,19.8,2002,1,1,0.23000000000000043,1.1752682677567794,19.618,January
2002-01-28,20.05,2002,1,1,0.25,1.262626262626254,19.685000000000002,January
2002-01-29,19.3,2002,1,1,-0.75,-3.7406483790523692,19.715666666666667,January
2002-01-30,19.11,2002,1,1,-0.19000000000000128,-0.9844559585492241,19.746,January
2002-01-31,19.71,2002,1,1,0.6000000000000014,3.1397174254317095,19.759333333333334,January
2002-02-01,20.4,2002,2,1,0.6899999999999977,3.5007610350076046,19.796666666666667,February
2002-02-04,20.02,2002,2,1,-0.379999999999999,-1.862745098039209,19.817999999999998,February
2002-02-05,20.06,2002,2,1,0.03999999999999915,0.19980019980019303,19.841,February
2002-02-06,19.77,2002,2,1,-0.28999999999999915,-1.445663010967091,19.877666666666666,February
2002-02-07,19.75,2002,2,1,-0.019999999999999574,-0.10116337885685,19.892666666666667,February
2002-02-08,20.25,2002,2,1,0.5,2.5316455696202445,19.857000000000003,February
2002-02-11,21.29,2002,2,1,1.0399999999999991,5.135802469135808,19.86433333333333,February
2002-02-12,20.76,2002,2,1,-0.5299999999999976,-2.4894316580554188,19.875666666666667,February
2002-02-13,21.19,2002,2,1,0.4299999999999997,2.071290944123305,19.916666666666668,February
2002-02-14,21.19,2002,2,1,0.0,0.0,19.918666666666663,February
2002-02-15,21.47,2002,2,1,0.2799999999999976,1.321378008494567,19.946,February
2002-02-19,20.77,2002,2,1,-0.6999999999999993,-3.260363297624591,19.922666666666665,February
2002-02-20,20.31,2002,2,1,-0.46000000000000085,-2.2147327876745337,19.88566666666667,February
2002-02-21,20.81,2002,2,1,0.5,2.461841457410152,19.88533333333333,February
2002-02-22,20.92,2002,2,1,0.11000000000000298,0.5285920230658547,19.90533333333333,February
2002-02-25,20.24,2002,2,1,-0.6800000000000033,-3.250478011472291,19.897333333333332,February
2002-02-26,21.37,2002,2,1,1.1300000000000026,5.583003952569188,19.954,February
2002-02-27,21.4,2002,2,1,0.029999999999997584,0.14038371548898976,20.038000000000004,February
2002-02-28,21.78,2002,2,1,0.38000000000000256,1.7757009345794605,20.131000000000004,February
2002-03-01,22.37,2002,3,1,0.5899999999999999,2.708907254361792,20.244666666666667,March
2002-03-04,22.55,2002,3,1,0.17999999999999972,0.8046490835941,20.389666666666663,March
2002-03-05,23.18,2002,3,1,0.629999999999999,2.7937915742793695,20.561666666666667,March
2002-03-06,23.32,2002,3,1,0.14000000000000057,0.6039689387403069,20.726999999999997,March
2002-03-07,23.62,2002,3,1,0.3000000000000007,1.2864493996569415,20.877666666666666,March
2002-03-08,23.87,2002,3,1,0.25,1.0584250635055081,21.021,March
2002-03-11,24.36,2002,3,1,0.48999999999999844,2.052785923753664,21.173000000000002,March
2002-03-12,24.55,2002,3,1,0.19000000000000128,0.7799671592775059,21.322999999999997,March
2002-03-13,24.14,2002,3,1,-0.41000000000000014,-1.6700610997963383,21.484333333333332,March
2002-03-14,24.48,2002,3,1,0.33999999999999986,1.4084507042253502,21.663333333333334,March
2002-03-15,24.47,2002,3,1,-0.010000000000001563,-0.040849673202625336,21.822,March
2002-03-18,25.03,2002,3,1,0.5600000000000023,2.2885165508786276,21.976333333333333,March
2002-03-19,25.02,2002,3,1,-0.010000000000001563,-0.03995205753096753,22.142999999999997,March
2002-03-20,24.92,2002,3,1,-0.09999999999999787,-0.3996802557953538,22.305,March
2002-03-21,25.74,2002,3,1,0.8199999999999967,3.290529695024058,22.504,March
2002-03-22,25.56,2002,3,1,-0.17999999999999972,-0.6993006993006978,22.697666666666667,March
2002-03-25,25.69,2002,3,1,0.13000000000000256,0.5086071987480567,22.879,March
2002-03-26,25.75,2002,3,1,0.05999999999999872,0.23355391202801723,23.02766666666667,March
2002-03-27,25.79,2002,3,1,0.03999999999999915,0.15533980582524975,23.195333333333334,March
2002-03-28,26.21,2002,3,1,0.4200000000000017,1.6285381930981169,23.362666666666666,March
2002-04-01,26.82,2002,4,2,0.6099999999999994,2.327355971003442,23.550333333333334,April
2002-04-02,27.75,2002,4,2,0.9299999999999997,3.4675615212528044,23.759666666666664,April
2002-04-03,27.55,2002,4,2,-0.1999999999999993,-0.7207207207207134,23.985666666666667,April
2002-04-04,26.64,2002,4,2,-0.9100000000000001,-3.3030852994555326,24.196666666666665,April
2002-04-05,26.21,2002,4,2,-0.4299999999999997,-1.614114114114118,24.37666666666667,April
2002-04-08,26.16,2002,4,2,-0.05000000000000071,-0.19076688286913113,24.551333333333336,April
2002-04-09,25.45,2002,4,2,-0.7100000000000009,-2.7140672782874686,24.725,April
2002-04-10,26.15,2002,4,2,0.6999999999999993,2.7504911591355485,24.884333333333338,April
2002-04-11,24.93,2002,4,2,-1.2199999999999989,-4.665391969407262,25.002,April
2002-04-12,23.51,2002,4,2,-1.4199999999999982,-5.6959486562374595,25.059666666666665,April
2002-04-15,24.53,2002,4,2,1.0199999999999996,4.3385793279455465,25.131666666666664,April
2002-04-16,24.92,2002,4,2,0.39000000000000057,1.5898899306971082,25.21066666666667,April
2002-04-17,25.94,2002,4,2,1.0199999999999996,4.093097913322641,25.302666666666664,April
2002-04-18,25.86,2002,4,2,-0.08000000000000185,-0.30840400925212785,25.387333333333334,April
2002-04-19,26.43,2002,4,2,0.5700000000000003,2.204176334106722,25.481,April
2002-04-22,26.28,2002,4,2,-0.14999999999999858,-0.567536889897835,25.561333333333334,April
2002-04-23,26.28,2002,4,2,0.0,0.0,25.625333333333334,April
2002-04-24,26.28,2002,4,2,0.0,0.0,25.683,April
2002-04-25,26.36,2002,4,2,0.0799999999999983,0.3044140030441289,25.756999999999998,April
2002-04-26,27.12,2002,4,2,0.7600000000000016,2.8831562974203306,25.845000000000002,April
2002-04-29,27.45,2002,4,2,0.3299999999999983,1.2168141592920234,25.944333333333336,April
2002-04-30,27.32,2002,4,2,-0.129999999999999,-0.4735883424408005,26.020666666666667,April
2002-05-01,26.58,2002,5,2,-0.740000000000002,-2.708638360175708,26.072666666666667,May
2002-05-02,26.31,2002,5,2,-0.2699999999999996,-1.0158013544018019,26.118999999999996,May
2002-05-03,26.75,2002,5,2,0.4400000000000013,1.6723679209426079,26.152666666666665,May
2002-05-06,26.11,2002,5,2,-0.6400000000000006,-2.392523364485988,26.171,May
2002-05-07,26.79,2002,5,2,0.6799999999999997,2.6043661432401333,26.207666666666668,May
2002-05-08,27.76,2002,5,2,0.9700000000000024,3.6207540126913074,26.27466666666667,May
2002-05-09,27.78,2002,5,2,0.019999999999999574,0.07204610951008217,26.341,May
2002-05-10,27.92,2002,5,2,0.14000000000000057,0.5039596832253412,26.398,May
2002-05-13,28.62,2002,5,2,0.6999999999999993,2.5071633237822244,26.458000000000002,May
2002-05-14,29.17,2002,5,2,0.5500000000000007,1.9217330538085386,26.505333333333336,May
2002-05-15,28.17,2002,5,2,-1.0,-3.42817963661296,26.526,May
2002-05-16,28.0,2002,5,2,-0.1700000000000017,-0.6034788782392719,26.57133333333333,May
2002-05-17,28.19,2002,5,2,0.19000000000000128,0.6785714285714395,26.637333333333334,May
2002-05-20,28.24,2002,5,2,0.04999999999999716,0.17736786094357804,26.706666666666667,May
2002-05-21,27.35,2002,5,2,-0.889999999999997,-3.1515580736543813,26.77,May
2002-05-22,27.01,2002,5,2,-0.33999999999999986,-1.2431444241316258,26.798666666666666,May
2002-05-23,26.6,2002,5,2,-0.41000000000000014,-1.5179563124768647,26.854333333333333,May
2002-05-24,26.69,2002,5,2,0.08999999999999986,0.33834586466165995,26.960333333333335,May
2002-05-28,25.08,2002,5,2,-1.610000000000003,-6.032221805919836,26.978666666666665,May
2002-05-29,25.64,2002,5,2,0.5600000000000023,2.232854864433831,27.002666666666666,May
2002-05-30,24.78,2002,5,2,-0.8599999999999994,-3.354134165366618,26.964000000000002,May
2002-05-31,25.37,2002,5,2,0.5899999999999999,2.3809523809523725,26.94766666666667,May
2002-06-03,25.1,2002,6,2,-0.2699999999999996,-1.064249113125737,26.903333333333332,June
2002-06-04,25.32,2002,6,2,0.21999999999999886,0.8764940239043728,26.871333333333332,June
2002-06-05,25.02,2002,6,2,-0.3000000000000007,-1.1848341232227555,26.829333333333334,June
2002-06-06,24.89,2002,6,2,-0.129999999999999,-0.5195843325339733,26.783,June
2002-06-07,24.72,2002,6,2,-0.1700000000000017,-0.6830052229811256,26.728333333333335,June
2002-06-10,24.24,2002,6,2,-0.4800000000000004,-1.9417475728155331,26.632333333333335,June
2002-06-11,24.21,2002,6,2,-0.029999999999997584,-0.12376237623761277,26.524333333333335,June
2002-06-12,24.79,2002,6,2,0.5799999999999983,2.3957042544403118,26.44,June
2002-06-13,25.54,2002,6,2,0.75,3.025413473174665,26.40533333333333,June
2002-06-14,25.9,2002,6,2,0.35999999999999943,1.4095536413468945,26.39166666666667,June
2002-06-17,25.98,2002,6,2,0.08000000000000185,0.3088803088803216,26.366,June
2002-06-18,25.36,2002,6,2,-0.620000000000001,-2.386451116243271,26.341,June
2002-06-19,25.57,2002,6,2,0.21000000000000085,0.8280757097791858,26.300333333333334,June
2002-06-20,25.62,2002,6,2,0.05000000000000071,0.19554165037152238,26.229,June
2002-06-21,25.51,2002,6,2,-0.10999999999999943,-0.42935206869633147,26.153333333333332,June
2002-06-24,26.31,2002,6,2,0.7999999999999972,3.1360250882007,26.099666666666668,June
2002-06-25,26.06,2002,6,2,-0.25,-0.9502090459901136,26.014333333333337,June
2002-06-26,26.67,2002,6,2,0.610000000000003,2.3407521105142104,25.930999999999997,June
2002-06-27,26.77,2002,6,2,0.09999999999999787,0.37495313085862403,25.884333333333334,June
2002-06-28,26.79,2002,6,2,0.019999999999999574,0.07471049682479247,25.844,June
2002-07-01,26.79,2002,7,3,0.0,0.0,25.79733333333333,July
2002-07-02,26.83,2002,7,3,0.03999999999999915,0.1493094438223208,25.750333333333334,July
2002-07-03,26.82,2002,7,3,-0.00999999999999801,-0.0372717107715137,25.732666666666667,July
2002-07-08,26.14,2002,7,3,-0.6799999999999997,-2.5354213273676374,25.703666666666667,July
2002-07-09,26.16,2002,7,3,0.019999999999999574,0.07651109410864443,25.689000000000004,July
2002-07-10,26.73,2002,7,3,0.5700000000000003,2.178899082568808,25.69033333333333,July
2002-07-11,27.01,2002,7,3,0.28000000000000114,1.047512158623265,25.75466666666667,July
2002-07-12,27.48,2002,7,3,0.46999999999999886,1.7400962606441972,25.815999999999995,July
2002-07-15,27.23,2002,7,3,-0.25,-0.90975254730713,25.897666666666666,July
2002-07-16,27.68,2002,7,3,0.4499999999999993,1.6525890561880363,25.974666666666668,July
2002-07-17,27.88,2002,7,3,0.1999999999999993,0.7225433526011571,26.067333333333334,July
2002-07-18,27.5,2002,7,3,-0.379999999999999,-1.3629842180774676,26.14,July
2002-07-19,27.83,2002,7,3,0.3299999999999983,1.200000000000001,26.233666666666668,July
2002-07-22,26.61,2002,7,3,-1.2199999999999989,-4.383758533956161,26.291,July
2002-07-23,26.61,2002,7,3,0.0,0.0,26.354,July
2002-07-24,26.78,2002,7,3,0.1700000000000017,0.6388575723412337,26.438666666666666,July
2002-07-25,26.67,2002,7,3,-0.10999999999999943,-0.410754294249438,26.520666666666667,July
2002-07-26,26.55,2002,7,3,-0.120000000000001,-0.4499437570303799,26.579333333333334,July
2002-07-29,26.54,2002,7,3,-0.010000000000001563,-0.03766478342750457,26.612666666666666,July
2002-07-30,27.43,2002,7,3,0.8900000000000006,3.3534287867370116,26.663666666666664,July
2002-07-31,27.02,2002,7,3,-0.41000000000000014,-1.494713816988702,26.698333333333334,July
2002-08-01,26.51,2002,8,3,-0.509999999999998,-1.887490747594367,26.736666666666668,August
2002-08-02,26.87,2002,8,3,0.35999999999999943,1.3579781214635878,26.779999999999998,August
2002-08-05,26.55,2002,8,3,-0.3200000000000003,-1.1909192407889901,26.810999999999996,August
2002-08-06,27.18,2002,8,3,0.629999999999999,2.3728813559322104,26.866666666666667,August
2002-08-07,26.58,2002,8,3,-0.6000000000000014,-2.207505518763797,26.87566666666667,August
2002-08-08,26.67,2002,8,3,0.09000000000000341,0.3386004514672747,26.896,August
2002-08-09,26.87,2002,8,3,0.1999999999999993,0.7499062617172925,26.90266666666667,August
2002-08-12,27.84,2002,8,3,0.9699999999999989,3.6099739486415983,26.938333333333336,August
2002-08-13,28.35,2002,8,3,0.5100000000000016,1.8318965517241326,26.990333333333332,August
2002-08-14,28.19,2002,8,3,-0.16000000000000014,-0.5643738977072266,27.037,August
2002-08-15,28.99,2002,8,3,0.7999999999999972,2.8378857750975373,27.108999999999998,August
2002-08-16,29.24,2002,8,3,0.25,0.8623663332183451,27.189666666666668,August
2002-08-19,29.86,2002,8,3,0.620000000000001,2.1203830369357135,27.31366666666667,August
2002-08-20,30.12,2002,8,3,0.26000000000000156,0.8707300736771728,27.445666666666668,August
2002-08-21,30.37,2002,8,3,0.25,0.8300132802124827,27.567000000000004,August
2002-08-22,30.11,2002,8,3,-0.26000000000000156,-0.8561080013170907,27.67033333333333,August
2002-08-23,29.99,2002,8,3,-0.120000000000001,-0.39853869146463383,27.754,August
2002-08-26,29.23,2002,8,3,-0.759999999999998,-2.5341780593531094,27.820666666666668,August
2002-08-27,28.84,2002,8,3,-0.39000000000000057,-1.3342456380431078,27.859333333333332,August
2002-08-28,28.31,2002,8,3,-0.5300000000000011,-1.837725381414701,27.873666666666665,August
2002-08-29,28.83,2002,8,3,0.5199999999999996,1.8368067820557998,27.918,August
2002-08-30,28.97,2002,8,3,0.14000000000000057,0.4856052722858051,27.956000000000003,August
2002-09-03,27.76,2002,9,3,-1.2099999999999973,-4.176734552985839,27.994333333333334,September
2002-09-04,28.28,2002,9,3,0.5199999999999996,1.8731988472622474,28.05,September
2002-09-05,29.06,2002,9,3,0.7799999999999976,2.758132956152748,28.126,September
2002-09-06,29.51,2002,9,3,0.45000000000000284,1.5485203028217542,28.220666666666666,September
2002-09-09,29.8,2002,9,3,0.28999999999999915,0.9827177228058259,28.329,September
2002-09-10,29.62,2002,9,3,-0.17999999999999972,-0.6040268456375841,28.43166666666667,September
2002-09-11,29.77,2002,9,3,0.14999999999999858,0.5064145847400336,28.509666666666664,September
2002-09-12,28.95,2002,9,3,-0.8200000000000003,-2.7544507893852876,28.574,September
2002-09-13,29.83,2002,9,3,0.879999999999999,3.039723661485305,28.684666666666665,September
2002-09-16,29.14,2002,9,3,-0.6899999999999977,-2.3131076097888004,28.760333333333335,September
2002-09-17,29.08,2002,9,3,-0.060000000000002274,-0.20590253946466408,28.84466666666667,September
2002-09-18,29.57,2002,9,3,0.490000000000002,1.6850068775791094,28.924333333333333,September
2002-09-19,29.49,2002,9,3,-0.08000000000000185,-0.2705444707473803,29.021333333333335,September
2002-09-20,29.65,2002,9,3,0.16000000000000014,0.5425567989148838,29.12066666666667,September
2002-09-23,30.85,2002,9,3,1.2000000000000028,4.047217537942682,29.253333333333334,September
2002-09-24,30.79,2002,9,3,-0.060000000000002274,-0.1944894651539797,29.351666666666667,September
2002-09-25,30.69,2002,9,3,-0.09999999999999787,-0.32478077297822816,29.429666666666666,September
2002-09-26,30.31,2002,9,3,-0.38000000000000256,-1.2381883349625422,29.500333333333334,September
2002-09-27,30.53,2002,9,3,0.22000000000000242,0.7258330583965744,29.551666666666666,September
2002-09-30,30.59,2002,9,3,0.05999999999999872,0.1965280052407481,29.596666666666668,September
2002-10-01,30.71,2002,10,4,0.120000000000001,0.39228506047728207,29.625,October
2002-10-02,30.59,2002,10,4,-0.120000000000001,-0.3907521979811146,29.640666666666664,October
2002-10-03,29.73,2002,10,4,-0.8599999999999994,-2.81137626675384,29.61933333333333,October
2002-10-04,29.65,2002,10,4,-0.08000000000000185,-0.2690884628321677,29.604,October
2002-10-07,29.65,2002,10,4,0.0,0.0,29.59266666666667,October
2002-10-08,29.56,2002,10,4,-0.08999999999999986,-0.30354131534570117,29.603666666666665,October
2002-10-09,29.31,2002,10,4,-0.25,-0.8457374830852515,29.61933333333333,October
2002-10-10,28.96,2002,10,4,-0.34999999999999787,-1.194131695667,29.641000000000002,October
2002-10-11,29.36,2002,10,4,0.3999999999999986,1.3812154696132506,29.658666666666665,October
2002-10-14,30.06,2002,10,4,0.6999999999999993,2.3841961852860916,29.694999999999997,October
2002-10-15,29.73,2002,10,4,-0.3299999999999983,-1.0978043912175606,29.760666666666665,October
2002-10-16,29.28,2002,10,4,-0.4499999999999993,-1.5136226034308753,29.794,October
2002-10-17,29.61,2002,10,4,0.3299999999999983,1.127049180327866,29.81233333333333,October
2002-10-18,29.56,2002,10,4,-0.05000000000000071,-0.16886187098953398,29.814,October
2002-10-21,28.31,2002,10,4,-1.25,-4.228687415426247,29.764333333333333,October
2002-10-22,27.93,2002,10,4,-0.379999999999999,-1.342281879194629,29.708000000000002,October
2002-10-23,28.19,2002,10,4,0.26000000000000156,0.9308986752595727,29.65533333333333,October
2002-10-24,27.87,2002,10,4,-0.3200000000000003,-1.1351543100390216,29.61933333333333,October
2002-10-25,27.09,2002,10,4,-0.7800000000000011,-2.7987082884822434,29.528000000000002,October
2002-10-28,27.25,2002,10,4,0.16000000000000014,0.5906238464377989,29.464999999999996,October
2002-10-29,26.81,2002,10,4,-0.4400000000000013,-1.6146788990825778,29.389333333333337,October
2002-10-30,26.85,2002,10,4,0.0400000000000027,0.14919806042521522,29.298666666666666,October
2002-10-31,27.18,2002,10,4,0.3299999999999983,1.229050279329602,29.221666666666668,October
2002-11-01,27.04,2002,11,4,-0.14000000000000057,-0.5150846210448923,29.134666666666664,November
2002-11-04,26.89,2002,11,4,-0.14999999999999858,-0.5547337278106412,29.002666666666663,November
2002-11-05,26.06,2002,11,4,-0.8300000000000018,-3.086649312011902,28.845000000000002,November
2002-11-06,25.72,2002,11,4,-0.33999999999999986,-1.304681504221028,28.679333333333332,November
2002-11-07,25.36,2002,11,4,-0.35999999999999943,-1.3996889580093264,28.514333333333333,November
2002-11-08,25.83,2002,11,4,0.46999999999999886,1.8533123028391163,28.357666666666667,November
2002-11-11,26.02,2002,11,4,0.19000000000000128,0.7355787843592809,28.205333333333332,November
2002-11-12,26.19,2002,11,4,0.1700000000000017,0.6533435818601108,28.054666666666666,November
2002-11-13,25.28,2002,11,4,-0.9100000000000001,-3.4746086292477996,27.877666666666666,November
2002-11-14,25.4,2002,11,4,0.11999999999999744,0.4746835443037778,27.733333333333334,November
2002-11-15,25.5,2002,11,4,0.10000000000000142,0.3937007874015741,27.595000000000002,November
2002-11-18,26.71,2002,11,4,1.2100000000000009,4.7450980392157005,27.497,November
2002-11-19,26.41,2002,11,4,-0.3000000000000007,-1.1231748408835673,27.392,November
2002-11-20,27.0,2002,11,4,0.5899999999999999,2.2340022718667196,27.315,November
2002-11-21,27.07,2002,11,4,0.07000000000000028,0.2592592592592702,27.252000000000002,November
2002-11-22,27.73,2002,11,4,0.6600000000000001,2.4381233838197236,27.197666666666667,November
2002-11-25,27.01,2002,11,4,-0.7199999999999989,-2.596465921384783,27.096,November
2002-11-26,26.6,2002,11,4,-0.41000000000000014,-1.5179563124768647,26.991666666666667,November
2002-11-27,26.87,2002,11,4,0.2699999999999996,1.0150375939849576,26.91133333333333,November
2002-12-02,27.27,2002,12,4,0.3999999999999986,1.4886490509862238,26.833333333333332,December
2002-12-03,27.34,2002,12,4,0.07000000000000028,0.25669233590026597,26.759333333333334,December
2002-12-04,26.8,2002,12,4,-0.5399999999999991,-1.9751280175566932,26.709000000000003,December
2002-12-05,27.27,2002,12,4,0.46999999999999886,1.7537313432835822,26.687,December
2002-12-06,27.03,2002,12,4,-0.23999999999999844,-0.8800880088008722,26.648333333333333,December
2002-12-09,27.29,2002,12,4,0.259999999999998,0.9618941916389012,26.629,December
2002-12-10,27.73,2002,12,4,0.4400000000000013,1.6123122022718928,26.650333333333332,December
2002-12-11,27.49,2002,12,4,-0.240000000000002,-0.865488640461598,26.658333333333335,December
2002-12-12,28.2,2002,12,4,0.7100000000000009,2.582757366315036,26.704666666666665,December
2002-12-13,28.39,2002,12,4,0.19000000000000128,0.6737588652482307,26.756000000000004,December
2002-12-16,30.15,2002,12,4,1.759999999999998,6.1993659739344675,26.855,December
2002-12-17,30.04,2002,12,4,-0.10999999999999943,-0.3648424543946871,26.955,December
2002-12-18,30.41,2002,12,4,0.370000000000001,1.231691078561914,27.072333333333336,December
2002-12-19,30.57,2002,12,4,0.16000000000000014,0.5261427162117638,27.222666666666665,December
2002-12-20,30.57,2002,12,4,0.0,0.0,27.384333333333338,December
2002-12-23,32.09,2002,12,4,1.5200000000000031,4.972194962381438,27.608666666666668,December
2002-12-24,32.13,2002,12,4,0.03999999999999915,0.12464942349641461,27.818666666666665,December
2002-12-26,32.61,2002,12,4,0.4799999999999969,1.4939309056956063,28.038333333333334,December
2002-12-27,32.68,2002,12,4,0.07000000000000028,0.2146580803434439,28.254666666666665,December
2002-12-30,31.41,2002,12,4,-1.2699999999999996,-3.886168910648713,28.459,December
2002-12-31,31.21,2002,12,4,-0.1999999999999993,-0.6367398917542122,28.65266666666667,December
2003-01-02,31.97,2003,1,1,0.759999999999998,2.4351169496956038,28.868333333333336,January
2003-01-03,33.26,2003,1,1,1.2899999999999991,4.035032843290587,29.086666666666666,January
2003-01-06,32.29,2003,1,1,-0.9699999999999989,-2.9164161154539903,29.282666666666668,January
2003-01-07,31.2,2003,1,1,-1.0899999999999999,-3.3756580984825035,29.422666666666668,January
2003-01-08,30.66,2003,1,1,-0.5399999999999991,-1.7307692307692246,29.542333333333332,January
2003-01-09,31.95,2003,1,1,1.2899999999999991,4.207436399217213,29.683,January
2003-01-10,31.59,2003,1,1,-0.35999999999999943,-1.1267605633802802,29.835666666666665,January
2003-01-13,32.08,2003,1,1,0.48999999999999844,1.551123773345986,30.018333333333334,January
2003-01-14,32.42,2003,1,1,0.3400000000000034,1.0598503740648413,30.203333333333333,January
2003-01-15,33.23,2003,1,1,0.8099999999999952,2.4984577421344634,30.402,January
2003-01-16,33.58,2003,1,1,0.3500000000000014,1.0532651218778222,30.610000000000003,January
2003-01-17,33.88,2003,1,1,0.30000000000000426,0.8933889219773894,30.846,January
2003-01-21,34.62,2003,1,1,0.7399999999999949,2.1841794569067208,31.091,January
2003-01-22,34.32,2003,1,1,-0.29999999999999716,-0.8665511265164572,31.334,January
2003-01-23,33.9,2003,1,1,-0.4200000000000017,-1.2237762237762295,31.554333333333332,January
2003-01-24,34.98,2003,1,1,1.0799999999999983,3.1858407079645934,31.796,January
2003-01-27,32.43,2003,1,1,-2.549999999999997,-7.289879931389354,31.96066666666667,January
2003-01-28,32.7,2003,1,1,0.2700000000000031,0.8325624421831712,32.11066666666667,January
2003-01-29,33.54,2003,1,1,0.8399999999999963,2.5688073394495303,32.282333333333334,January
2003-01-30,33.78,2003,1,1,0.240000000000002,0.7155635062611854,32.403333333333336,January
2003-01-31,33.51,2003,1,1,-0.2700000000000031,-0.799289520426294,32.519,January
2003-02-03,32.84,2003,2,1,-0.6699999999999946,-1.9994031632348364,32.6,February
2003-02-04,33.61,2003,2,1,0.769999999999996,2.3447015834348273,32.70133333333333,February
2003-02-05,33.91,2003,2,1,0.29999999999999716,0.8925914906277699,32.812666666666665,February
2003-02-06,34.36,2003,2,1,0.45000000000000284,1.3270421704512092,32.888333333333335,February
2003-02-07,35.05,2003,2,1,0.6899999999999977,2.0081490104773003,32.98566666666667,February
2003-02-10,34.46,2003,2,1,-0.5899999999999963,-1.6833095577745927,33.047333333333334,February
2003-02-11,35.43,2003,2,1,0.9699999999999989,2.814857806152049,33.138999999999996,February
2003-02-12,35.83,2003,2,1,0.3999999999999986,1.128986734405868,33.28633333333333,February
2003-02-13,36.63,2003,2,1,0.8000000000000043,2.232765838682682,33.467,February
2003-02-14,36.61,2003,2,1,-0.020000000000003126,-0.05460005460006245,33.62166666666666,February
2003-02-18,36.88,2003,2,1,0.2700000000000031,0.7375034143676684,33.742333333333335,February
2003-02-19,37.02,2003,2,1,0.14000000000000057,0.3796095444685399,33.9,February
2003-02-20,36.45,2003,2,1,-0.5700000000000003,-1.5397082658022643,34.075,February
2003-02-21,36.76,2003,2,1,0.30999999999999517,0.85048010973936,34.27833333333333,February
2003-02-24,37.29,2003,2,1,0.5300000000000011,1.4417845484222092,34.45633333333333,February
2003-02-25,36.06,2003,2,1,-1.2299999999999969,-3.2984714400643544,34.605333333333334,February
2003-02-26,37.96,2003,2,1,1.8999999999999986,5.268996117581803,34.80133333333333,February
2003-02-27,36.83,2003,2,1,-1.1300000000000026,-2.9768177028451026,34.94833333333334,February
2003-02-28,36.76,2003,2,1,-0.07000000000000028,-0.19006244909041126,35.066,February
2003-03-03,36.1,2003,3,1,-0.6599999999999966,-1.795429815016314,35.15,March
2003-03-04,36.95,2003,3,1,0.8500000000000014,2.3545706371191244,35.25233333333333,March
2003-03-05,36.86,2003,3,1,-0.09000000000000341,-0.2435723951285662,35.327,March
2003-03-06,37.21,2003,3,1,0.3500000000000014,0.9495387954422174,35.42333333333333,March
2003-03-07,37.76,2003,3,1,0.5499999999999972,1.4780972856758945,35.552,March
2003-03-10,37.18,2003,3,1,-0.5799999999999983,-1.536016949152541,35.62533333333333,March
2003-03-11,36.81,2003,3,1,-0.36999999999999744,-0.9951586874663687,35.77133333333334,March
2003-03-12,37.87,2003,3,1,1.0599999999999952,2.8796522684053194,35.943666666666665,March
2003-03-13,36.05,2003,3,1,-1.8200000000000003,-4.805914972273573,36.02733333333334,March
2003-03-14,35.41,2003,3,1,-0.6400000000000006,-1.7753120665742084,36.08166666666667,March
2003-03-17,34.92,2003,3,1,-0.4899999999999949,-1.3837898898616086,36.12866666666667,March
2003-03-18,31.55,2003,3,1,-3.370000000000001,-9.650630011454753,36.08566666666666,March
2003-03-19,30.01,2003,3,1,-1.5399999999999991,-4.881141045958792,35.96566666666667,March
2003-03-20,28.62,2003,3,1,-1.3900000000000006,-4.63178940353216,35.78933333333334,March
2003-03-21,27.18,2003,3,1,-1.4400000000000013,-5.031446540880502,35.55,March
2003-03-24,29.51,2003,3,1,2.330000000000002,8.572479764532748,35.36533333333333,March
2003-03-25,33.42,2003,3,1,3.91,13.249745848864801,35.330666666666666,March
2003-03-26,28.71,2003,3,1,-4.710000000000001,-14.093357271095153,35.10666666666667,March
2003-03-27,30.31,2003,3,1,1.5999999999999979,5.572971090212464,34.92266666666667,March
2003-03-28,30.21,2003,3,1,-0.09999999999999787,-0.32992411745298433,34.708666666666666,March
2003-03-31,31.14,2003,3,1,0.9299999999999997,3.0784508440913516,34.52633333333333,March
2003-04-01,29.48,2003,4,2,-1.6600000000000001,-5.330764290301859,34.279666666666664,April
2003-04-02,28.55,2003,4,2,-0.9299999999999997,-3.154681139755766,33.99733333333333,April
2003-04-03,29.05,2003,4,2,0.5,1.7513134851138368,33.75066666666667,April
2003-04-04,28.41,2003,4,2,-0.6400000000000006,-2.2030981067125643,33.47233333333333,April
2003-04-07,27.76,2003,4,2,-0.6499999999999986,-2.287926786342831,33.154666666666664,April
2003-04-08,27.97,2003,4,2,0.2099999999999973,0.7564841498558961,32.885000000000005,April
2003-04-09,28.93,2003,4,2,0.9600000000000009,3.4322488380407634,32.583999999999996,April
2003-04-10,27.2,2003,4,2,-1.7300000000000004,-5.979951607328038,32.263,April
2003-04-11,28.28,2003,4,2,1.0800000000000018,3.9705882352941257,31.98033333333333,April
2003-04-14,28.41,2003,4,2,0.129999999999999,0.4596888260254506,31.723999999999997,April
2003-04-15,29.46,2003,4,2,1.0500000000000007,3.6958817317845893,31.474333333333334,April
2003-04-16,29.16,2003,4,2,-0.3000000000000007,-1.0183299389002087,31.217666666666666,April
2003-04-17,30.1,2003,4,2,0.9400000000000013,3.2235939643347145,30.980666666666664,April
2003-04-21,30.76,2003,4,2,0.6600000000000001,2.19269102990034,30.747333333333334,April
2003-04-22,29.92,2003,4,2,-0.8399999999999999,-2.73081924577373,30.505333333333336,April
2003-04-23,28.04,2003,4,2,-1.8800000000000026,-6.2834224598930515,30.213,April
2003-04-24,27.52,2003,4,2,-0.5199999999999996,-1.854493580599148,29.868,April
2003-04-25,25.92,2003,4,2,-1.5999999999999979,-5.813953488372081,29.53033333333333,April
2003-04-28,25.25,2003,4,2,-0.6700000000000017,-2.5848765432098797,29.191666666666666,April
2003-04-29,25.32,2003,4,2,0.07000000000000028,0.2772277227722775,28.871666666666666,April
2003-04-30,26.09,2003,4,2,0.7699999999999996,3.041074249605047,28.689666666666668,April
2003-05-01,26.05,2003,5,2,-0.03999999999999915,-0.15331544653123252,28.557666666666666,May
2003-05-02,25.74,2003,5,2,-0.3100000000000023,-1.1900191938579718,28.461666666666666,May
2003-05-05,26.43,2003,5,2,0.6900000000000013,2.6806526806526954,28.436666666666664,May
2003-05-06,25.65,2003,5,2,-0.7800000000000011,-2.951191827468791,28.308,May
2003-05-07,26.24,2003,5,2,0.5899999999999999,2.300194931773869,28.06866666666667,May
2003-05-08,26.94,2003,5,2,0.7000000000000028,2.6676829268292845,28.009666666666664,May
2003-05-09,27.65,2003,5,2,0.7099999999999973,2.6354862657757883,27.921,May
2003-05-12,27.34,2003,5,2,-0.3099999999999987,-1.1211573236889594,27.825333333333333,May
2003-05-13,28.51,2003,5,2,1.1700000000000017,4.279444038039504,27.737666666666666,May
2003-05-14,29.21,2003,5,2,0.6999999999999993,2.4552788495264766,27.728666666666665,May
2003-05-15,28.57,2003,5,2,-0.6400000000000006,-2.191030469017463,27.729333333333333,May
2003-05-16,29.07,2003,5,2,0.5,1.7500875043752195,27.73,May
2003-05-19,28.84,2003,5,2,-0.23000000000000043,-0.7911936704506406,27.744333333333334,May
2003-05-20,29.29,2003,5,2,0.4499999999999993,1.5603328710124709,27.795333333333335,May
2003-05-21,29.51,2003,5,2,0.22000000000000242,0.7511095937180023,27.846666666666668,May
2003-05-22,29.09,2003,5,2,-0.4200000000000017,-1.4232463571670628,27.852,May
2003-05-23,29.74,2003,5,2,0.6499999999999986,2.2344448264008276,27.936666666666667,May
2003-05-27,29.24,2003,5,2,-0.5,-1.68123739071957,27.968666666666667,May
2003-05-28,28.46,2003,5,2,-0.7799999999999976,-2.6675786593707174,27.970333333333333,May
2003-05-29,29.15,2003,5,2,0.6899999999999977,2.42445537596625,27.959999999999997,May
2003-05-30,29.56,2003,5,2,0.41000000000000014,1.4065180102915908,27.973333333333336,May
2003-06-02,30.72,2003,6,2,1.1600000000000001,3.9242219215155583,27.994000000000003,June
2003-06-03,30.78,2003,6,2,0.060000000000002274,0.1953125,27.994666666666667,June
2003-06-04,29.81,2003,6,2,-0.9700000000000024,-3.151397011046142,27.990999999999996,June
2003-06-05,30.84,2003,6,2,1.0300000000000011,3.455216370345515,28.084333333333333,June
2003-06-06,31.26,2003,6,2,0.4200000000000017,1.3618677042801508,28.209,June
2003-06-09,31.36,2003,6,2,0.09999999999999787,0.31989763275750427,28.390333333333334,June
2003-06-10,31.72,2003,6,2,0.35999999999999943,1.1479591836734748,28.606,June
2003-06-11,32.17,2003,6,2,0.45000000000000284,1.4186633039092067,28.834333333333333,June
2003-06-12,31.41,2003,6,2,-0.7600000000000016,-2.3624494870997825,29.011666666666667,June
2003-06-13,30.63,2003,6,2,-0.7800000000000011,-2.483285577841454,29.164333333333335,June
2003-06-16,31.14,2003,6,2,0.5100000000000016,1.6650342801175277,29.344333333333335,June
2003-06-17,31.08,2003,6,2,-0.060000000000002274,-0.19267822736031004,29.499333333333333,June
2003-06-18,30.28,2003,6,2,-0.7999999999999972,-2.574002574002565,29.653666666666666,June
2003-06-19,29.86,2003,6,2,-0.4200000000000017,-1.3870541611624931,29.77433333333333,June
2003-06-20,30.63,2003,6,2,0.7699999999999996,2.578700602813133,29.897333333333332,June
2003-06-23,30.22,2003,6,2,-0.41000000000000014,-1.3385569702905609,29.983,June
2003-06-24,30.05,2003,6,2,-0.16999999999999815,-0.5625413633355336,30.073333333333334,June
2003-06-25,31.65,2003,6,2,1.5999999999999979,5.32445923460898,30.178,June
2003-06-26,28.97,2003,6,2,-2.6799999999999997,-8.46761453396524,30.17,June
2003-06-27,29.18,2003,6,2,0.21000000000000085,0.7248878149810123,30.190333333333335,June
2003-06-30,30.15,2003,6,2,0.9699999999999989,3.324194653872503,30.226333333333333,June
2003-07-01,30.41,2003,7,3,0.26000000000000156,0.8623548922056523,30.278666666666663,July
2003-07-02,30.29,2003,7,3,-0.120000000000001,-0.39460703715883394,30.312,July
2003-07-03,30.39,2003,7,3,0.10000000000000142,0.3301419610432621,30.341333333333335,July
2003-07-07,30.08,2003,7,3,-0.3100000000000023,-1.0200723922342947,30.374333333333333,July
2003-07-08,30.32,2003,7,3,0.240000000000002,0.7978723404255428,30.393666666666665,July
2003-07-09,30.87,2003,7,3,0.5500000000000007,1.8139841688654457,30.447999999999997,July
2003-07-10,31.04,2003,7,3,0.16999999999999815,0.550696469063805,30.534,July
2003-07-11,31.33,2003,7,3,0.28999999999999915,0.9342783505154717,30.60666666666667,July
2003-07-14,31.2,2003,7,3,-0.129999999999999,-0.4149377593360981,30.661333333333335,July
2003-07-15,31.6,2003,7,3,0.40000000000000213,1.2820512820512997,30.690666666666665,July
2003-07-16,31.2,2003,7,3,-0.40000000000000213,-1.2658227848101333,30.704666666666665,July
2003-07-17,31.44,2003,7,3,0.240000000000002,0.7692307692307665,30.759000000000004,July
2003-07-18,31.96,2003,7,3,0.5199999999999996,1.653944020356235,30.796333333333333,July
2003-07-21,31.67,2003,7,3,-0.28999999999999915,-0.9073842302878554,30.810000000000002,July
2003-07-22,30.2,2003,7,3,-1.4700000000000024,-4.641616671929283,30.771333333333335,July
2003-07-23,30.13,2003,7,3,-0.07000000000000028,-0.23178807947019653,30.71833333333333,July
2003-07-24,30.72,2003,7,3,0.5899999999999999,1.9581812147361433,30.67,July
2003-07-25,30.31,2003,7,3,-0.41000000000000014,-1.334635416666663,30.63333333333333,July
2003-07-28,29.98,2003,7,3,-0.3299999999999983,-1.0887495875948505,30.611666666666665,July
2003-07-29,30.21,2003,7,3,0.23000000000000043,0.767178118745826,30.580666666666666,July
2003-07-30,30.69,2003,7,3,0.4800000000000004,1.5888778550148919,30.567666666666664,July
2003-07-31,30.56,2003,7,3,-0.13000000000000256,-0.42359074617139836,30.576999999999998,July
2003-08-01,32.23,2003,8,3,1.6699999999999982,5.464659685863871,30.656000000000002,August
2003-08-04,31.8,2003,8,3,-0.42999999999999616,-1.3341607198262384,30.695,August
2003-08-05,32.34,2003,8,3,0.5400000000000027,1.6981132075471805,30.765666666666668,August
2003-08-06,31.77,2003,8,3,-0.5700000000000038,-1.7625231910946337,30.822999999999997,August
2003-08-07,32.41,2003,8,3,0.639999999999997,2.014479068303432,30.848333333333333,August
2003-08-08,32.23,2003,8,3,-0.17999999999999972,-0.5553841406973126,30.956999999999997,August
2003-08-11,31.91,2003,8,3,-0.31999999999999673,-0.9928637914985883,31.048,August
2003-08-12,31.91,2003,8,3,0.0,0.0,31.10666666666667,August
2003-08-13,30.85,2003,8,3,-1.0599999999999987,-3.321842682544651,31.121333333333332,August
2003-08-14,30.85,2003,8,3,0.0,0.0,31.139999999999997,August
2003-08-15,31.01,2003,8,3,0.16000000000000014,0.5186385737439236,31.160666666666664,August
2003-08-18,30.81,2003,8,3,-0.20000000000000284,-0.6449532408900449,31.185,August
2003-08-19,30.76,2003,8,3,-0.04999999999999716,-0.1622849724115416,31.199666666666666,August
2003-08-20,30.96,2003,8,3,0.1999999999999993,0.6501950585175553,31.20266666666667,August
2003-08-21,31.78,2003,8,3,0.8200000000000003,2.6485788113695063,31.227333333333334,August
2003-08-22,31.64,2003,8,3,-0.14000000000000057,-0.4405286343612369,31.237666666666666,August
2003-08-25,31.43,2003,8,3,-0.21000000000000085,-0.6637168141592986,31.24533333333333,August
2003-08-26,32.01,2003,8,3,0.5799999999999983,1.8453706649697699,31.259,August
2003-08-27,31.18,2003,8,3,-0.8299999999999983,-2.592939706341768,31.258333333333333,August
2003-08-28,31.41,2003,8,3,0.23000000000000043,0.737652341244388,31.25733333333333,August
2003-08-29,31.76,2003,8,3,0.3500000000000014,1.1142948105698824,31.250666666666667,August
2003-09-02,29.57,2003,9,3,-2.1900000000000013,-6.895465994962224,31.180666666666664,September
2003-09-03,29.43,2003,9,3,-0.14000000000000057,-0.4734528238079183,31.154999999999998,September
2003-09-04,28.87,2003,9,3,-0.5599999999999987,-1.902820251444104,31.113,September
2003-09-05,28.93,2003,9,3,0.05999999999999872,0.20782819535849484,31.053333333333335,September
2003-09-08,28.85,2003,9,3,-0.0799999999999983,-0.27652955409608326,31.00466666666667,September
2003-09-09,29.22,2003,9,3,0.36999999999999744,1.2824956672443655,30.979333333333333,September
2003-09-10,29.41,2003,9,3,0.19000000000000128,0.6502395619438772,30.95266666666667,September
2003-09-11,28.86,2003,9,3,-0.5500000000000007,-1.8701122067324105,30.891666666666666,September
2003-09-12,28.26,2003,9,3,-0.5999999999999979,-2.079002079002068,30.815,September
2003-09-15,28.15,2003,9,3,-0.11000000000000298,-0.38924274593065133,30.679,September
2003-09-16,27.6,2003,9,3,-0.5499999999999972,-1.9538188277086976,30.539,September
2003-09-17,27.0,2003,9,3,-0.6000000000000014,-2.1739130434782705,30.361,September
2003-09-18,27.26,2003,9,3,0.26000000000000156,0.9629629629629655,30.21066666666667,September
2003-09-19,26.93,2003,9,3,-0.33000000000000185,-1.210564930300817,30.028000000000002,September
2003-09-22,26.97,2003,9,3,0.03999999999999915,0.1485332343111656,29.852666666666668,September
2003-09-23,27.0,2003,9,3,0.030000000000001137,0.11123470522802492,29.689000000000004,September
2003-09-24,28.19,2003,9,3,1.1900000000000013,4.407407407407415,29.564999999999998,September
2003-09-25,28.29,2003,9,3,0.09999999999999787,0.3547357218871783,29.47966666666667,September
2003-09-26,28.21,2003,9,3,-0.0799999999999983,-0.28278543655001487,29.391666666666666,September
2003-09-29,28.35,2003,9,3,0.14000000000000057,0.496277915632759,29.303,September
2003-09-30,29.19,2003,9,3,0.8399999999999999,2.9629629629629672,29.249000000000002,September
2003-10-01,29.43,2003,10,4,0.23999999999999844,0.8221993833504637,29.204666666666665,October
2003-10-02,29.83,2003,10,4,0.3999999999999986,1.3591573224600806,29.166999999999998,October
2003-10-03,30.37,2003,10,4,0.5400000000000027,1.8102581293999442,29.12,October
2003-10-06,30.4,2003,10,4,0.029999999999997584,0.09878169245964852,29.078666666666667,October
2003-10-07,30.48,2003,10,4,0.08000000000000185,0.263157894736854,29.047000000000004,October
2003-10-08,29.6,2003,10,4,-0.879999999999999,-2.887139107611547,28.966666666666672,October
2003-10-09,30.97,2003,10,4,1.3699999999999974,4.628378378378373,28.959666666666667,October
2003-10-10,32.01,2003,10,4,1.0399999999999991,3.358088472715526,28.979666666666667,October
2003-10-13,31.91,2003,10,4,-0.09999999999999787,-0.3124023742580362,28.98466666666667,October
2003-10-14,31.68,2003,10,4,-0.23000000000000043,-0.7207771858351641,29.055,October
2003-10-15,31.74,2003,10,4,0.05999999999999872,0.18939393939394478,29.132,October
2003-10-16,31.51,2003,10,4,-0.22999999999999687,-0.7246376811594124,29.220000000000002,October
2003-10-17,30.61,2003,10,4,-0.9000000000000021,-2.8562361155188842,29.276,October
2003-10-20,30.37,2003,10,4,-0.23999999999999844,-0.7840574975498171,29.326666666666664,October
2003-10-21,30.19,2003,10,4,-0.17999999999999972,-0.5926901547579799,29.358999999999998,October
2003-10-22,30.0,2003,10,4,-0.19000000000000128,-0.6293474660483689,29.378666666666664,October
2003-10-23,30.31,2003,10,4,0.3099999999999987,1.0333333333333306,29.427000000000003,October
2003-10-24,29.99,2003,10,4,-0.3200000000000003,-1.0557571758495587,29.484666666666666,October
2003-10-27,29.95,2003,10,4,-0.03999999999999915,-0.13337779259753324,29.544666666666664,October
2003-10-28,29.57,2003,10,4,-0.379999999999999,-1.2687813021702854,29.610333333333333,October
2003-10-29,28.95,2003,10,4,-0.620000000000001,-2.096719648292189,29.675333333333334,October
2003-10-30,28.67,2003,10,4,-0.2799999999999976,-0.967184801381682,29.72233333333333,October
2003-10-31,29.24,2003,10,4,0.5699999999999967,1.988140913847225,29.799333333333333,October
2003-11-03,28.81,2003,11,4,-0.4299999999999997,-1.4705882352941124,29.860666666666663,November
2003-11-04,28.86,2003,11,4,0.05000000000000071,0.1735508503991623,29.922666666666665,November
2003-11-05,30.29,2003,11,4,1.4299999999999997,4.954954954954949,29.99266666666667,November
2003-11-06,30.25,2003,11,4,-0.03999999999999915,-0.1320567844173004,30.058,November
2003-11-07,30.73,2003,11,4,0.4800000000000004,1.5867768595041243,30.142,November
2003-11-10,31.01,2003,11,4,0.28000000000000114,0.9111617312072884,30.230666666666664,November
2003-11-11,31.21,2003,11,4,0.1999999999999993,0.6449532408900227,30.298,November
2003-11-12,31.37,2003,11,4,0.16000000000000014,0.5126561999359236,30.362666666666666,November
2003-11-13,31.89,2003,11,4,0.5199999999999996,1.6576346828179878,30.43133333333333,November
2003-11-14,32.31,2003,11,4,0.4200000000000017,1.3170272812794037,30.496,November
2003-11-17,31.75,2003,11,4,-0.5600000000000023,-1.7332095326524355,30.541,November
2003-11-18,33.16,2003,11,4,1.4099999999999966,4.440944881889752,30.630333333333333,November
2003-11-19,32.84,2003,11,4,-0.3199999999999932,-0.9650180940892428,30.738333333333333,November
2003-11-20,32.87,2003,11,4,0.02999999999999403,0.09135200974419444,30.80166666666667,November
2003-11-21,32.26,2003,11,4,-0.6099999999999994,-1.8557955582598096,30.810000000000002,November
2003-11-24,29.99,2003,11,4,-2.2699999999999996,-7.036577805331678,30.746,November
2003-11-25,30.02,2003,11,4,0.030000000000001137,0.10003334444814715,30.69066666666667,November
2003-11-26,30.33,2003,11,4,0.3099999999999987,1.0326449033977392,30.643666666666665,November
2003-12-01,29.89,2003,12,4,-0.4399999999999977,-1.4507088691064873,30.58966666666667,December
2003-12-02,30.74,2003,12,4,0.8499999999999979,2.843760455001676,30.593999999999998,December
2003-12-03,30.61,2003,12,4,-0.129999999999999,-0.42290175666883645,30.601999999999997,December
2003-12-04,31.24,2003,12,4,0.629999999999999,2.05815093106827,30.637,December
2003-12-05,30.68,2003,12,4,-0.5599999999999987,-1.7925736235595346,30.65966666666667,December
2003-12-08,32.08,2003,12,4,1.3999999999999986,4.563233376792697,30.718666666666664,December
2003-12-09,31.72,2003,12,4,-0.35999999999999943,-1.122194513715713,30.776333333333334,December
2003-12-10,31.92,2003,12,4,0.20000000000000284,0.6305170239596647,30.842,December
2003-12-11,32.01,2003,12,4,0.0899999999999963,0.28195488721802775,30.923333333333336,December
2003-12-12,33.06,2003,12,4,1.0500000000000043,3.2802249297094743,31.060333333333332,December
2003-12-15,33.17,2003,12,4,0.10999999999999943,0.33272837265576616,31.21033333333333,December
2003-12-16,32.94,2003,12,4,-0.23000000000000398,-0.6933976484775561,31.333666666666666,December
2003-12-17,33.36,2003,12,4,0.4200000000000017,1.2750455373406355,31.485333333333337,December
2003-12-18,33.72,2003,12,4,0.35999999999999943,1.0791366906474753,31.647333333333336,December
2003-12-19,32.81,2003,12,4,-0.9099999999999966,-2.6986951364175504,31.731333333333332,December
2003-12-22,31.71,2003,12,4,-1.1000000000000014,-3.3526363913441104,31.779999999999998,December
2003-12-23,32.03,2003,12,4,0.3200000000000003,1.0091453800063155,31.823333333333334,December
2003-12-24,32.99,2003,12,4,0.9600000000000009,2.9971901342491503,31.889333333333337,December
2003-12-29,32.51,2003,12,4,-0.480000000000004,-1.4549863595028967,31.932666666666666,December
2003-12-30,33.01,2003,12,4,0.5,1.5379883112888404,31.987333333333332,December
2003-12-31,32.51,2003,12,4,-0.5,-1.5146925174189585,32.008,December
2004-01-05,33.71,2004,1,1,1.2000000000000028,3.691171947093208,32.05466666666667,January
2004-01-06,33.54,2004,1,1,-0.1700000000000017,-0.5043013942450325,32.114333333333335,January
2004-01-07,33.57,2004,1,1,0.030000000000001137,0.08944543828264262,32.128,January
2004-01-08,34.27,2004,1,1,0.7000000000000028,2.085195114685745,32.175666666666665,January
2004-01-09,34.38,2004,1,1,0.10999999999999943,0.32098044937263204,32.226,January
2004-01-12,34.92,2004,1,1,0.5399999999999991,1.5706806282722585,32.31466666666667,January
2004-01-13,34.26,2004,1,1,-0.6600000000000037,-1.8900343642611839,32.457,January
2004-01-14,34.62,2004,1,1,0.35999999999999943,1.0507880910682887,32.61033333333333,January
2004-01-15,33.61,2004,1,1,-1.009999999999998,-2.9173887926054243,32.71966666666667,January
2004-01-16,35.16,2004,1,1,1.5499999999999972,4.611722701576904,32.89533333333333,January
2004-01-20,36.21,2004,1,1,1.0500000000000043,2.986348122866911,33.077666666666666,January
2004-01-21,35.53,2004,1,1,-0.6799999999999997,-1.8779342723004633,33.24166666666667,January
2004-01-22,35.12,2004,1,1,-0.4100000000000037,-1.1539544047284078,33.371,January
2004-01-23,34.94,2004,1,1,-0.17999999999999972,-0.5125284738040969,33.513,January
2004-01-26,34.41,2004,1,1,-0.5300000000000011,-1.516886090440761,33.59066666666667,January
2004-01-27,33.99,2004,1,1,-0.4199999999999946,-1.2205754141237812,33.666333333333334,January
2004-01-28,33.63,2004,1,1,-0.35999999999999943,-1.0591350397175625,33.723333333333336,January
2004-01-29,32.86,2004,1,1,-0.7700000000000031,-2.28962236098722,33.75166666666667,January
2004-01-30,33.16,2004,1,1,0.29999999999999716,0.9129640900791047,33.755,January
2004-02-02,34.02,2004,2,1,0.8600000000000065,2.593486127864919,33.78333333333333,February
2004-02-03,34.2,2004,2,1,0.17999999999999972,0.5291005291005346,33.82533333333333,February
2004-02-04,33.06,2004,2,1,-1.1400000000000006,-3.3333333333333326,33.81533333333333,February
2004-02-05,33.26,2004,2,1,0.19999999999999574,0.6049606775559546,33.8,February
2004-02-06,32.49,2004,2,1,-0.769999999999996,-2.3150932050510997,33.78933333333333,February
2004-02-09,32.91,2004,2,1,0.4199999999999946,1.2927054478300892,33.82933333333333,February
2004-02-10,34.03,2004,2,1,1.1200000000000045,3.4032209054998708,33.896,February
2004-02-11,33.93,2004,2,1,-0.10000000000000142,-0.2938583602703493,33.92733333333333,February
2004-02-12,34.03,2004,2,1,0.10000000000000142,0.2947244326554799,33.978,February
2004-02-13,34.51,2004,2,1,0.4799999999999969,1.4105201292976766,34.028,February
2004-02-17,35.13,2004,2,1,0.6200000000000045,1.79658070124602,34.11533333333333,February
2004-02-18,35.42,2004,2,1,0.28999999999999915,0.8255052661542805,34.172333333333334,February
2004-02-19,35.81,2004,2,1,0.39000000000000057,1.1010728402032655,34.248000000000005,February
2004-02-20,35.8,2004,2,1,-0.010000000000005116,-0.02792516056968619,34.32233333333333,February
2004-02-23,35.75,2004,2,1,-0.04999999999999716,-0.13966480446926388,34.37166666666667,February
2004-02-24,35.85,2004,2,1,0.10000000000000142,0.2797202797202747,34.42066666666666,February
2004-02-25,37.28,2004,2,1,1.4299999999999997,3.9888423988842403,34.49933333333333,February
2004-02-26,35.45,2004,2,1,-1.8299999999999983,-4.908798283261795,34.539,February
2004-02-27,36.08,2004,2,1,0.6299999999999955,1.777150916784187,34.58766666666667,February
2004-03-01,36.85,2004,3,1,0.7700000000000031,2.1341463414634276,34.69566666666667,March
2004-03-02,36.6,2004,3,1,-0.25,-0.6784260515603768,34.74366666666666,March
2004-03-03,35.8,2004,3,1,-0.8000000000000043,-2.1857923497267895,34.730000000000004,March
2004-03-04,36.81,2004,3,1,1.0100000000000051,2.8212290502793502,34.772666666666666,March
2004-03-05,37.31,2004,3,1,0.5,1.3583265417006274,34.84566666666667,March
2004-03-08,36.53,2004,3,1,-0.7800000000000011,-2.0905923344947785,34.89866666666667,March
2004-03-09,36.29,2004,3,1,-0.240000000000002,-0.6569942513003024,34.96133333333333,March
2004-03-10,36.21,2004,3,1,-0.0799999999999983,-0.22044640396803317,35.035333333333334,March
2004-03-11,36.95,2004,3,1,0.740000000000002,2.0436343551505143,35.146,March
2004-03-12,36.21,2004,3,1,-0.740000000000002,-2.0027063599458828,35.257666666666665,March
2004-03-15,37.44,2004,3,1,1.2299999999999969,3.396851698425851,35.400333333333336,March
2004-03-16,37.36,2004,3,1,-0.0799999999999983,-0.21367521367521292,35.51166666666666,March
2004-03-17,38.21,2004,3,1,0.8500000000000014,2.275160599571735,35.64533333333334,March
2004-03-18,37.81,2004,3,1,-0.3999999999999986,-1.046846375294419,35.803666666666665,March
2004-03-19,38.09,2004,3,1,0.28000000000000114,0.7405448294102168,35.964666666666666,March
2004-03-22,37.12,2004,3,1,-0.970000000000006,-2.5466001575216723,36.119,March
2004-03-23,37.81,2004,3,1,0.6900000000000048,1.8588362068965747,36.282333333333334,March
2004-03-24,37.06,2004,3,1,-0.75,-1.983602221634484,36.38333333333334,March
2004-03-25,35.67,2004,3,1,-1.3900000000000006,-3.7506745817593057,36.44133333333333,March
2004-03-26,35.61,2004,3,1,-0.060000000000002274,-0.1682085786375187,36.49400000000001,March
2004-03-29,35.41,2004,3,1,-0.20000000000000284,-0.5616399887672041,36.524,March
2004-03-30,36.15,2004,3,1,0.740000000000002,2.0898051397910233,36.558,March
2004-03-31,35.75,2004,3,1,-0.3999999999999986,-1.1065006915629283,36.568999999999996,March
2004-04-01,34.47,2004,4,2,-1.2800000000000011,-3.5804195804195804,36.52433333333333,April
2004-04-02,34.39,2004,4,2,-0.0799999999999983,-0.23208587177254714,36.477333333333334,April
2004-04-05,34.29,2004,4,2,-0.10000000000000142,-0.29078220412911415,36.42866666666667,April
2004-04-06,35.09,2004,4,2,0.8000000000000043,2.333041703120453,36.403333333333336,April
2004-04-07,36.28,2004,4,2,1.1899999999999977,3.3912795668281426,36.37,April
2004-04-08,37.14,2004,4,2,0.8599999999999994,2.3704520396912843,36.42633333333334,April
2004-04-12,37.79,2004,4,2,0.6499999999999986,1.7501346257404293,36.483333333333334,April
2004-04-13,37.09,2004,4,2,-0.6999999999999957,-1.85234188938872,36.49133333333334,April
2004-04-14,36.62,2004,4,2,-0.47000000000000597,-1.2671879212725945,36.492000000000004,April
2004-04-15,37.74,2004,4,2,1.1200000000000045,3.0584380120153076,36.556666666666665,April
2004-04-16,37.7,2004,4,2,-0.03999999999999915,-0.10598834128245915,36.58633333333333,April
2004-04-19,37.46,2004,4,2,-0.240000000000002,-0.6366047745358094,36.59133333333333,April
2004-04-20,37.61,2004,4,2,0.14999999999999858,0.40042712226373567,36.62733333333334,April
2004-04-21,36.61,2004,4,2,-1.0,-2.6588673225206083,36.638000000000005,April
2004-04-22,37.7,2004,4,2,1.0900000000000034,2.9773285987435116,36.68766666666667,April
2004-04-23,37.22,2004,4,2,-0.480000000000004,-1.27320954907163,36.69666666666667,April
2004-04-26,37.02,2004,4,2,-0.19999999999999574,-0.5373455131649552,36.72366666666667,April
2004-04-27,37.49,2004,4,2,0.46999999999999886,1.2695840086439647,36.72533333333333,April
2004-04-28,37.23,2004,4,2,-0.2600000000000051,-0.6935182715390953,36.721000000000004,April
2004-04-29,37.5,2004,4,2,0.2700000000000031,0.725221595487513,36.69733333333333,April
2004-04-30,37.31,2004,4,2,-0.18999999999999773,-0.5066666666666553,36.68066666666667,April
2004-05-03,38.26,2004,5,2,0.9499999999999957,2.546234253551316,36.68633333333333,May
2004-05-04,38.86,2004,5,2,0.6000000000000014,1.5682174594877196,36.74433333333333,May
2004-05-05,39.69,2004,5,2,0.8299999999999983,2.1358723623262854,36.807,May
2004-05-06,39.41,2004,5,2,-0.28000000000000114,-0.7054673721340388,36.88533333333333,May
2004-05-07,39.98,2004,5,2,0.5700000000000003,1.446333417914225,37.029,May
2004-05-10,38.9,2004,5,2,-1.0799999999999983,-2.701350675337666,37.13866666666666,May
2004-05-11,40.3,2004,5,2,1.3999999999999986,3.5989717223650297,37.30166666666667,May
2004-05-12,40.3,2004,5,2,0.0,0.0,37.440000000000005,May
2004-05-13,40.94,2004,5,2,0.6400000000000006,1.5880893300248111,37.61299999999999,May
2004-05-14,41.42,2004,5,2,0.480000000000004,1.172447484123107,37.84466666666666,May
2004-05-17,41.53,2004,5,2,0.10999999999999943,0.2655721873491057,38.08266666666667,May
2004-05-18,40.32,2004,5,2,-1.2100000000000009,-2.91355646520588,38.283666666666676,May
2004-05-19,41.61,2004,5,2,1.2899999999999991,3.199404761904767,38.501,May
2004-05-20,40.92,2004,5,2,-0.6899999999999977,-1.6582552271088624,38.65566666666667,May
2004-05-21,39.83,2004,5,2,-1.0900000000000034,-2.6637341153470273,38.74533333333333,May
2004-05-24,42.03,2004,5,2,2.200000000000003,5.523474767763004,38.88666666666666,May
2004-05-25,41.45,2004,5,2,-0.5799999999999983,-1.379966690459189,39.032000000000004,May
2004-05-26,40.6,2004,5,2,-0.8500000000000014,-2.0506634499396936,39.16466666666666,May
2004-05-27,39.25,2004,5,2,-1.3500000000000014,-3.325123152709364,39.214999999999996,May
2004-05-28,39.9,2004,5,2,0.6499999999999986,1.6560509554140124,39.288333333333334,May
2004-06-01,42.33,2004,6,2,2.4299999999999997,6.090225563909768,39.45066666666666,June
2004-06-02,39.96,2004,6,2,-2.3699999999999974,-5.598866052445073,39.528999999999996,June
2004-06-03,39.29,2004,6,2,-0.6700000000000017,-1.6766766766766805,39.61833333333333,June
2004-06-04,38.44,2004,6,2,-0.8500000000000014,-2.163400356324763,39.643,June
2004-06-07,38.72,2004,6,2,0.28000000000000114,0.7284079084287187,39.693,June
2004-06-08,37.18,2004,6,2,-1.5399999999999991,-3.9772727272727293,39.69833333333334,June
2004-06-09,37.6,2004,6,2,0.4200000000000017,1.1296395911780666,39.702,June
2004-06-10,38.45,2004,6,2,0.8500000000000014,2.2606382978723527,39.742666666666665,June
2004-06-14,37.58,2004,6,2,-0.8700000000000045,-2.262678803641105,39.74533333333333,June
2004-06-15,37.18,2004,6,2,-0.3999999999999986,-1.0643959552953608,39.741,June
2004-06-16,37.33,2004,6,2,0.14999999999999858,0.40344271113501584,39.71,June
2004-06-17,38.51,2004,6,2,1.1799999999999997,3.1609965175461996,39.69833333333334,June
2004-06-18,38.68,2004,6,2,0.1700000000000017,0.4414437808361482,39.66466666666667,June
2004-06-21,37.69,2004,6,2,-0.990000000000002,-2.5594622543950396,39.60733333333334,June
2004-06-22,38.11,2004,6,2,0.4200000000000017,1.1143539400371605,39.544999999999995,June
2004-06-23,37.56,2004,6,2,-0.5499999999999972,-1.4431907635791053,39.50033333333333,June
2004-06-24,37.81,2004,6,2,0.25,0.6656017039403661,39.41733333333334,June
2004-06-25,37.34,2004,6,2,-0.46999999999999886,-1.2430573922242782,39.318666666666665,June
2004-06-28,36.25,2004,6,2,-1.0900000000000034,-2.9191215854311836,39.162333333333336,June
2004-06-29,35.6,2004,6,2,-0.6499999999999986,-1.7931034482758568,38.968333333333334,June
2004-06-30,36.92,2004,6,2,1.3200000000000003,3.707865168539337,38.81466666666667,June
2004-07-01,38.56,2004,7,3,1.6400000000000006,4.442036836403029,38.75599999999999,July
2004-07-02,38.37,2004,7,3,-0.19000000000000483,-0.4927385892116276,38.648,July
2004-07-06,39.56,2004,7,3,1.1900000000000048,3.1013812874641777,38.602666666666664,July
2004-07-07,39.18,2004,7,3,-0.38000000000000256,-0.9605662285136596,38.581,July
2004-07-08,40.27,2004,7,3,1.0900000000000034,2.7820316488004204,38.522333333333336,July
2004-07-09,39.9,2004,7,3,-0.37000000000000455,-0.9187981127390277,38.470666666666666,July
2004-07-12,39.3,2004,7,3,-0.6000000000000014,-1.5037593984962405,38.42733333333334,July
2004-07-13,39.55,2004,7,3,0.25,0.6361323155216203,38.437333333333335,July
2004-07-14,40.98,2004,7,3,1.4299999999999997,3.6156763590391883,38.473333333333336,July
2004-07-15,40.7,2004,7,3,-0.27999999999999403,-0.6832601268911498,38.419000000000004,July
2004-07-16,41.1,2004,7,3,0.3999999999999986,0.9828009828009687,38.457,July
2004-07-19,41.55,2004,7,3,0.44999999999999574,1.0948905109488871,38.532333333333334,July
2004-07-20,40.86,2004,7,3,-0.6899999999999977,-1.6606498194945751,38.61300000000001,July
2004-07-21,40.63,2004,7,3,-0.22999999999999687,-0.5628976994615731,38.67666666666666,July
2004-07-22,41.51,2004,7,3,0.8799999999999955,2.1658872754122482,38.821,July
2004-07-23,41.82,2004,7,3,0.3100000000000023,0.7468079980727627,38.961666666666666,July
2004-07-26,41.45,2004,7,3,-0.36999999999999744,-0.8847441415590573,39.06166666666666,July
2004-07-27,41.83,2004,7,3,0.37999999999999545,0.9167671893847817,39.20333333333333,July
2004-07-28,42.81,2004,7,3,0.980000000000004,2.342816160650263,39.391,July
2004-07-29,42.69,2004,7,3,-0.12000000000000455,-0.2803083391730965,39.56966666666667,July
2004-07-30,43.72,2004,7,3,1.0300000000000011,2.4127430311548403,39.74333333333333,July
2004-08-02,43.83,2004,8,3,0.10999999999999943,0.25160109789570395,39.915,August
2004-08-03,44.13,2004,8,3,0.30000000000000426,0.6844626967830392,40.129666666666665,August
2004-08-04,42.73,2004,8,3,-1.4000000000000057,-3.1724450487197076,40.28366666666667,August
2004-08-05,44.39,2004,8,3,1.6600000000000037,3.88485841329278,40.51133333333334,August
2004-08-06,43.95,2004,8,3,-0.4399999999999977,-0.9912142374408628,40.716,August
2004-08-09,44.86,2004,8,3,0.9099999999999966,2.0705346985210316,40.96666666666667,August
2004-08-10,44.51,2004,8,3,-0.3500000000000014,-0.7802050824788243,41.242,August
2004-08-11,44.72,2004,8,3,0.21000000000000085,0.4718040889687636,41.54600000000001,August
2004-08-12,45.52,2004,8,3,0.8000000000000043,1.7889087656529634,41.83266666666667,August
2004-08-13,46.61,2004,8,3,1.0899999999999963,2.394551845342696,42.101,August
2004-08-16,46.02,2004,8,3,-0.5899999999999963,-1.2658227848101222,42.355999999999995,August
2004-08-17,46.75,2004,8,3,0.7299999999999969,1.5862668405041136,42.595666666666666,August
2004-08-18,47.36,2004,8,3,0.6099999999999994,1.304812834224589,42.86833333333333,August
2004-08-19,48.66,2004,8,3,1.2999999999999972,2.7449324324324342,43.148,August
2004-08-20,47.6,2004,8,3,-1.0599999999999952,-2.178380600082197,43.40466666666667,August
2004-08-23,46.0,2004,8,3,-1.6000000000000014,-3.361344537815125,43.628,August
2004-08-24,45.68,2004,8,3,-0.3200000000000003,-0.6956521739130417,43.83233333333333,August
2004-08-25,43.83,2004,8,3,-1.8500000000000014,-4.049912434325742,43.92733333333333,August
2004-08-26,43.06,2004,8,3,-0.769999999999996,-1.7567875884097583,44.00599999999999,August
2004-08-27,43.11,2004,8,3,0.04999999999999716,0.11611704598233352,44.073,August
2004-08-30,42.32,2004,8,3,-0.7899999999999991,-1.8325214567385784,44.09866666666667,August
2004-08-31,42.23,2004,8,3,-0.09000000000000341,-0.21266540642722598,44.14433333333333,August
2004-09-01,43.89,2004,9,3,1.6600000000000037,3.930854842529019,44.253,September
2004-09-02,44.04,2004,9,3,0.14999999999999858,0.34176349965824304,44.33733333333334,September
2004-09-03,43.94,2004,9,3,-0.10000000000000142,-0.2270663033605791,44.408,September
2004-09-07,43.18,2004,9,3,-0.759999999999998,-1.7296313154301246,44.46566666666667,September
2004-09-08,42.77,2004,9,3,-0.4099999999999966,-0.9495136637332036,44.49699999999999,September
2004-09-09,44.53,2004,9,3,1.759999999999998,4.1150339022679505,44.55433333333333,September
2004-09-10,42.84,2004,9,3,-1.6899999999999977,-3.7951942510666914,44.55933333333334,September
2004-09-13,43.86,2004,9,3,1.019999999999996,2.3809523809523725,44.564,September
2004-09-14,44.62,2004,9,3,0.759999999999998,1.7327861377108844,44.590333333333334,September
2004-09-15,43.83,2004,9,3,-0.7899999999999991,-1.770506499327651,44.580333333333336,September
2004-09-16,44.03,2004,9,3,0.20000000000000284,0.4563084645220261,44.623666666666665,September
2004-09-17,45.63,2004,9,3,1.6000000000000014,3.633885986827168,44.66499999999999,September
2004-09-20,46.33,2004,9,3,0.6999999999999957,1.5340784571553634,44.74433333333334,September
2004-09-21,47.11,2004,9,3,0.7800000000000011,1.6835743578674789,44.81933333333333,September
2004-09-22,48.41,2004,9,3,1.2999999999999972,2.7594990447887824,44.949333333333335,September
2004-09-23,48.37,2004,9,3,-0.03999999999999915,-0.08262755629001584,45.071,September
2004-09-24,48.86,2004,9,3,0.490000000000002,1.013024602026058,45.18233333333333,September
2004-09-27,49.56,2004,9,3,0.7000000000000028,1.4326647564469885,45.28066666666667,September
2004-09-28,49.76,2004,9,3,0.19999999999999574,0.40355125100886013,45.40533333333334,September
2004-09-29,49.53,2004,9,3,-0.22999999999999687,-0.4622186495176761,45.498000000000005,September
2004-09-30,49.56,2004,9,3,0.030000000000001137,0.060569351907946434,45.57133333333333,September
2004-10-01,50.16,2004,10,4,0.5999999999999943,1.2106537530266248,45.62133333333333,October
2004-10-04,49.85,2004,10,4,-0.30999999999999517,-0.6180223285486397,45.69633333333333,October
2004-10-05,51.08,2004,10,4,1.2299999999999969,2.467402206619851,45.86566666666667,October
2004-10-06,51.98,2004,10,4,0.8999999999999986,1.7619420516836293,46.07566666666666,October
2004-10-07,52.56,2004,10,4,0.5800000000000054,1.1158137745286734,46.36666666666667,October
2004-10-08,53.4,2004,10,4,0.8399999999999963,1.5981735159817267,46.711333333333336,October
2004-10-11,53.65,2004,10,4,0.25,0.46816479400748623,47.062666666666665,October
2004-10-12,53.49,2004,10,4,-0.1599999999999966,-0.2982292637464967,47.434999999999995,October
2004-10-13,53.86,2004,10,4,0.36999999999999744,0.6917180781454535,47.82266666666667,October
2004-10-14,54.69,2004,10,4,0.8299999999999983,1.5410323059784625,48.18266666666667,October
2004-10-15,54.89,2004,10,4,0.20000000000000284,0.3656975681111785,48.544333333333334,October
2004-10-18,53.59,2004,10,4,-1.2999999999999972,-2.36837310985607,48.866,October
2004-10-19,53.28,2004,10,4,-0.3100000000000023,-0.5784661317409956,49.202666666666666,October
2004-10-20,54.93,2004,10,4,1.6499999999999986,3.0968468468468346,49.608,October
2004-10-21,54.51,2004,10,4,-0.4200000000000017,-0.7646095030038214,49.940666666666665,October
2004-10-22,55.83,2004,10,4,1.3200000000000003,2.421574023115025,50.37366666666666,October
2004-10-25,55.52,2004,10,4,-0.30999999999999517,-0.5552570302704507,50.76233333333333,October
2004-10-26,56.37,2004,10,4,0.8499999999999943,1.5309798270893182,51.153999999999996,October
2004-10-27,52.52,2004,10,4,-3.8499999999999943,-6.829874046478612,51.443666666666665,October
2004-10-28,50.95,2004,10,4,-1.5700000000000003,-2.989337395277991,51.67433333333334,October
2004-10-29,51.78,2004,10,4,0.8299999999999983,1.629048086359175,51.87933333333333,October
2004-11-01,50.1,2004,11,4,-1.6799999999999997,-3.244495944380066,52.004999999999995,November
2004-11-02,49.6,2004,11,4,-0.5,-0.9980039920159722,52.088,November
2004-11-03,50.9,2004,11,4,1.2999999999999972,2.620967741935476,52.171,November
2004-11-04,48.8,2004,11,4,-2.1000000000000014,-4.1257367387033455,52.18533333333334,November
2004-11-05,49.65,2004,11,4,0.8500000000000014,1.7418032786885362,52.211666666666666,November
2004-11-08,49.1,2004,11,4,-0.5499999999999972,-1.1077542799597162,52.196333333333335,November
2004-11-09,47.4,2004,11,4,-1.7000000000000028,-3.462321792260703,52.117666666666665,November
2004-11-10,48.7,2004,11,4,1.3000000000000043,2.742616033755274,52.09,November
2004-11-11,47.5,2004,11,4,-1.2000000000000028,-2.4640657084188944,52.02133333333334,November
2004-11-12,47.3,2004,11,4,-0.20000000000000284,-0.42105263157895534,51.926,November
2004-11-15,46.95,2004,11,4,-0.3499999999999943,-0.7399577167018889,51.82933333333334,November
2004-11-16,46.1,2004,11,4,-0.8500000000000014,-1.8104366347177825,51.66333333333333,November
2004-11-17,46.85,2004,11,4,0.75,1.626898047722336,51.492333333333335,November
2004-11-18,46.3,2004,11,4,-0.5500000000000043,-1.1739594450373647,51.28366666666667,November
2004-11-19,48.9,2004,11,4,2.6000000000000014,5.615550755939536,51.13366666666666,November
2004-11-22,48.48,2004,11,4,-0.4200000000000017,-0.8588957055214785,50.961333333333336,November
2004-11-23,48.74,2004,11,4,0.2600000000000051,0.5363036303630553,50.803,November
2004-11-24,49.14,2004,11,4,0.3999999999999986,0.820681165367243,50.64566666666666,November
2004-11-29,49.71,2004,11,4,0.5700000000000003,1.1599511599511558,50.47966666666667,November
2004-11-30,49.16,2004,11,4,-0.5500000000000043,-1.1064172198752886,50.288666666666664,November
2004-12-01,45.56,2004,12,4,-3.5999999999999943,-7.323026851098446,50.021,December
2004-12-02,43.31,2004,12,4,-2.25,-4.938542581211591,49.68866666666667,December
2004-12-03,42.56,2004,12,4,-0.75,-1.7317016855229683,49.27633333333333,December
2004-12-06,42.96,2004,12,4,0.3999999999999986,0.9398496240601517,48.891333333333336,December
2004-12-07,41.51,2004,12,4,-1.4500000000000028,-3.3752327746741195,48.414,December
2004-12-08,41.96,2004,12,4,0.45000000000000284,1.0840761262346454,47.962,December
2004-12-09,42.41,2004,12,4,0.44999999999999574,1.0724499523355524,47.49666666666667,December
2004-12-10,40.71,2004,12,4,-1.6999999999999957,-4.0084885640179095,47.102999999999994,December
2004-12-13,41.06,2004,12,4,0.3500000000000014,0.8597396217145725,46.77333333333333,December
2004-12-14,41.76,2004,12,4,0.6999999999999957,1.7048222113979383,46.43933333333334,December
2004-12-15,44.21,2004,12,4,2.450000000000003,5.8668582375478895,46.24300000000001,December
2004-12-16,44.16,2004,12,4,-0.05000000000000426,-0.11309658448316329,46.06166666666666,December
2004-12-17,46.31,2004,12,4,2.1500000000000057,4.868659420289867,45.90866666666667,December
2004-12-20,45.57,2004,12,4,-0.740000000000002,-1.5979270136039725,45.801,December
2004-12-21,45.76,2004,12,4,0.18999999999999773,0.41694096993636354,45.67133333333334,December
2004-12-22,44.05,2004,12,4,-1.7100000000000009,-3.7368881118881148,45.503,December
2004-12-23,42.19,2004,12,4,-1.8599999999999994,-4.222474460839953,45.32933333333334,December
2004-12-27,41.26,2004,12,4,-0.9299999999999997,-2.2043138184403843,45.08133333333333,December
2004-12-28,41.78,2004,12,4,0.5200000000000031,1.2603005332040729,44.89066666666667,December
2004-12-29,43.69,2004,12,4,1.9099999999999966,4.571565342269013,44.77033333333334,December
2004-12-30,43.36,2004,12,4,-0.3299999999999983,-0.7553215838864702,44.650666666666666,December
2005-01-03,42.16,2005,1,1,-1.2000000000000028,-2.7675276752767597,44.519333333333336,January
2005-01-04,43.96,2005,1,1,1.8000000000000043,4.269449715370022,44.423,January
2005-01-05,43.41,2005,1,1,-0.5500000000000043,-1.2511373976342277,44.32666666666667,January
2005-01-06,45.51,2005,1,1,2.1000000000000014,4.837595024187968,44.21366666666666,January
2005-01-07,45.32,2005,1,1,-0.18999999999999773,-0.417490661393094,44.10833333333333,January
2005-01-10,45.31,2005,1,1,-0.00999999999999801,-0.022065313327446212,43.99400000000001,January
2005-01-11,45.66,2005,1,1,0.3499999999999943,0.7724564113882115,43.878,January
2005-01-12,46.46,2005,1,1,0.8000000000000043,1.752080595707417,43.769666666666666,January
2005-01-13,48.11,2005,1,1,1.6499999999999986,3.5514421007318164,43.73466666666666,January
2005-01-14,48.41,2005,1,1,0.29999999999999716,0.6235709831635683,43.82966666666666,January
2005-01-18,48.46,2005,1,1,0.05000000000000426,0.10328444536253922,44.001333333333335,January
2005-01-19,47.61,2005,1,1,-0.8500000000000014,-1.7540239372678568,44.16966666666667,January
2005-01-20,47.01,2005,1,1,-0.6000000000000014,-1.2602394454946486,44.30466666666667,January
2005-01-21,48.31,2005,1,1,1.3000000000000043,2.7653690704105616,44.531333333333336,January
2005-01-24,48.61,2005,1,1,0.29999999999999716,0.6209894431794538,44.753,January
2005-01-25,49.43,2005,1,1,0.8200000000000003,1.6868957004731566,44.986999999999995,January
2005-01-26,48.8,2005,1,1,-0.6300000000000026,-1.2745296378717463,45.25666666666667,January
2005-01-27,48.8,2005,1,1,0.0,0.0,45.51466666666666,January
2005-01-28,47.15,2005,1,1,-1.6499999999999986,-3.381147540983609,45.69433333333333,January
2005-01-31,48.25,2005,1,1,1.1000000000000014,2.332979851537642,45.82899999999999,January
2005-02-01,47.1,2005,2,1,-1.1499999999999986,-2.3834196891191706,45.927,February
2005-02-02,46.65,2005,2,1,-0.45000000000000284,-0.9554140127388644,45.93833333333334,February
2005-02-03,46.4,2005,2,1,-0.25,-0.5359056806002127,45.966,February
2005-02-04,46.45,2005,2,1,0.05000000000000426,0.10775862068965747,45.989,February
2005-02-07,45.35,2005,2,1,-1.1000000000000014,-2.3681377825618966,46.032333333333334,February
2005-02-08,45.4,2005,2,1,0.04999999999999716,0.11025358324145973,46.139333333333326,February
2005-02-09,45.45,2005,2,1,0.05000000000000426,0.11013215859032588,46.278999999999996,February
2005-02-10,47.05,2005,2,1,1.5999999999999943,3.520352035203511,46.45466666666666,February
2005-02-11,47.15,2005,2,1,0.10000000000000142,0.2125398512221155,46.57,February
2005-02-14,47.5,2005,2,1,0.3500000000000014,0.7423117709437932,46.708,February
2005-02-15,47.3,2005,2,1,-0.20000000000000284,-0.42105263157895534,46.87933333333333,February
2005-02-16,48.35,2005,2,1,1.0500000000000043,2.2198731501057223,47.025666666666666,February
2005-02-17,47.5,2005,2,1,-0.8500000000000014,-1.7580144777662898,47.162000000000006,February
2005-02-18,48.45,2005,2,1,0.9500000000000028,2.0000000000000018,47.26,February
2005-02-22,51.0,2005,2,1,2.549999999999997,5.263157894736836,47.449333333333335,February
2005-02-23,51.73,2005,2,1,0.7299999999999969,1.4313725490195939,47.66333333333333,February
2005-02-24,52.05,2005,2,1,0.3200000000000003,0.61859655905665,47.876333333333335,February
2005-02-25,52.2,2005,2,1,0.15000000000000568,0.2881844380403509,48.06766666666667,February
2005-02-28,51.75,2005,2,1,-0.45000000000000284,-0.8620689655172487,48.18899999999999,February
2005-03-01,51.67,2005,3,1,-0.0799999999999983,-0.15458937198067346,48.29766666666667,March
2005-03-02,53.0,2005,3,1,1.3299999999999983,2.574027482097918,48.449,March
2005-03-03,53.6,2005,3,1,0.6000000000000014,1.132075471698113,48.64866666666667,March
2005-03-04,53.7,2005,3,1,0.10000000000000142,0.1865671641791078,48.87166666666666,March
2005-03-07,53.9,2005,3,1,0.19999999999999574,0.3724394785847185,49.058,March
2005-03-08,54.55,2005,3,1,0.6499999999999986,1.2059369202226389,49.256,March
2005-03-09,54.75,2005,3,1,0.20000000000000284,0.36663611365719273,49.43333333333333,March
2005-03-10,53.52,2005,3,1,-1.2299999999999969,-2.246575342465751,49.59066666666667,March
2005-03-11,54.4,2005,3,1,0.8799999999999955,1.6442451420029869,49.77733333333334,March
2005-03-14,54.9,2005,3,1,0.5,0.9191176470588314,50.035666666666664,March
2005-03-15,55.05,2005,3,1,0.14999999999999858,0.2732240437158362,50.26233333333333,March
2005-03-16,56.5,2005,3,1,1.4500000000000028,2.6339691189827485,50.57566666666666,March
2005-03-17,56.4,2005,3,1,-0.10000000000000142,-0.1769911504424848,50.900666666666666,March
2005-03-18,56.8,2005,3,1,0.3999999999999986,0.7092198581560183,51.24733333333333,March
2005-03-21,56.7,2005,3,1,-0.09999999999999432,-0.17605633802816323,51.589000000000006,March
2005-03-22,55.95,2005,3,1,-0.75,-1.3227513227513255,51.94233333333333,March
2005-03-23,49.43,2005,3,1,-6.520000000000003,-11.653261840929407,52.076666666666675,March
2005-03-24,49.7,2005,3,1,0.2700000000000031,0.5462269876593151,52.218333333333334,March
2005-03-28,54.06,2005,3,1,4.359999999999999,8.772635814889341,52.452000000000005,March
2005-03-29,54.26,2005,3,1,0.19999999999999574,0.36995930447649705,52.689,March
2005-03-30,53.96,2005,3,1,-0.29999999999999716,-0.5528934758569748,52.90433333333333,March
2005-03-31,55.31,2005,3,1,1.3500000000000014,2.5018532246108283,53.17133333333334,March
2005-04-01,57.26,2005,4,2,1.9499999999999957,3.525583077201211,53.468333333333334,April
2005-04-04,56.86,2005,4,2,-0.3999999999999986,-0.698567935731742,53.78033333333334,April
2005-04-05,55.83,2005,4,2,-1.0300000000000011,-1.8114667604642976,54.02633333333333,April
2005-04-06,55.88,2005,4,2,0.05000000000000426,0.08955758552751103,54.189,April
2005-04-07,54.16,2005,4,2,-1.720000000000006,-3.0780243378668692,54.27,April
2005-04-08,53.46,2005,4,2,-0.6999999999999957,-1.292466765140321,54.317,April
2005-04-11,53.71,2005,4,2,0.25,0.46763935652824884,54.367333333333335,April
2005-04-12,51.54,2005,4,2,-2.1700000000000017,-4.040215974678829,54.36033333333333,April
2005-04-13,50.21,2005,4,2,-1.3299999999999983,-2.580519984478069,54.31166666666666,April
2005-04-14,51.11,2005,4,2,0.8999999999999986,1.792471619199354,54.248666666666665,April
2005-04-15,50.61,2005,4,2,-0.5,-0.9782821365681871,54.149,April
2005-04-18,50.52,2005,4,2,-0.0899999999999963,-0.1778304682868881,54.043,April
2005-04-19,52.33,2005,4,2,1.8099999999999952,3.582739509105304,53.99066666666667,April
2005-04-20,52.45,2005,4,2,0.12000000000000455,0.22931396904262158,53.92066666666666,April
2005-04-21,52.49,2005,4,2,0.03999999999999915,0.07626310772164135,53.84533333333333,April
2005-04-22,54.16,2005,4,2,1.6699999999999946,3.1815583920746793,53.86666666666667,April
2005-04-25,53.16,2005,4,2,-1.0,-1.846381093057603,53.82533333333333,April
2005-04-26,54.33,2005,4,2,1.1700000000000017,2.200902934537252,53.806333333333335,April
2005-04-27,51.37,2005,4,2,-2.960000000000001,-5.448187005337757,53.68366666666667,April
2005-04-28,51.92,2005,4,2,0.5500000000000043,1.0706638115631772,53.531,April
2005-04-29,49.2,2005,4,2,-2.719999999999999,-5.238828967642528,53.291000000000004,April
2005-05-02,50.94,2005,5,2,1.7399999999999949,3.5365853658536395,53.09566666666667,May
2005-05-03,49.6,2005,5,2,-1.3399999999999963,-2.630545740086365,52.859,May
2005-05-04,50.22,2005,5,2,0.6199999999999974,1.2499999999999956,52.668,May
2005-05-05,51.12,2005,5,2,0.8999999999999986,1.7921146953405076,52.724333333333334,May
2005-05-06,51.3,2005,5,2,0.17999999999999972,0.35211267605632646,52.77766666666667,May
2005-05-09,52.04,2005,5,2,0.740000000000002,1.4424951267056674,52.71033333333333,May
2005-05-10,51.76,2005,5,2,-0.28000000000000114,-0.5380476556494984,52.626999999999995,May
2005-05-11,50.39,2005,5,2,-1.3699999999999974,-2.6468315301390932,52.508,May
2005-05-12,48.83,2005,5,2,-1.5600000000000023,-3.09585235165708,52.292,May
2005-05-13,48.65,2005,5,2,-0.17999999999999972,-0.3686258447675561,52.004999999999995,May
2005-05-16,48.64,2005,5,2,-0.00999999999999801,-0.02055498458375382,51.731,May
2005-05-17,48.97,2005,5,2,0.3299999999999983,0.678453947368407,51.50233333333334,May
2005-05-18,46.99,2005,5,2,-1.9799999999999969,-4.043291811313043,51.206,May
2005-05-19,47.0,2005,5,2,0.00999999999999801,0.02128112364332413,50.967333333333336,May
2005-05-20,47.25,2005,5,2,0.25,0.5319148936170137,50.76033333333334,May
2005-05-23,48.68,2005,5,2,1.4299999999999997,3.0264550264550216,50.592666666666666,May
2005-05-24,49.14,2005,5,2,0.46000000000000085,0.9449465899753484,50.51266666666667,May
2005-05-25,50.37,2005,5,2,1.2299999999999969,2.503052503052494,50.518,May
2005-05-26,50.89,2005,5,2,0.5200000000000031,1.0323605320627482,50.510666666666665,May
2005-05-27,51.65,2005,5,2,0.759999999999998,1.4934171742974955,50.54533333333334,May
2005-05-31,52.08,2005,5,2,0.4299999999999997,0.8325266214908034,50.59733333333334,May
2005-06-01,54.4,2005,6,2,2.3200000000000003,4.454685099846389,50.66633333333333,June
2005-06-02,53.46,2005,6,2,-0.9399999999999977,-1.727941176470582,50.7,June
2005-06-03,55.08,2005,6,2,1.6199999999999974,3.0303030303030276,50.78633333333334,June
2005-06-06,54.46,2005,6,2,-0.6199999999999974,-1.125635439360928,50.79633333333333,June
2005-06-07,53.84,2005,6,2,-0.6199999999999974,-1.1384502387073003,50.818999999999996,June
2005-06-08,52.51,2005,6,2,-1.3300000000000054,-2.470282317979211,50.75833333333333,June
2005-06-09,54.36,2005,6,2,1.8500000000000014,3.5231384498190854,50.858,June
2005-06-10,53.55,2005,6,2,-0.8100000000000023,-1.490066225165565,50.91233333333333,June
2005-06-13,55.47,2005,6,2,1.9200000000000017,3.5854341736694773,51.12133333333333,June
2005-06-14,55.03,2005,6,2,-0.4399999999999977,-0.7932215612042492,51.257666666666665,June
2005-06-15,55.53,2005,6,2,0.5,0.9085953116481971,51.455333333333336,June
2005-06-16,56.48,2005,6,2,0.9499999999999957,1.7107869620025085,51.664,June
2005-06-17,58.4,2005,6,2,1.9200000000000017,3.399433427762033,51.906666666666666,June
2005-06-20,59.19,2005,6,2,0.7899999999999991,1.3527397260273855,52.169666666666664,June
2005-06-21,58.9,2005,6,2,-0.28999999999999915,-0.48994762628822297,52.398333333333326,June
2005-06-22,58.27,2005,6,2,-0.6299999999999955,-1.069609507640057,52.61533333333333,June
2005-06-23,59.23,2005,6,2,0.9599999999999937,1.6475030032606641,52.91,June
2005-06-24,59.63,2005,6,2,0.4000000000000057,0.675333445888926,53.269999999999996,June
2005-06-27,59.78,2005,6,2,0.14999999999999858,0.25155123260103274,53.641,June
2005-06-28,58.32,2005,6,2,-1.4600000000000009,-2.4422883907661452,53.96366666666666,June
2005-06-29,57.23,2005,6,2,-1.0900000000000034,-1.8689986282578896,54.239,June
2005-06-30,56.63,2005,6,2,-0.5999999999999943,-1.0484011881880084,54.56033333333333,June
2005-07-01,59.11,2005,7,3,2.479999999999997,4.37930425569486,54.96399999999999,July
2005-07-05,59.71,2005,7,3,0.6000000000000014,1.0150566739976385,55.37933333333333,July
2005-07-06,61.24,2005,7,3,1.5300000000000011,2.5623848601574295,55.798,July
2005-07-07,60.76,2005,7,3,-0.480000000000004,-0.7838014369693114,56.18533333333333,July
2005-07-08,59.71,2005,7,3,-1.0499999999999972,-1.7281105990783363,56.49666666666667,July
2005-07-11,59.23,2005,7,3,-0.480000000000004,-0.8038854463239042,56.77466666666667,July
2005-07-12,60.49,2005,7,3,1.2600000000000051,2.1273003545500657,57.06933333333333,July
2005-07-13,60.0,2005,7,3,-0.490000000000002,-0.8100512481401867,57.333333333333336,July
2005-07-14,57.83,2005,7,3,-2.1700000000000017,-3.616666666666668,57.44766666666667,July
2005-07-15,58.36,2005,7,3,0.5300000000000011,0.9164793359847767,57.611000000000004,July
2005-07-18,57.12,2005,7,3,-1.240000000000002,-2.1247429746401703,57.678999999999995,July
2005-07-19,57.61,2005,7,3,0.490000000000002,0.8578431372548989,57.784,July
2005-07-20,56.73,2005,7,3,-0.8800000000000026,-1.5275125846207271,57.880333333333326,July
2005-07-21,57.31,2005,7,3,0.5800000000000054,1.022386744227055,58.040333333333336,July
2005-07-22,57.75,2005,7,3,0.4399999999999977,0.7677543186180413,58.153333333333336,July
2005-07-25,58.16,2005,7,3,0.4099999999999966,0.709956709956705,58.307,July
2005-07-26,59.05,2005,7,3,0.8900000000000006,1.5302613480055127,58.42633333333333,July
2005-07-27,59.12,2005,7,3,0.07000000000000028,0.11854360711260892,58.562666666666665,July
2005-07-28,59.91,2005,7,3,0.7899999999999991,1.3362652232747019,58.708666666666666,July
2005-07-29,60.71,2005,7,3,0.8000000000000043,1.3353363378401095,58.84966666666666,July
2005-08-01,61.51,2005,8,3,0.7999999999999972,1.3177400757700575,58.95333333333333,August
2005-08-02,61.87,2005,8,3,0.35999999999999943,0.5852706876930514,59.04266666666667,August
2005-08-03,60.76,2005,8,3,-1.1099999999999994,-1.7940843704541742,59.10466666666667,August
2005-08-04,61.6,2005,8,3,0.8400000000000034,1.382488479262678,59.21566666666666,August
2005-08-05,62.44,2005,8,3,0.8399999999999963,1.3636363636363669,59.32266666666667,August
2005-08-08,63.92,2005,8,3,1.480000000000004,2.370275464445881,59.46566666666667,August
2005-08-09,63.13,2005,8,3,-0.7899999999999991,-1.2359198998748377,59.57733333333333,August
2005-08-10,64.8,2005,8,3,1.6699999999999946,2.6453350229684647,59.79333333333334,August
2005-08-11,65.67,2005,8,3,0.8700000000000045,1.3425925925925952,60.074666666666666,August
2005-08-12,66.71,2005,8,3,1.039999999999992,1.5836759555352353,60.410666666666664,August
2005-08-15,66.21,2005,8,3,-0.5,-0.7495128166691623,60.647333333333336,August
2005-08-16,66.11,2005,8,3,-0.09999999999999432,-0.1510345869203955,60.86066666666667,August
2005-08-17,63.29,2005,8,3,-2.8200000000000003,-4.265617909544694,60.928999999999995,August
2005-08-18,63.47,2005,8,3,0.17999999999999972,0.2844051192921526,61.01933333333333,August
2005-08-19,65.51,2005,8,3,2.0400000000000063,3.21411690562472,61.212666666666664,August
2005-08-22,65.46,2005,8,3,-0.05000000000001137,-0.0763242253091323,61.42033333333333,August
2005-08-23,65.81,2005,8,3,0.3500000000000085,0.5346776657500829,61.59766666666666,August
2005-08-24,67.1,2005,8,3,1.289999999999992,1.960188421212572,61.83433333333333,August
2005-08-25,67.29,2005,8,3,0.19000000000001194,0.2831594634873591,62.14966666666667,August
2005-08-26,66.05,2005,8,3,-1.240000000000009,-1.8427700995690466,62.40599999999999,August
2005-08-29,67.41,2005,8,3,1.3599999999999994,2.059046177138524,62.749,August
2005-08-30,69.91,2005,8,3,2.5,3.7086485684616477,63.159,August
2005-08-31,68.63,2005,8,3,-1.2800000000000011,-1.8309254756115,63.55566666666667,August
2005-09-01,69.5,2005,9,3,0.8700000000000045,1.267667200932543,63.961999999999996,September
2005-09-02,66.91,2005,9,3,-2.5900000000000034,-3.726618705035978,64.26733333333333,September
2005-09-06,65.83,2005,9,3,-1.0799999999999983,-1.614108503960543,64.523,September
2005-09-07,64.38,2005,9,3,-1.4500000000000028,-2.2026431718061734,64.70066666666666,September
2005-09-08,64.8,2005,9,3,0.4200000000000017,0.6523765144454741,64.89,September
2005-09-09,64.21,2005,9,3,-0.5900000000000034,-0.9104938271604968,65.03333333333333,September
2005-09-12,63.29,2005,9,3,-0.9199999999999946,-1.4327986294969564,65.11933333333334,September
2005-09-13,63.18,2005,9,3,-0.10999999999999943,-0.17380312845630685,65.175,September
2005-09-14,65.2,2005,9,3,2.020000000000003,3.1972143083254245,65.286,September
2005-09-15,64.64,2005,9,3,-0.5600000000000023,-0.8588957055214785,65.41533333333334,September
2005-09-16,62.91,2005,9,3,-1.730000000000004,-2.676361386138615,65.459,September
2005-09-19,67.21,2005,9,3,4.299999999999997,6.835161341599116,65.618,September
2005-09-20,66.24,2005,9,3,-0.9699999999999989,-1.4432376134503766,65.69533333333332,September
2005-09-21,66.96,2005,9,3,0.7199999999999989,1.0869565217391353,65.82300000000001,September
2005-09-22,67.07,2005,9,3,0.10999999999999943,0.16427718040621375,65.89866666666666,September
2005-09-23,64.67,2005,9,3,-2.3999999999999915,-3.5783509765916044,65.86533333333334,September
2005-09-26,65.98,2005,9,3,1.3100000000000023,2.0256687799597994,65.841,September
2005-09-27,64.94,2005,9,3,-1.0400000000000063,-1.5762352227947973,65.79866666666666,September
2005-09-28,66.36,2005,9,3,1.4200000000000017,2.186633815829997,65.807,September
2005-09-29,66.83,2005,9,3,0.46999999999999886,0.7082579867389915,65.925,September
2005-09-30,66.21,2005,9,3,-0.6200000000000045,-0.9277270686817385,66.01633333333334,September
2005-10-03,65.36,2005,10,4,-0.8499999999999943,-1.283793988823434,66.01133333333333,October
2005-10-04,63.74,2005,10,4,-1.6199999999999974,-2.478580171358624,65.954,October
2005-10-05,62.56,2005,10,4,-1.1799999999999997,-1.8512707875745216,65.84566666666667,October
2005-10-06,61.81,2005,10,4,-0.75,-1.1988491048593342,65.66933333333333,October
2005-10-07,61.81,2005,10,4,0.0,0.0,65.48666666666666,October
2005-10-10,60.71,2005,10,4,-1.1000000000000014,-1.7796473062611229,65.30866666666667,October
2005-10-11,63.84,2005,10,4,3.1300000000000026,5.155658046450351,65.18966666666667,October
2005-10-12,64.13,2005,10,4,0.28999999999999204,0.45426065162905704,64.997,October
2005-10-13,63.05,2005,10,4,-1.0799999999999983,-1.6840792140963678,64.81099999999999,October
2005-10-14,62.61,2005,10,4,-0.4399999999999977,-0.6978588421887366,64.58133333333333,October
2005-10-17,64.26,2005,10,4,1.6500000000000057,2.6353617632966175,64.493,October
2005-10-18,62.94,2005,10,4,-1.3200000000000074,-2.054154995331481,64.39666666666666,October
2005-10-19,62.11,2005,10,4,-0.8299999999999983,-1.318716237686679,64.321,October
2005-10-20,61.04,2005,10,4,-1.0700000000000003,-1.7227499597488372,64.19566666666667,October
2005-10-21,61.05,2005,10,4,0.00999999999999801,0.01638269986894425,64.09033333333333,October
2005-10-24,60.63,2005,10,4,-0.4199999999999946,-0.6879606879606759,64.00166666666667,October
2005-10-25,62.83,2005,10,4,2.1999999999999957,3.628566716147108,63.99,October
2005-10-26,60.85,2005,10,4,-1.9799999999999969,-3.1513608148973415,63.845,October
2005-10-27,61.03,2005,10,4,0.17999999999999972,0.2958093672966289,63.72466666666666,October
2005-10-28,61.3,2005,10,4,0.269999999999996,0.44240537440602967,63.67100000000001,October
2005-10-31,59.8,2005,10,4,-1.5,-2.44698205546493,63.424,October
2005-11-01,59.85,2005,11,4,0.05000000000000426,0.08361204013378476,63.211,November
2005-11-02,59.75,2005,11,4,-0.10000000000000142,-0.1670843776106934,62.970666666666666,November
2005-11-03,61.7,2005,11,4,1.9500000000000028,3.263598326359829,62.791666666666664,November
2005-11-04,60.6,2005,11,4,-1.1000000000000014,-1.7828200972447306,62.65599999999999,November
2005-11-07,59.4,2005,11,4,-1.2000000000000028,-1.980198019801982,62.43666666666666,November
2005-11-08,59.7,2005,11,4,0.30000000000000426,0.5050505050505194,62.26200000000001,November
2005-11-09,59.65,2005,11,4,-0.05000000000000426,-0.08375209380234727,62.03833333333333,November
2005-11-10,57.8,2005,11,4,-1.8500000000000014,-3.1014249790444315,61.73733333333334,November
2005-11-11,57.45,2005,11,4,-0.3499999999999943,-0.6055363321799234,61.44533333333333,November
2005-11-14,57.6,2005,11,4,0.14999999999999858,0.26109660574411553,61.186666666666675,November
2005-11-15,57.05,2005,11,4,-0.5500000000000043,-0.954861111111116,60.96366666666667,November
2005-11-16,57.85,2005,11,4,0.8000000000000043,1.4022787028922012,60.80666666666666,November
2005-11-17,56.2,2005,11,4,-1.6499999999999986,-2.8522039757994833,60.61966666666667,November
2005-11-18,56.3,2005,11,4,0.09999999999999432,0.177935943060481,60.436,November
2005-11-21,57.75,2005,11,4,1.4500000000000028,2.5754884547069423,60.337333333333326,November
2005-11-22,58.3,2005,11,4,0.5499999999999972,0.952380952380949,60.15266666666667,November
2005-11-23,58.35,2005,11,4,0.05000000000000426,0.08576329331047017,59.96,November
2005-11-28,57.36,2005,11,4,-0.990000000000002,-1.6966580976863765,59.77033333333334,November
2005-11-29,56.46,2005,11,4,-0.8999999999999986,-1.56903765690376,59.56533333333333,November
2005-11-30,57.33,2005,11,4,0.8699999999999974,1.540913921360243,59.33433333333333,November
2005-12-01,58.46,2005,12,4,1.1300000000000026,1.9710448281876847,59.18500000000001,December
2005-12-02,59.31,2005,12,4,0.8500000000000014,1.453985631200827,59.09166666666667,December
2005-12-05,59.91,2005,12,4,0.5999999999999943,1.0116337885685223,59.053999999999995,December
2005-12-06,59.96,2005,12,4,0.05000000000000426,0.08345852111502072,59.01766666666666,December
2005-12-07,59.21,2005,12,4,-0.75,-1.2508338892595061,58.97033333333333,December
2005-12-08,60.66,2005,12,4,1.4499999999999957,2.448910656983605,58.898,December
2005-12-09,59.41,2005,12,4,-1.25,-2.060666007253542,58.85,December
2005-12-12,61.36,2005,12,4,1.9500000000000028,3.2822757111597323,58.861000000000004,December
2005-12-13,61.36,2005,12,4,0.0,0.0,58.86299999999999,December
2005-12-14,60.86,2005,12,4,-0.5,-0.8148631029986975,58.89833333333333,December
2005-12-15,60.01,2005,12,4,-0.8500000000000014,-1.3966480446927387,58.90366666666667,December
2005-12-16,58.01,2005,12,4,-2.0,-3.3327778703549416,58.84566666666667,December
2005-12-19,57.31,2005,12,4,-0.6999999999999957,-1.2066885019824114,58.699333333333335,December
2005-12-20,57.81,2005,12,4,0.5,0.8724480893386843,58.60633333333333,December
2005-12-21,58.56,2005,12,4,0.75,1.2973533990659147,58.57833333333333,December
2005-12-22,58.08,2005,12,4,-0.480000000000004,-0.819672131147553,58.52433333333333,December
2005-12-23,58.08,2005,12,4,0.0,0.0,58.472,December
2005-12-27,58.16,2005,12,4,0.0799999999999983,0.13774104683195176,58.484,December
2005-12-28,59.81,2005,12,4,1.6500000000000057,2.837001375515835,58.56266666666667,December
2005-12-29,60.26,2005,12,4,0.44999999999999574,0.752382544724961,58.65133333333333,December
2005-12-30,61.06,2005,12,4,0.8000000000000043,1.3275804845668926,58.785,December
2006-01-03,63.11,2006,1,1,2.049999999999997,3.3573534228627633,58.96033333333334,January
2006-01-04,63.41,2006,1,1,0.29999999999999716,0.4753604816986279,59.20066666666666,January
2006-01-05,62.81,2006,1,1,-0.5999999999999943,-0.946222993218726,59.417666666666676,January
2006-01-06,64.21,2006,1,1,1.3999999999999915,2.2289444355994226,59.633,January
2006-01-09,63.56,2006,1,1,-0.6499999999999915,-1.0123033795358838,59.80833333333333,January
2006-01-10,63.41,2006,1,1,-0.15000000000000568,-0.2359974826935285,59.977,January
2006-01-11,63.91,2006,1,1,0.5,0.7885191610156106,60.19533333333333,January
2006-01-12,63.96,2006,1,1,0.05000000000000426,0.07823501799406607,60.44533333333334,January
2006-01-13,63.86,2006,1,1,-0.10000000000000142,-0.1563477173233241,60.663,January
2006-01-17,66.36,2006,1,1,2.5,3.9148136548700307,60.92633333333333,January
2006-01-18,65.76,2006,1,1,-0.5999999999999943,-0.9041591320072206,61.141333333333336,January
2006-01-19,66.86,2006,1,1,1.0999999999999943,1.6727493917274794,61.373000000000005,January
2006-01-20,68.16,2006,1,1,1.2999999999999972,1.9443613520789604,61.64633333333334,January
2006-01-23,68.06,2006,1,1,-0.09999999999999432,-0.1467136150234638,61.94133333333333,January
2006-01-24,66.83,2006,1,1,-1.230000000000004,-1.8072289156626509,62.147,January
2006-01-25,65.6,2006,1,1,-1.230000000000004,-1.8404907975460127,62.35333333333334,January
2006-01-26,65.8,2006,1,1,0.20000000000000284,0.3048780487804992,62.501333333333335,January
2006-01-27,67.81,2006,1,1,2.010000000000005,3.0547112462006254,62.71633333333333,January
2006-01-30,68.36,2006,1,1,0.5499999999999972,0.8110898097625663,62.96633333333333,January
2006-01-31,67.86,2006,1,1,-0.5,-0.7314218841427689,63.227999999999994,January
2006-02-01,66.61,2006,2,1,-1.25,-1.8420277040966715,63.51466666666666,February
2006-02-02,64.71,2006,2,1,-1.9000000000000057,-2.852424560876754,63.76133333333333,February
2006-02-03,65.41,2006,2,1,0.7000000000000028,1.0817493432236258,64.01466666666667,February
2006-02-06,65.11,2006,2,1,-0.29999999999999716,-0.45864546705396414,64.233,February
2006-02-07,63.01,2006,2,1,-2.1000000000000014,-3.225311012133314,64.39733333333332,February
2006-02-08,62.51,2006,2,1,-0.5,-0.7935248373274084,64.545,February
2006-02-09,62.66,2006,2,1,0.14999999999999858,0.2399616061430132,64.695,February
2006-02-10,62.01,2006,2,1,-0.6499999999999986,-1.0373443983402453,64.76833333333333,February
2006-02-13,61.26,2006,2,1,-0.75,-1.2094823415578104,64.80166666666666,February
2006-02-14,59.61,2006,2,1,-1.6499999999999986,-2.693437806072474,64.75333333333333,February
2006-02-15,57.61,2006,2,1,-2.0,-3.3551417547391327,64.57,February
2006-02-16,58.61,2006,2,1,1.0,1.7358097552508278,64.41,February
2006-02-17,59.76,2006,2,1,1.1499999999999986,1.962122504692032,64.30833333333332,February
2006-02-21,61.21,2006,2,1,1.4500000000000028,2.426372155287826,64.20833333333333,February
2006-02-22,59.03,2006,2,1,-2.1799999999999997,-3.5615095572618882,64.05733333333333,February
2006-02-23,58.03,2006,2,1,-1.0,-1.6940538709130926,63.87800000000001,February
2006-02-24,61.46,2006,2,1,3.4299999999999997,5.9107358262967535,63.79633333333333,February
2006-02-27,61.01,2006,2,1,-0.45000000000000284,-0.7321835340058591,63.69799999999999,February
2006-02-28,61.37,2006,2,1,0.35999999999999943,0.5900672020980213,63.615,February
2006-03-01,62.01,2006,3,1,0.6400000000000006,1.0428548150562156,63.47,March
2006-03-02,63.36,2006,3,1,1.3500000000000014,2.1770682148040565,63.38999999999999,March
2006-03-03,63.61,2006,3,1,0.25,0.3945707070706961,63.281666666666666,March
2006-03-06,62.46,2006,3,1,-1.1499999999999986,-1.8078918409055178,63.09166666666667,March
2006-03-07,61.51,2006,3,1,-0.9500000000000028,-1.5209734229907235,62.873333333333335,March
2006-03-08,60.06,2006,3,1,-1.4499999999999957,-2.357340269874808,62.647666666666666,March
2006-03-09,60.51,2006,3,1,0.44999999999999574,0.7492507492507405,62.477999999999994,March
2006-03-10,59.91,2006,3,1,-0.6000000000000014,-0.99157164105107,62.281666666666666,March
2006-03-13,61.81,2006,3,1,1.9000000000000057,3.1714238023702324,62.08166666666667,March
2006-03-14,63.01,2006,3,1,1.1999999999999957,1.941433425012118,61.90333333333333,March
2006-03-15,62.11,2006,3,1,-0.8999999999999986,-1.428344707189333,61.711666666666666,March
2006-03-16,63.46,2006,3,1,1.3500000000000014,2.173563033327963,61.60666666666667,March
2006-03-17,62.81,2006,3,1,-0.6499999999999986,-1.024267254963751,61.54333333333333,March
2006-03-20,60.31,2006,3,1,-2.5,-3.9802579207132593,61.373333333333335,March
2006-03-21,60.41,2006,3,1,0.09999999999999432,0.16580998176090045,61.21666666666667,March
2006-03-22,60.03,2006,3,1,-0.37999999999999545,-0.6290349279920449,61.117333333333335,March
2006-03-23,62.13,2006,3,1,2.1000000000000014,3.498250874562725,61.10466666666667,March
2006-03-24,63.9,2006,3,1,1.769999999999996,2.848865282472235,61.145999999999994,March
2006-03-27,63.75,2006,3,1,-0.14999999999999858,-0.23474178403755097,61.20399999999999,March
2006-03-28,65.65,2006,3,1,1.9000000000000057,2.9803921568627434,61.35033333333333,March
2006-03-29,66.0,2006,3,1,0.3499999999999943,0.5331302361005319,61.56333333333334,March
2006-03-30,66.7,2006,3,1,0.7000000000000028,1.060606060606073,61.86633333333334,March
2006-03-31,66.25,2006,3,1,-0.45000000000000284,-0.6746626686656709,62.121,March
2006-04-03,66.07,2006,4,2,-0.18000000000000682,-0.27169811320755244,62.33133333333333,April
2006-04-04,65.75,2006,4,2,-0.3199999999999932,-0.4843347964280209,62.48266666666667,April
2006-04-05,66.76,2006,4,2,1.0100000000000051,1.5361216730038096,62.74033333333333,April
2006-04-06,67.22,2006,4,2,0.45999999999999375,0.6890353505092817,63.04666666666666,April
2006-04-07,67.02,2006,4,2,-0.20000000000000284,-0.2975304968759307,63.232,April
2006-04-10,68.29,2006,4,2,1.2700000000000102,1.8949567293345515,63.474666666666664,April
2006-04-11,69.03,2006,4,2,0.7399999999999949,1.08361399912138,63.730000000000004,April
2006-04-12,68.53,2006,4,2,-0.5,-0.7243227582210632,63.94733333333333,April
2006-04-13,69.53,2006,4,2,1.0,1.459214942361009,64.153,April
2006-04-17,70.3,2006,4,2,0.769999999999996,1.1074356392923868,64.376,April
2006-04-18,71.28,2006,4,2,0.980000000000004,1.3940256045519295,64.67,April
2006-04-19,72.07,2006,4,2,0.789999999999992,1.1083052749719213,65.02199999999999,April
2006-04-20,71.96,2006,4,2,-0.10999999999999943,-0.15262938809490478,65.41866666666667,April
2006-04-21,73.73,2006,4,2,1.7700000000000102,2.4596998332407027,65.85933333333334,April
2006-04-24,70.19,2006,4,2,-3.5400000000000063,-4.801302048013034,66.202,April
2006-04-25,67.43,2006,4,2,-2.759999999999991,-3.9321840718050893,66.38933333333334,April
2006-04-26,71.71,2006,4,2,4.279999999999987,6.347323149933248,66.67933333333333,April
2006-04-27,70.76,2006,4,2,-0.9499999999999886,-1.3247803653604673,66.96766666666666,April
2006-04-28,71.8,2006,4,2,1.039999999999992,1.469756924816279,67.24566666666666,April
2006-05-01,73.75,2006,5,2,1.9500000000000028,2.7158774373259087,67.61033333333334,May
2006-05-02,74.62,2006,5,2,0.8700000000000045,1.1796610169491517,68.08733333333333,May
2006-05-03,72.26,2006,5,2,-2.3599999999999994,-3.162690967569015,68.48233333333334,May
2006-05-04,69.98,2006,5,2,-2.280000000000001,-3.155272626626071,68.81400000000001,May
2006-05-05,70.09,2006,5,2,0.10999999999999943,0.1571877679336975,69.07933333333334,May
2006-05-08,69.75,2006,5,2,-0.3400000000000034,-0.4850905978028286,69.27433333333333,May
2006-05-09,70.71,2006,5,2,0.9599999999999937,1.376344086021497,69.50633333333333,May
2006-05-10,72.15,2006,5,2,1.440000000000012,2.036487059821823,69.723,May
2006-05-11,73.0,2006,5,2,0.8499999999999943,1.1781011781011763,69.95633333333333,May
2006-05-12,71.87,2006,5,2,-1.1299999999999955,-1.5479452054794507,70.12866666666667,May
2006-05-15,69.25,2006,5,2,-2.6200000000000045,-3.6454709892862147,70.22866666666667,May
2006-05-16,69.4,2006,5,2,0.15000000000000568,0.21660649819494893,70.33966666666667,May
2006-05-17,68.65,2006,5,2,-0.75,-1.0806916426512991,70.43633333333334,May
2006-05-18,69.63,2006,5,2,0.9799999999999898,1.4275309541150527,70.532,May
2006-05-19,68.44,2006,5,2,-1.1899999999999977,-1.709033462587961,70.57266666666666,May
2006-05-22,69.23,2006,5,2,0.7900000000000063,1.1542957334891968,70.64633333333333,May
2006-05-23,70.78,2006,5,2,1.5499999999999972,2.2389137657085056,70.72933333333334,May
2006-05-24,69.47,2006,5,2,-1.3100000000000023,-1.8508053122350931,70.744,May
2006-05-25,70.92,2006,5,2,1.4500000000000028,2.0872318986612903,70.82366666666667,May
2006-05-26,71.35,2006,5,2,0.4299999999999926,0.6063169768753429,70.88433333333334,May
2006-05-30,71.85,2006,5,2,0.5,0.700770847932719,70.93599999999999,May
2006-05-31,71.42,2006,5,2,-0.4299999999999926,-0.5984690327070163,70.94066666666666,May
2006-06-01,70.11,2006,6,2,-1.3100000000000023,-1.834220106412776,70.87533333333334,June
2006-06-02,72.73,2006,6,2,2.6200000000000045,3.736984738268445,70.90100000000001,June
2006-06-05,72.5,2006,6,2,-0.23000000000000398,-0.3162381410697135,70.86,June
2006-06-06,72.43,2006,6,2,-0.06999999999999318,-0.09655172413791657,70.93466666666667,June
2006-06-07,70.9,2006,6,2,-1.5300000000000011,-2.1123843711169377,71.05033333333334,June
2006-06-08,70.25,2006,6,2,-0.6500000000000057,-0.9167842031029716,71.00166666666668,June
2006-06-09,71.62,2006,6,2,1.3700000000000045,1.950177935943076,71.03033333333333,June
2006-06-12,70.28,2006,6,2,-1.3400000000000034,-1.8709857581681089,70.97966666666667,June
2006-06-13,68.48,2006,6,2,-1.7999999999999972,-2.5611838360842354,70.80400000000002,June
2006-06-14,69.12,2006,6,2,0.6400000000000006,0.9345794392523477,70.62066666666666,June
2006-06-15,69.78,2006,6,2,0.6599999999999966,0.954861111111116,70.538,June
2006-06-16,69.75,2006,6,2,-0.030000000000001137,-0.04299226139294898,70.53033333333333,June
2006-06-19,69.21,2006,6,2,-0.5400000000000063,-0.7741935483871032,70.50099999999999,June
2006-06-20,69.3,2006,6,2,0.09000000000000341,0.13003901170351995,70.486,June
2006-06-21,70.07,2006,6,2,0.769999999999996,1.1111111111111072,70.46466666666667,June
2006-06-22,70.62,2006,6,2,0.5500000000000114,0.784929356357944,70.41366666666666,June
2006-06-23,70.5,2006,6,2,-0.12000000000000455,-0.1699235344095218,70.33033333333333,June
2006-06-26,71.63,2006,6,2,1.1299999999999955,1.602836879432612,70.32233333333333,June
2006-06-27,72.05,2006,6,2,0.4200000000000017,0.5863465028619341,70.41566666666668,June
2006-06-28,72.15,2006,6,2,0.10000000000000853,0.1387925052047212,70.50733333333334,June
2006-06-29,73.5,2006,6,2,1.3499999999999943,1.8711018711018657,70.669,June
2006-06-30,73.94,2006,6,2,0.4399999999999977,0.5986394557823127,70.81266666666666,June
2006-07-05,75.2,2006,7,3,1.2600000000000051,1.704084392750893,71.03800000000001,July
2006-07-06,75.0,2006,7,3,-0.20000000000000284,-0.26595744680851796,71.23033333333335,July
2006-07-07,73.76,2006,7,3,-1.2399999999999949,-1.6533333333333289,71.32966666666667,July
2006-07-10,73.5,2006,7,3,-0.2600000000000051,-0.35249457700651243,71.464,July
2006-07-11,74.05,2006,7,3,0.5499999999999972,0.7482993197278853,71.56833333333334,July
2006-07-12,74.99,2006,7,3,0.9399999999999977,1.2694125590817062,71.68966666666667,July
2006-07-13,76.7,2006,7,3,1.710000000000008,2.2803040405387387,71.85133333333333,July
2006-07-14,76.8,2006,7,3,0.09999999999999432,0.13037809647977738,72.03066666666665,July
2006-07-17,75.7,2006,7,3,-1.0999999999999943,-1.432291666666663,72.21700000000001,July
2006-07-18,73.87,2006,7,3,-1.8299999999999983,-2.4174372523117493,72.25500000000001,July
2006-07-19,72.79,2006,7,3,-1.0799999999999983,-1.46202788682821,72.26466666666667,July
2006-07-20,74.0,2006,7,3,1.2099999999999937,1.662316252232432,72.317,July
2006-07-21,73.52,2006,7,3,-0.480000000000004,-0.6486486486486531,72.40433333333334,July
2006-07-24,74.29,2006,7,3,0.7700000000000102,1.0473340587595414,72.539,July
2006-07-25,73.46,2006,7,3,-0.8300000000000125,-1.1172432359671691,72.60033333333332,July
2006-07-26,73.82,2006,7,3,0.35999999999999943,0.4900626191124413,72.71833333333333,July
2006-07-27,74.5,2006,7,3,0.6800000000000068,0.9211595773503278,72.91900000000001,July
2006-07-28,73.3,2006,7,3,-1.2000000000000028,-1.6107382550335614,73.05833333333334,July
2006-07-31,74.56,2006,7,3,1.2600000000000051,1.7189631650750492,73.21766666666666,July
2006-08-01,74.93,2006,8,3,0.37000000000000455,0.49624463519313267,73.39033333333333,August
2006-08-02,76.16,2006,8,3,1.2299999999999898,1.6415320966234992,73.622,August
2006-08-03,75.59,2006,8,3,-0.5699999999999932,-0.748424369747891,73.83166666666668,August
2006-08-04,74.78,2006,8,3,-0.8100000000000023,-1.071570313533543,73.98866666666666,August
2006-08-07,77.05,2006,8,3,2.269999999999996,3.0355710082909715,74.203,August
2006-08-08,76.29,2006,8,3,-0.7599999999999909,-0.9863724853990785,74.396,August
2006-08-09,76.28,2006,8,3,-0.010000000000005116,-0.013107877834583892,74.551,August
2006-08-10,74.17,2006,8,3,-2.1099999999999994,-2.7661248033560515,74.62166666666667,August
2006-08-11,74.38,2006,8,3,0.20999999999999375,0.2831333423216842,74.69599999999998,August
2006-08-14,73.33,2006,8,3,-1.0499999999999972,-1.411669803710669,74.69033333333333,August
2006-08-15,72.95,2006,8,3,-0.37999999999999545,-0.5182053729714919,74.65733333333334,August
2006-08-16,71.64,2006,8,3,-1.3100000000000023,-1.7957505140507202,74.53866666666666,August
2006-08-17,70.12,2006,8,3,-1.519999999999996,-2.1217197096593976,74.37599999999999,August
2006-08-18,70.93,2006,8,3,0.8100000000000023,1.1551625784369746,74.28166666666668,August
2006-08-21,72.45,2006,8,3,1.519999999999996,2.1429578457634157,74.24666666666667,August
2006-08-22,72.55,2006,8,3,0.09999999999999432,0.13802622498273465,74.19666666666667,August
2006-08-23,71.45,2006,8,3,-1.0999999999999943,-1.516195727084757,74.07866666666668,August
2006-08-24,72.02,2006,8,3,0.5699999999999932,0.797760671798442,73.92266666666666,August
2006-08-25,72.13,2006,8,3,0.10999999999999943,0.1527353512912999,73.76700000000001,August
2006-08-28,70.47,2006,8,3,-1.6599999999999966,-2.3014002495494235,73.59266666666666,August
2006-08-29,69.74,2006,8,3,-0.730000000000004,-1.035901802185335,73.455,August
2006-08-30,70.2,2006,8,3,0.46000000000000796,0.659592773157458,73.36866666666667,August
2006-08-31,70.38,2006,8,3,0.1799999999999926,0.2564102564102555,73.248,August
2006-09-01,69.24,2006,9,3,-1.1400000000000006,-1.619778346121059,73.10533333333333,September
2006-09-05,68.7,2006,9,3,-0.539999999999992,-0.7798960138648114,72.91900000000001,September
2006-09-06,67.75,2006,9,3,-0.9500000000000028,-1.3828238719068464,72.72866666666667,September
2006-09-07,67.37,2006,9,3,-0.37999999999999545,-0.5608856088560765,72.51366666666667,September
2006-09-08,66.3,2006,9,3,-1.0700000000000074,-1.5882440255306607,72.24033333333334,September
2006-09-11,65.42,2006,9,3,-0.8799999999999955,-1.3273001508295579,71.97766666666668,September
2006-09-12,63.81,2006,9,3,-1.6099999999999994,-2.46102109446652,71.61933333333334,September
2006-09-13,64.09,2006,9,3,0.28000000000000114,0.4388026955022717,71.258,September
2006-09-14,63.27,2006,9,3,-0.8200000000000003,-1.279450772351376,70.82833333333333,September
2006-09-15,63.3,2006,9,3,0.02999999999999403,0.04741583688951945,70.41866666666667,September
2006-09-18,63.84,2006,9,3,0.5400000000000063,0.8530805687203991,70.054,September
2006-09-19,61.77,2006,9,3,-2.0700000000000003,-3.242481203007519,69.54466666666667,September
2006-09-20,60.0,2006,9,3,-1.7700000000000031,-2.865468674113647,69.00166666666668,September
2006-09-21,61.62,2006,9,3,1.6199999999999974,2.6999999999999913,68.51299999999999,September
2006-09-22,59.79,2006,9,3,-1.8299999999999983,-2.969814995131448,68.03366666666666,September
2006-09-25,60.74,2006,9,3,0.9500000000000028,1.58889446395718,67.579,September
2006-09-26,60.63,2006,9,3,-0.10999999999999943,-0.18109976950938522,67.15566666666668,September
2006-09-27,62.96,2006,9,3,2.3299999999999983,3.842982022101271,66.82266666666666,September
2006-09-28,62.46,2006,9,3,-0.5,-0.7941550190597169,66.51666666666667,September
2006-09-29,62.9,2006,9,3,0.4399999999999977,0.70445084854307,66.276,September
2006-10-02,60.96,2006,10,4,-1.9399999999999977,-3.0842607313195547,65.94366666666666,October
2006-10-03,58.64,2006,10,4,-2.3200000000000003,-3.8057742782152237,65.48333333333333,October
2006-10-04,59.53,2006,10,4,0.8900000000000006,1.5177353342428423,65.04933333333332,October
2006-10-05,60.02,2006,10,4,0.490000000000002,0.8231143961028087,64.66833333333334,October
2006-10-06,59.68,2006,10,4,-0.3400000000000034,-0.5664778407197701,64.257,October
2006-10-09,59.93,2006,10,4,0.25,0.4189008042895459,63.85033333333333,October
2006-10-10,58.5,2006,10,4,-1.4299999999999997,-2.386117136659438,63.45133333333333,October
2006-10-11,57.56,2006,10,4,-0.9399999999999977,-1.6068376068376078,63.04533333333333,October
2006-10-12,58.23,2006,10,4,0.6699999999999946,1.1640027797081176,62.64633333333333,October
2006-10-13,58.69,2006,10,4,0.46000000000000085,0.789970805426754,62.25666666666667,October
2006-10-16,59.91,2006,10,4,1.2199999999999989,2.0787186914295486,61.94566666666666,October
2006-10-17,58.91,2006,10,4,-1.0,-1.6691704223001147,61.61933333333333,October
2006-10-18,57.66,2006,10,4,-1.25,-2.121880835172296,61.283,October
2006-10-19,58.55,2006,10,4,0.8900000000000006,1.5435310440513383,60.989000000000004,October
2006-10-20,57.35,2006,10,4,-1.1999999999999957,-2.04953031596925,60.690666666666665,October
2006-10-23,56.74,2006,10,4,-0.6099999999999994,-1.063644289450738,60.40133333333333,October
2006-10-24,57.55,2006,10,4,0.8099999999999952,1.4275643285160289,60.192666666666675,October
2006-10-25,59.09,2006,10,4,1.5400000000000063,2.6759339704604868,60.025999999999996,October
2006-10-26,60.27,2006,10,4,1.1799999999999997,1.996953799289214,59.926,October
2006-10-27,60.75,2006,10,4,0.4799999999999969,0.7964161274265802,59.841,October
2006-10-30,58.41,2006,10,4,-2.3400000000000034,-3.851851851851862,59.660000000000004,October
2006-10-31,58.72,2006,10,4,0.3100000000000023,0.530731039205623,59.55833333333333,October
2006-11-01,58.64,2006,11,4,-0.0799999999999983,-0.13623978201634523,59.513000000000005,November
2006-11-02,57.87,2006,11,4,-0.7700000000000031,-1.3130968622101058,59.388,November
2006-11-03,59.13,2006,11,4,1.2600000000000051,2.1772939346812015,59.366,November
2006-11-06,60.11,2006,11,4,0.9799999999999969,1.6573651276847512,59.345,November
2006-11-07,58.94,2006,11,4,-1.1700000000000017,-1.9464315421726885,59.288666666666664,November
2006-11-08,59.93,2006,11,4,0.990000000000002,1.679674244994911,59.18766666666667,November
2006-11-09,61.18,2006,11,4,1.25,2.0857667278491476,59.145,November
2006-11-10,59.66,2006,11,4,-1.5200000000000031,-2.4844720496894457,59.037,November
2006-11-13,58.59,2006,11,4,-1.0699999999999932,-1.7934964800536246,58.958,November
2006-11-14,58.28,2006,11,4,-0.3100000000000023,-0.5291005291005346,58.946000000000005,November
2006-11-15,58.79,2006,11,4,0.509999999999998,0.8750857927247724,58.92133333333334,November
2006-11-16,56.23,2006,11,4,-2.5600000000000023,-4.354482054771225,58.794999999999995,November
2006-11-17,55.9,2006,11,4,-0.3299999999999983,-0.5868753334518861,58.669,November
2006-11-20,56.42,2006,11,4,0.5200000000000031,0.9302325581395321,58.552,November
2006-11-21,58.01,2006,11,4,1.5899999999999963,2.8181495923431443,58.535666666666664,November
2006-11-22,57.28,2006,11,4,-0.7299999999999969,-1.2584037234959489,58.52633333333333,November
2006-11-27,60.3,2006,11,4,3.019999999999996,5.272346368715075,58.59533333333333,November
2006-11-28,60.97,2006,11,4,0.6700000000000017,1.1111111111111072,58.67133333333333,November
2006-11-29,62.45,2006,11,4,1.480000000000004,2.427423322945721,58.756,November
2006-11-30,62.97,2006,11,4,0.519999999999996,0.8326661329063123,58.891333333333336,November
2006-12-01,63.43,2006,12,4,0.46000000000000085,0.7305065904398944,59.083666666666666,December
2006-12-04,62.39,2006,12,4,-1.0399999999999991,-1.639602711650634,59.211666666666666,December
2006-12-05,62.4,2006,12,4,0.00999999999999801,0.016028209648988323,59.38,December
2006-12-06,62.2,2006,12,4,-0.19999999999999574,-0.32051282051280827,59.562000000000005,December
2006-12-07,62.54,2006,12,4,0.3399999999999963,0.5466237942122198,59.72833333333333,December
2006-12-08,62.06,2006,12,4,-0.4799999999999969,-0.7675087943715964,59.82733333333333,December
2006-12-11,61.26,2006,12,4,-0.8000000000000043,-1.2890750886239144,59.86033333333333,December
2006-12-12,61.06,2006,12,4,-0.19999999999999574,-0.3264773098269558,59.870666666666665,December
2006-12-13,61.34,2006,12,4,0.28000000000000114,0.45856534556174555,59.968333333333334,December
2006-12-14,62.48,2006,12,4,1.1399999999999935,1.8584936419954179,60.09366666666667,December
2006-12-15,63.4,2006,12,4,0.9200000000000017,1.472471190781044,60.25233333333333,December
2006-12-18,62.19,2006,12,4,-1.2100000000000009,-1.9085173501577346,60.39633333333333,December
2006-12-19,62.87,2006,12,4,0.6799999999999997,1.093423379964631,60.521,December
2006-12-20,63.08,2006,12,4,0.21000000000000085,0.33402258628916215,60.620000000000005,December
2006-12-21,62.05,2006,12,4,-1.0300000000000011,-1.6328471781864362,60.72366666666667,December
2006-12-22,61.81,2006,12,4,-0.23999999999999488,-0.38678485092666914,60.78633333333333,December
2006-12-26,61.07,2006,12,4,-0.740000000000002,-1.1972172787574897,60.782666666666664,December
2006-12-27,60.31,2006,12,4,-0.759999999999998,-1.2444735549369534,60.80433333333334,December
2006-12-28,60.39,2006,12,4,0.0799999999999983,0.13264798540872924,60.86433333333333,December
2006-12-29,60.85,2006,12,4,0.46000000000000085,0.7617155158138766,60.95,December
2007-01-02,60.77,2007,1,1,-0.0799999999999983,-0.1314708299096079,61.016,January
2007-01-03,58.31,2007,1,1,-2.460000000000001,-4.048050024683237,61.08533333333333,January
2007-01-04,55.65,2007,1,1,-2.6600000000000037,-4.561824729891962,61.077000000000005,January
2007-01-05,56.29,2007,1,1,0.6400000000000006,1.1500449236298227,61.07266666666667,January
2007-01-08,56.08,2007,1,1,-0.21000000000000085,-0.3730680405045317,61.00833333333333,January
2007-01-09,55.65,2007,1,1,-0.4299999999999997,-0.7667617689015693,60.954,January
2007-01-10,53.95,2007,1,1,-1.6999999999999957,-3.054806828391732,60.74233333333334,January
2007-01-11,51.91,2007,1,1,-2.0400000000000063,-3.781278962001866,60.440333333333335,January
2007-01-12,52.96,2007,1,1,1.0500000000000043,2.0227316509343174,60.124,January
2007-01-16,51.23,2007,1,1,-1.730000000000004,-3.2666163141994,59.73266666666667,January
2007-01-17,52.3,2007,1,1,1.0700000000000003,2.0886199492484936,59.361666666666665,January
2007-01-18,50.51,2007,1,1,-1.7899999999999991,-3.422562141491392,58.96566666666667,January
2007-01-19,51.98,2007,1,1,1.4699999999999989,2.9103147891506698,58.61833333333333,January
2007-01-22,51.11,2007,1,1,-0.8699999999999974,-1.6737206617929878,58.248666666666665,January
2007-01-23,53.61,2007,1,1,2.5,4.891410682840935,57.951,January
2007-01-24,54.24,2007,1,1,0.6300000000000026,1.175153889199776,57.690333333333335,January
2007-01-25,53.49,2007,1,1,-0.75,-1.382743362831862,57.431333333333335,January
2007-01-26,55.38,2007,1,1,1.8900000000000006,3.533370723499729,57.242,January
2007-01-29,54.01,2007,1,1,-1.3700000000000045,-2.47381726254966,56.99766666666666,January
2007-01-30,57.03,2007,1,1,3.020000000000003,5.5915571190520375,56.816,January
2007-01-31,58.17,2007,1,1,1.1400000000000006,1.9989479221462325,56.641666666666666,January
2007-02-01,57.35,2007,2,1,-0.8200000000000003,-1.409661337459167,56.480333333333334,February
2007-02-02,59.01,2007,2,1,1.6599999999999966,2.8945074106364377,56.35166666666667,February
2007-02-05,58.69,2007,2,1,-0.3200000000000003,-0.5422809693272357,56.20533333333333,February
2007-02-06,58.91,2007,2,1,0.21999999999999886,0.37485091156925776,56.10066666666667,February
2007-02-07,57.75,2007,2,1,-1.1599999999999966,-1.9691054150398846,55.965333333333334,February
2007-02-08,59.76,2007,2,1,2.009999999999998,3.480519480519484,55.92166666666666,February
2007-02-09,59.86,2007,2,1,0.10000000000000142,0.16733601070950677,55.906666666666666,February
2007-02-12,57.76,2007,2,1,-2.1000000000000014,-3.5081857667891736,55.819,February
2007-02-13,58.98,2007,2,1,1.2199999999999989,2.112188365650969,55.75666666666666,February
2007-02-14,58.0,2007,2,1,-0.9799999999999969,-1.6615801966768373,55.664333333333325,February
2007-02-15,57.92,2007,2,1,-0.0799999999999983,-0.13793103448275223,55.65133333333333,February
2007-02-16,59.38,2007,2,1,1.4600000000000009,2.5207182320442056,55.775666666666666,February
2007-02-20,58.32,2007,2,1,-1.0600000000000023,-1.7851128326035748,55.843333333333334,February
2007-02-21,59.4,2007,2,1,1.0799999999999983,1.8518518518518379,55.954,February
2007-02-22,60.28,2007,2,1,0.8800000000000026,1.4814814814814836,56.108333333333334,February
2007-02-23,60.28,2007,2,1,0.0,0.0,56.31933333333333,February
2007-02-26,61.41,2007,2,1,1.1299999999999955,1.874585268745843,56.635999999999996,February
2007-02-27,61.46,2007,2,1,0.05000000000000426,0.08141996417523334,56.919333333333334,February
2007-02-28,61.78,2007,2,1,0.3200000000000003,0.520663846404168,57.270999999999994,February
2007-03-01,61.97,2007,3,1,0.18999999999999773,0.30754289414050007,57.593333333333334,March
2007-03-02,61.58,2007,3,1,-0.39000000000000057,-0.6293367758592905,57.96233333333334,March
2007-03-05,60.05,2007,3,1,-1.5300000000000011,-2.4845729132835337,58.23133333333333,March
2007-03-06,60.66,2007,3,1,0.6099999999999994,1.015820149875113,58.54966666666666,March
2007-03-07,61.85,2007,3,1,1.1900000000000048,1.9617540389053723,58.824333333333335,March
2007-03-08,61.63,2007,3,1,-0.21999999999999886,-0.35569927243330746,59.07066666666666,March
2007-03-09,60.06,2007,3,1,-1.5700000000000003,-2.5474606522797316,59.28966666666667,March
2007-03-12,58.94,2007,3,1,-1.1200000000000045,-1.8648018648018683,59.40833333333333,March
2007-03-13,58.03,2007,3,1,-0.9099999999999966,-1.5439429928741033,59.54233333333333,March
2007-03-14,58.15,2007,3,1,0.11999999999999744,0.20678959159055044,59.57966666666666,March
2007-03-15,57.52,2007,3,1,-0.6299999999999955,-1.08340498710231,59.558,March
2007-03-16,57.06,2007,3,1,-0.46000000000000085,-0.7997218358831715,59.548333333333325,March
2007-03-19,56.65,2007,3,1,-0.4100000000000037,-0.7185418857343251,59.46966666666666,March
2007-03-20,56.41,2007,3,1,-0.240000000000002,-0.42365401588703167,59.393666666666675,March
2007-03-21,56.98,2007,3,1,0.5700000000000003,1.0104591384506367,59.32933333333334,March
2007-03-22,60.21,2007,3,1,3.230000000000004,5.668655668655687,59.41133333333333,March
2007-03-23,61.07,2007,3,1,0.8599999999999994,1.428334163760181,59.455000000000005,March
2007-03-26,61.77,2007,3,1,0.7000000000000028,1.146225642705101,59.51866666666667,March
2007-03-27,62.98,2007,3,1,1.2099999999999937,1.958879715072026,59.69266666666667,March
2007-03-28,64.11,2007,3,1,1.1300000000000026,1.7942203874245832,59.86366666666667,March
2007-03-29,66.1,2007,3,1,1.9899999999999949,3.1040399313679634,60.13366666666668,March
2007-03-30,65.94,2007,3,1,-0.1599999999999966,-0.24205748865354648,60.400999999999996,March
2007-04-02,66.03,2007,4,2,0.09000000000000341,0.13648771610554888,60.62266666666666,April
2007-04-03,64.59,2007,4,2,-1.4399999999999977,-2.1808268968650624,60.83166666666667,April
2007-04-04,64.4,2007,4,2,-0.18999999999999773,-0.29416318315528267,60.99833333333333,April
2007-04-05,64.26,2007,4,2,-0.14000000000000057,-0.21739130434782483,61.13099999999999,April
2007-04-09,61.51,2007,4,2,-2.750000000000007,-4.279489573607231,61.172,April
2007-04-10,61.92,2007,4,2,0.4100000000000037,0.6665582832059869,61.189,April
2007-04-11,61.98,2007,4,2,0.05999999999999517,0.09689922480620172,61.20633333333333,April
2007-04-12,63.87,2007,4,2,1.8900000000000006,3.0493707647628376,61.276,April
2007-04-13,63.63,2007,4,2,-0.23999999999999488,-0.3757632691404389,61.33133333333333,April
2007-04-16,63.63,2007,4,2,0.0,0.0,61.39966666666667,April
2007-04-17,63.14,2007,4,2,-0.490000000000002,-0.7700770077007757,61.50266666666666,April
2007-04-18,63.14,2007,4,2,0.0,0.0,61.58533333333334,April
2007-04-19,61.81,2007,4,2,-1.3299999999999983,-2.106430155210637,61.583999999999996,April
2007-04-20,63.56,2007,4,2,1.75,2.8312570781426905,61.64833333333333,April
2007-04-23,65.33,2007,4,2,1.769999999999996,2.7847702957835008,61.82399999999999,April
2007-04-24,64.1,2007,4,2,-1.230000000000004,-1.8827491198530555,61.996,April
2007-04-25,65.33,2007,4,2,1.230000000000004,1.918876755070209,62.239333333333335,April
2007-04-26,65.08,2007,4,2,-0.25,-0.3826725853359858,62.470333333333336,April
2007-04-27,66.45,2007,4,2,1.3700000000000045,2.10510141364475,62.768,April
2007-04-30,65.78,2007,4,2,-0.6700000000000017,-1.0082768999247538,63.05866666666667,April
2007-05-01,64.43,2007,5,2,-1.3499999999999943,-2.0522955305563917,63.318,May
2007-05-02,63.78,2007,5,2,-0.6500000000000057,-1.0088468104920145,63.56366666666666,May
2007-05-03,63.23,2007,5,2,-0.5500000000000043,-0.8623392913138961,63.772,May
2007-05-04,61.89,2007,5,2,-1.3399999999999963,-2.1192471927882317,63.828,May
2007-05-07,61.48,2007,5,2,-0.4100000000000037,-0.6624656648893223,63.84166666666667,May
2007-05-08,62.26,2007,5,2,0.7800000000000011,1.2687052700065093,63.858,May
2007-05-09,61.54,2007,5,2,-0.7199999999999989,-1.156440732412467,63.809999999999995,May
2007-05-10,61.85,2007,5,2,0.3100000000000023,0.5037374065648415,63.73466666666666,May
2007-05-11,62.35,2007,5,2,0.5,0.808407437348424,63.609666666666676,May
2007-05-14,62.55,2007,5,2,0.19999999999999574,0.3207698476343168,63.49666666666667,May
2007-05-15,63.16,2007,5,2,0.6099999999999994,0.9752198241406829,63.401,May
2007-05-16,62.57,2007,5,2,-0.5899999999999963,-0.9341355288157049,63.333666666666666,May
2007-05-17,64.83,2007,5,2,2.259999999999998,3.6119546108358547,63.348,May
2007-05-18,64.93,2007,5,2,0.10000000000000853,0.15424957581366971,63.370333333333335,May
2007-05-21,66.25,2007,5,2,1.3199999999999932,2.032958570768506,63.528333333333336,May
2007-05-22,64.91,2007,5,2,-1.3400000000000034,-2.0226415094339645,63.62800000000001,May
2007-05-23,65.1,2007,5,2,0.18999999999999773,0.2927129872130507,63.732,May
2007-05-24,63.62,2007,5,2,-1.4799999999999969,-2.2734254992319514,63.72366666666666,May
2007-05-25,64.59,2007,5,2,0.970000000000006,1.5246777742848217,63.75566666666667,May
2007-05-29,63.19,2007,5,2,-1.4000000000000057,-2.1675181916705477,63.741,May
2007-05-30,63.47,2007,5,2,0.28000000000000114,0.44310808672258784,63.751999999999995,May
2007-05-31,64.02,2007,5,2,0.5499999999999972,0.8665511265164572,63.78133333333333,May
2007-06-01,65.09,2007,6,2,1.0700000000000074,1.6713527022805597,63.89066666666667,June
2007-06-04,66.17,2007,6,2,1.0799999999999983,1.6592410508526667,63.977666666666664,June
2007-06-05,65.63,2007,6,2,-0.5400000000000063,-0.8160797944688047,63.98766666666667,June
2007-06-06,65.97,2007,6,2,0.3400000000000034,0.5180557671796482,64.05,June
2007-06-07,66.93,2007,6,2,0.960000000000008,1.4552069122328426,64.10333333333334,June
2007-06-08,64.78,2007,6,2,-2.1500000000000057,-3.212311370088161,64.09333333333333,June
2007-06-11,65.93,2007,6,2,1.1500000000000057,1.775239271380058,64.07600000000001,June
2007-06-12,65.36,2007,6,2,-0.5700000000000074,-0.8645533141210526,64.062,June
2007-06-13,66.17,2007,6,2,0.8100000000000023,1.239290085679312,64.12,June
2007-06-14,67.62,2007,6,2,1.4500000000000028,2.191325374036568,64.248,June
2007-06-15,68.04,2007,6,2,0.4200000000000017,0.6211180124223725,64.40833333333333,June
2007-06-18,69.06,2007,6,2,1.019999999999996,1.4991181657848296,64.64733333333334,June
2007-06-19,69.15,2007,6,2,0.09000000000000341,0.13032145960034658,64.90299999999999,June
2007-06-20,68.5,2007,6,2,-0.6500000000000057,-0.9399855386840295,65.111,June
2007-06-21,68.35,2007,6,2,-0.15000000000000568,-0.21897810218979297,65.33800000000001,June
2007-06-22,68.85,2007,6,2,0.5,0.7315288953913646,65.57133333333334,June
2007-06-25,68.83,2007,6,2,-0.01999999999999602,-0.02904865649963062,65.78733333333334,June
2007-06-26,67.78,2007,6,2,-1.0499999999999972,-1.5254976027894718,65.96166666666666,June
2007-06-27,68.98,2007,6,2,1.2000000000000028,1.7704337562702843,66.15566666666668,June
2007-06-28,69.61,2007,6,2,0.6299999999999955,0.9133082052768859,66.39033333333333,June
2007-06-29,70.47,2007,6,2,0.8599999999999994,1.2354546760522833,66.57833333333333,June
2007-07-02,71.11,2007,7,3,0.6400000000000006,0.90818788136795,66.78433333333334,July
2007-07-03,71.41,2007,7,3,0.29999999999999716,0.4218815918998642,66.95633333333333,July
2007-07-05,71.81,2007,7,3,0.4000000000000057,0.5601456378658609,67.18633333333334,July
2007-07-06,72.8,2007,7,3,0.9899999999999949,1.378638072691829,67.443,July
2007-07-09,72.14,2007,7,3,-0.6599999999999966,-0.9065934065934034,67.727,July
2007-07-10,72.8,2007,7,3,0.6599999999999966,0.9148877183254633,68.00066666666666,July
2007-07-11,72.58,2007,7,3,-0.21999999999999886,-0.3021978021978011,68.31366666666666,July
2007-07-12,72.55,2007,7,3,-0.030000000000001137,-0.04133370074400622,68.61633333333334,July
2007-07-13,73.89,2007,7,3,1.3400000000000034,1.847002067539627,68.94533333333334,July
2007-07-16,74.11,2007,7,3,0.21999999999999886,0.2977398836107703,69.24600000000001,July
2007-07-17,74.03,2007,7,3,-0.0799999999999983,-0.10794764539198143,69.508,July
2007-07-18,75.03,2007,7,3,1.0,1.3508037282182972,69.82133333333333,July
2007-07-19,75.9,2007,7,3,0.8700000000000045,1.1595361855258002,70.15233333333335,July
2007-07-20,75.53,2007,7,3,-0.37000000000000455,-0.4874835309617964,70.43900000000001,July
2007-07-23,74.65,2007,7,3,-0.8799999999999955,-1.16509996028068,70.768,July
2007-07-24,73.38,2007,7,3,-1.2700000000000102,-1.70127260549231,71.01633333333332,July
2007-07-25,75.74,2007,7,3,2.3599999999999994,3.216135186699365,71.36233333333334,July
2007-07-26,74.96,2007,7,3,-0.7800000000000011,-1.0298389226300553,71.65533333333335,July
2007-07-27,77.03,2007,7,3,2.0700000000000074,2.761472785485597,71.969,July
2007-07-30,76.82,2007,7,3,-0.21000000000000796,-0.27262105673115933,72.26166666666667,July
2007-07-31,78.2,2007,7,3,1.3800000000000097,1.7964071856287456,72.56633333333333,July
2007-08-01,76.49,2007,8,3,-1.710000000000008,-2.1867007672634386,72.81099999999999,August
2007-08-02,76.84,2007,8,3,0.3500000000000085,0.457576153745598,73.08899999999998,August
2007-08-03,75.41,2007,8,3,-1.4300000000000068,-1.8610098906819417,73.32433333333333,August
2007-08-06,72.03,2007,8,3,-3.3799999999999955,-4.482164169208325,73.43033333333332,August
2007-08-07,72.25,2007,8,3,0.21999999999999886,0.3054282937664743,73.54433333333333,August
2007-08-08,72.23,2007,8,3,-0.01999999999999602,-0.027681660899647742,73.69266666666665,August
2007-08-09,71.62,2007,8,3,-0.6099999999999994,-0.8445244358299853,73.78066666666665,August
2007-08-10,71.49,2007,8,3,-0.13000000000000966,-0.18151354370289363,73.84333333333333,August
2007-08-13,71.6,2007,8,3,0.10999999999999943,0.1538676738005229,73.881,August
2007-08-14,72.4,2007,8,3,0.8000000000000114,1.1173184357541999,73.92399999999999,August
2007-08-15,73.36,2007,8,3,0.9599999999999937,1.3259668508287303,73.989,August
2007-08-16,70.99,2007,8,3,-2.3700000000000045,-3.230643402399136,73.96166666666666,August
2007-08-17,71.9,2007,8,3,0.9100000000000108,1.281870686012132,73.93166666666666,August
2007-08-20,71.12,2007,8,3,-0.7800000000000011,-1.0848400556328297,73.89766666666667,August
2007-08-21,69.49,2007,8,3,-1.6300000000000097,-2.291901012373465,73.78733333333335,August
2007-08-22,69.3,2007,8,3,-0.18999999999999773,-0.2734206360627378,73.67799999999998,August
2007-08-23,69.86,2007,8,3,0.5600000000000023,0.8080808080808133,73.58833333333334,August
2007-08-24,71.17,2007,8,3,1.3100000000000023,1.8751789292871468,73.49766666666667,August
2007-08-27,71.98,2007,8,3,0.8100000000000023,1.1381199943796494,73.42666666666668,August
2007-08-28,71.79,2007,8,3,-0.18999999999999773,-0.26396221172547696,73.352,August
2007-08-29,73.52,2007,8,3,1.7299999999999898,2.4098063797186153,73.30166666666668,August
2007-08-30,73.37,2007,8,3,-0.14999999999999147,-0.20402611534274806,73.21733333333333,August
2007-08-31,73.98,2007,8,3,0.6099999999999994,0.8314024805778919,73.16566666666667,August
2007-09-04,75.07,2007,9,3,1.0899999999999892,1.4733711814003625,73.17966666666666,September
2007-09-05,75.74,2007,9,3,0.6700000000000017,0.8925003330225056,73.25833333333334,September
2007-09-06,76.34,2007,9,3,0.6000000000000085,0.7921837866385006,73.27833333333334,September
2007-09-07,76.7,2007,9,3,0.35999999999999943,0.4715745349751055,73.33633333333333,September
2007-09-10,77.53,2007,9,3,0.8299999999999983,1.0821382007822677,73.35300000000001,September
2007-09-11,78.16,2007,9,3,0.6299999999999955,0.8125886753514777,73.39766666666667,September
2007-09-12,79.85,2007,9,3,1.6899999999999977,2.1622313203684795,73.45266666666666,September
2007-09-13,80.05,2007,9,3,0.20000000000000284,0.250469630557304,73.57133333333333,September
2007-09-14,79.14,2007,9,3,-0.9099999999999966,-1.1367895065584,73.648,September
2007-09-17,80.55,2007,9,3,1.4099999999999966,1.7816527672479099,73.81933333333333,September
2007-09-18,81.51,2007,9,3,0.960000000000008,1.1918063314711569,74.13533333333334,September
2007-09-19,81.99,2007,9,3,0.47999999999998977,0.5888847994111046,74.46000000000001,September
2007-09-20,83.85,2007,9,3,1.8599999999999994,2.2685693377241023,74.84733333333334,September
2007-09-21,83.38,2007,9,3,-0.46999999999999886,-0.560524746571256,75.23933333333335,September
2007-09-24,82.51,2007,9,3,-0.8699999999999903,-1.0434156872151434,75.60666666666665,September
2007-09-25,81.2,2007,9,3,-1.3100000000000023,-1.5876863410495767,75.92666666666668,September
2007-09-26,80.31,2007,9,3,-0.8900000000000006,-1.096059113300496,76.19033333333333,September
2007-09-27,82.86,2007,9,3,2.549999999999997,3.1751961150541685,76.507,September
2007-09-28,81.64,2007,9,3,-1.2199999999999989,-1.472363021964762,76.86200000000001,September
2007-10-01,80.31,2007,10,4,-1.3299999999999983,-1.62910338069574,77.14233333333333,October
2007-10-02,80.0,2007,10,4,-0.3100000000000023,-0.3860042335948277,77.43833333333333,October
2007-10-03,79.97,2007,10,4,-0.030000000000001137,-0.03750000000000142,77.78766666666665,October
2007-10-04,81.48,2007,10,4,1.5100000000000051,1.8882080780292743,78.19366666666666,October
2007-10-05,81.2,2007,10,4,-0.28000000000000114,-0.3436426116838476,78.57166666666667,October
2007-10-08,78.97,2007,10,4,-2.230000000000004,-2.7463054187192193,78.83166666666666,October
2007-10-09,80.23,2007,10,4,1.2600000000000051,1.5955426111181614,79.10666666666665,October
2007-10-10,81.3,2007,10,4,1.0699999999999932,1.333665711080645,79.42366666666666,October
2007-10-11,83.05,2007,10,4,1.75,2.1525215252152563,79.74133333333333,October
2007-10-12,83.73,2007,10,4,0.6800000000000068,0.8187838651414925,80.08666666666666,October
2007-10-15,86.19,2007,10,4,2.4599999999999937,2.9380150483697465,80.49366666666667,October
2007-10-16,87.58,2007,10,4,1.3900000000000006,1.612716092354094,80.91066666666666,October
2007-10-17,87.19,2007,10,4,-0.39000000000000057,-0.44530714775062874,81.29233333333333,October
2007-10-18,89.48,2007,10,4,2.2900000000000063,2.626447987154501,81.73033333333333,October
2007-10-19,88.58,2007,10,4,-0.9000000000000057,-1.005811354492625,82.12633333333333,October
2007-10-22,87.6,2007,10,4,-0.980000000000004,-1.106344547301874,82.462,October
2007-10-23,86.45,2007,10,4,-1.1499999999999915,-1.3127853881278462,82.73833333333333,October
2007-10-24,88.3,2007,10,4,1.8499999999999943,2.1399652978600248,83.02000000000001,October
2007-10-25,92.09,2007,10,4,3.7900000000000063,4.292185730464326,83.42133333333332,October
2007-10-26,91.73,2007,10,4,-0.35999999999999943,-0.39092192420457916,83.841,October
2007-10-29,93.45,2007,10,4,1.7199999999999989,1.875068134743274,84.271,October
2007-10-30,90.33,2007,10,4,-3.1200000000000045,-3.338683788121999,84.56500000000001,October
2007-10-31,94.16,2007,10,4,3.8299999999999983,4.240008856415356,84.97066666666666,October
2007-11-01,93.53,2007,11,4,-0.6299999999999955,-0.6690739167374615,85.29333333333334,November
2007-11-02,95.81,2007,11,4,2.280000000000001,2.4377205174810124,85.70766666666667,November
2007-11-05,94.06,2007,11,4,-1.75,-1.8265316772779427,86.09266666666667,November
2007-11-06,96.65,2007,11,4,2.5900000000000034,2.753561556453321,86.60766666666667,November
2007-11-07,96.46,2007,11,4,-0.19000000000001194,-0.1965856182100434,87.146,November
2007-11-08,95.51,2007,11,4,-0.9499999999999886,-0.9848641924113499,87.56766666666665,November
2007-11-09,96.36,2007,11,4,0.8499999999999943,0.8899591665794127,88.05833333333334,November
2007-11-12,94.4,2007,11,4,-1.9599999999999937,-2.0340390203403835,88.528,November
2007-11-13,91.18,2007,11,4,-3.219999999999999,-3.4110169491525455,88.90066666666667,November
2007-11-14,94.02,2007,11,4,2.839999999999989,3.1147181399429513,89.369,November
2007-11-15,93.37,2007,11,4,-0.6499999999999915,-0.6913422676026237,89.76533333333333,November
2007-11-16,94.81,2007,11,4,1.4399999999999977,1.5422512584341908,90.219,November
2007-11-19,95.75,2007,11,4,0.9399999999999977,0.991456597405338,90.77833333333334,November
2007-11-20,99.16,2007,11,4,3.4099999999999966,3.5613577023498655,91.40933333333334,November
2007-11-21,98.57,2007,11,4,-0.5900000000000034,-0.5949979830576879,91.98499999999999,November
2007-11-23,98.24,2007,11,4,-0.3299999999999983,-0.3347874606878354,92.49133333333334,November
2007-11-26,97.66,2007,11,4,-0.5799999999999983,-0.5903908794788304,92.95566666666667,November
2007-11-27,94.39,2007,11,4,-3.269999999999996,-3.34835142330534,93.229,November
2007-11-28,90.71,2007,11,4,-3.680000000000007,-3.8987180845428626,93.33333333333333,November
2007-11-29,90.98,2007,11,4,0.27000000000001023,0.2976518575680931,93.45966666666666,November
2007-11-30,88.6,2007,11,4,-2.3800000000000097,-2.615959551549807,93.43033333333334,November
2007-12-03,89.29,2007,12,4,0.6900000000000119,0.7787810383747207,93.45400000000001,December
2007-12-04,88.31,2007,12,4,-0.980000000000004,-1.0975473177287531,93.47766666666666,December
2007-12-05,87.45,2007,12,4,-0.8599999999999994,-0.9738421469822178,93.511,December
2007-12-06,90.25,2007,12,4,2.799999999999997,3.2018296169239457,93.576,December
2007-12-07,88.23,2007,12,4,-2.019999999999996,-2.2382271468143977,93.44733333333333,December
2007-12-10,87.72,2007,12,4,-0.5100000000000051,-0.5780346820809301,93.31366666666668,December
2007-12-11,90.12,2007,12,4,2.4000000000000057,2.735978112175119,93.20266666666666,December
2007-12-12,94.41,2007,12,4,4.289999999999992,4.760319573901461,93.33866666666667,December
2007-12-13,92.35,2007,12,4,-2.0600000000000023,-2.1819722487024684,93.27833333333334,December
2007-12-14,91.31,2007,12,4,-1.039999999999992,-1.1261505143475792,93.20433333333332,December
2007-12-17,90.69,2007,12,4,-0.6200000000000045,-0.6790055853685306,93.03366666666666,December
2007-12-18,89.93,2007,12,4,-0.7599999999999909,-0.8380196273017892,92.896,December
2007-12-19,91.11,2007,12,4,1.1799999999999926,1.3121316579561837,92.71133333333333,December
2007-12-20,90.88,2007,12,4,-0.23000000000000398,-0.25244210295247704,92.52533333333332,December
2007-12-21,93.19,2007,12,4,2.3100000000000023,2.541813380281699,92.44800000000001,December
2007-12-24,94.0,2007,12,4,0.8100000000000023,0.8691919733877063,92.36933333333333,December
2007-12-26,95.89,2007,12,4,1.8900000000000006,2.010638297872336,92.419,December
2007-12-27,96.63,2007,12,4,0.7399999999999949,0.7717175930753939,92.60066666666667,December
2007-12-28,96.03,2007,12,4,-0.5999999999999943,-0.6209251785159853,92.66766666666668,December
2007-12-31,95.95,2007,12,4,-0.0799999999999983,-0.0833072998021489,92.75366666666667,December
2008-01-02,99.64,2008,1,1,3.6899999999999977,3.8457529963522585,92.91466666666666,January
2008-01-03,99.17,2008,1,1,-0.46999999999999886,-0.4716981132075415,93.02866666666667,January
2008-01-04,97.9,2008,1,1,-1.269999999999996,-1.280629222547136,92.98666666666666,January
2008-01-07,95.08,2008,1,1,-2.8200000000000074,-2.880490296220639,92.87033333333333,January
2008-01-08,96.43,2008,1,1,1.3500000000000085,1.4198569625578639,92.81,January
2008-01-09,95.64,2008,1,1,-0.7900000000000063,-0.8192471222648656,92.74266666666668,January
2008-01-10,93.92,2008,1,1,-1.7199999999999989,-1.7984107068172328,92.72700000000002,January
2008-01-11,92.74,2008,1,1,-1.1800000000000068,-1.2563884156729155,92.79466666666667,January
2008-01-14,94.23,2008,1,1,1.490000000000009,1.606642225576893,92.903,January
2008-01-15,91.87,2008,1,1,-2.3599999999999994,-2.5045102408999265,93.01199999999999,January
2008-01-16,90.8,2008,1,1,-1.0700000000000074,-1.1646892347882964,93.06233333333333,January
2008-01-17,90.11,2008,1,1,-0.6899999999999977,-0.7599118942731242,93.12233333333333,January
2008-01-18,90.55,2008,1,1,0.4399999999999977,0.4882920874486718,93.22566666666667,January
2008-01-22,89.64,2008,1,1,-0.9099999999999966,-1.0049696300386435,93.20533333333333,January
2008-01-23,87.65,2008,1,1,-1.9899999999999949,-2.2199910754127528,93.18599999999999,January
2008-01-24,89.98,2008,1,1,2.3299999999999983,2.65830005704506,93.26133333333333,January
2008-01-25,90.37,2008,1,1,0.39000000000000057,0.4334296510335678,93.26966666666667,January
2008-01-28,90.99,2008,1,1,0.6199999999999903,0.6860683855261618,93.15566666666668,January
2008-01-29,91.66,2008,1,1,0.6700000000000017,0.7363446532586027,93.13266666666667,January
2008-01-30,92.34,2008,1,1,0.6800000000000068,0.7418721361553748,93.167,January
2008-01-31,91.67,2008,1,1,-0.6700000000000017,-0.7255793805501454,93.19966666666667,January
2008-02-01,89.03,2008,2,1,-2.6400000000000006,-2.8798952765354047,93.16966666666666,February
2008-02-04,90.07,2008,2,1,1.039999999999992,1.16814556890934,93.135,February
2008-02-05,88.32,2008,2,1,-1.75,-1.9429332741201288,93.04966666666668,February
2008-02-06,87.16,2008,2,1,-1.1599999999999966,-1.3134057971014412,92.84866666666667,February
2008-02-07,88.07,2008,2,1,0.9099999999999966,1.044056906837998,92.65100000000001,February
2008-02-08,91.77,2008,2,1,3.700000000000003,4.201203588054958,92.51366666666668,February
2008-02-11,93.56,2008,2,1,1.7900000000000063,1.9505284951509383,92.41133333333333,February
2008-02-12,92.82,2008,2,1,-0.7400000000000091,-0.7909362975630718,92.30433333333332,February
2008-02-13,93.28,2008,2,1,0.46000000000000796,0.49558284852402323,92.21533333333333,February
2008-02-14,95.42,2008,2,1,2.1400000000000006,2.294168096054894,92.07466666666667,February
2008-02-15,95.57,2008,2,1,0.14999999999999147,0.15719974848038554,91.95466666666667,February
2008-02-19,99.99,2008,2,1,4.420000000000002,4.624882285235965,92.02433333333333,February
2008-02-20,100.86,2008,2,1,0.8700000000000045,0.8700870087008816,92.21700000000001,February
2008-02-21,98.57,2008,2,1,-2.2900000000000063,-2.2704739242514482,92.28833333333333,February
2008-02-22,99.03,2008,2,1,0.46000000000000796,0.4666734300497133,92.40133333333333,February
2008-02-25,99.4,2008,2,1,0.37000000000000455,0.37362415429669227,92.584,February
2008-02-26,100.83,2008,2,1,1.4299999999999926,1.4386317907444601,92.85366666666667,February
2008-02-27,99.59,2008,2,1,-1.2399999999999949,-1.2297927204205084,93.03233333333333,February
2008-02-28,102.6,2008,2,1,3.009999999999991,3.022391806406266,93.39000000000001,February
2008-02-29,101.78,2008,2,1,-0.8199999999999932,-0.7992202729044773,93.756,February
2008-03-03,102.42,2008,3,1,0.6400000000000006,0.6288072312831572,94.16633333333333,March
2008-03-04,99.72,2008,3,1,-2.700000000000003,-2.6362038664323406,94.472,March
2008-03-05,104.45,2008,3,1,4.730000000000004,4.743281187324522,94.96566666666666,March
2008-03-06,105.51,2008,3,1,1.0600000000000023,1.0148396361895573,95.56099999999999,March
2008-03-07,105.12,2008,3,1,-0.39000000000000057,-0.3696332101222666,96.06566666666667,March
2008-03-10,107.9,2008,3,1,2.780000000000001,2.644596651445963,96.64999999999999,March
2008-03-11,108.73,2008,3,1,0.8299999999999983,0.7692307692307665,97.24133333333333,March
2008-03-12,109.86,2008,3,1,1.1299999999999955,1.039271590177493,97.848,March
2008-03-13,110.21,2008,3,1,0.3499999999999943,0.3185872929182487,98.44366666666666,March
2008-03-14,110.03,2008,3,1,-0.1799999999999926,-0.16332456219942948,99.05566666666667,March
2008-03-17,105.74,2008,3,1,-4.290000000000006,-3.8989366536399173,99.61266666666667,March
2008-03-18,109.57,2008,3,1,3.8299999999999983,3.622091923586157,100.26266666666668,March
2008-03-19,103.25,2008,3,1,-6.319999999999993,-5.768002190380573,100.76033333333334,March
2008-03-20,102.57,2008,3,1,-0.6800000000000068,-0.6585956416464978,101.27399999999999,March
2008-03-24,101.7,2008,3,1,-0.8699999999999903,-0.8482012284293572,101.72833333333332,March
2008-03-25,101.78,2008,3,1,0.0799999999999983,0.07866273352998832,102.06199999999998,March
2008-03-26,105.83,2008,3,1,4.049999999999997,3.979170760463746,102.47099999999999,March
2008-03-27,107.56,2008,3,1,1.730000000000004,1.634697155815945,102.96233333333335,March
2008-03-28,105.59,2008,3,1,-1.9699999999999989,-1.8315358869468223,103.37266666666666,March
2008-03-31,101.54,2008,3,1,-4.049999999999997,-3.8355904915238104,103.57666666666665,March
2008-04-01,100.92,2008,4,2,-0.6200000000000045,-0.6105968091392633,103.75500000000001,April
2008-04-02,104.83,2008,4,2,3.9099999999999966,3.8743559254855287,103.91633333333333,April
2008-04-03,103.92,2008,4,2,-0.9099999999999966,-0.8680721167604655,104.01833333333333,April
2008-04-04,106.09,2008,4,2,2.1700000000000017,2.0881447267128594,104.269,April
2008-04-07,108.91,2008,4,2,2.819999999999993,2.6581204637571743,104.59833333333333,April
2008-04-08,108.54,2008,4,2,-0.36999999999999034,-0.3397300523367841,104.90299999999999,April
2008-04-09,110.89,2008,4,2,2.3499999999999943,2.165100423806887,105.23833333333333,April
2008-04-10,110.07,2008,4,2,-0.8200000000000074,-0.7394715483812875,105.58766666666666,April
2008-04-11,110.14,2008,4,2,0.07000000000000739,0.06359589352231687,105.839,April
2008-04-14,111.71,2008,4,2,1.5699999999999932,1.4254585073542714,106.17,April
2008-04-15,113.77,2008,4,2,2.0600000000000023,1.8440605138304589,106.54833333333333,April
2008-04-16,114.8,2008,4,2,1.0300000000000011,0.9053353256570196,107.051,April
2008-04-17,114.8,2008,4,2,0.0,0.0,107.396,April
2008-04-18,116.56,2008,4,2,1.7600000000000051,1.5331010452961813,107.76433333333334,April
2008-04-21,117.48,2008,4,2,0.9200000000000017,0.7892930679478383,108.17633333333333,April
2008-04-22,119.17,2008,4,2,1.6899999999999977,1.438542730677561,108.552,April
2008-04-23,119.28,2008,4,2,0.10999999999999943,0.09230511034656885,108.90366666666667,April
2008-04-24,117.1,2008,4,2,-2.180000000000007,-1.8276324614352801,109.145,April
2008-04-25,119.64,2008,4,2,2.5400000000000063,2.1690862510674647,109.45933333333333,April
2008-04-28,118.78,2008,4,2,-0.8599999999999994,-0.7188231360748865,109.75099999999999,April
2008-04-29,115.67,2008,4,2,-3.1099999999999994,-2.6182859067182984,110.08200000000001,April
2008-04-30,113.7,2008,4,2,-1.9699999999999989,-1.703120947523129,110.21966666666665,April
2008-05-01,112.6,2008,5,2,-1.1000000000000085,-0.9674582233949014,110.53133333333334,May
2008-05-02,116.36,2008,5,2,3.760000000000005,3.339253996447611,110.991,May
2008-05-05,119.94,2008,5,2,3.5799999999999983,3.076658645582664,111.59899999999999,May
2008-05-06,121.82,2008,5,2,1.8799999999999955,1.5674503918625904,112.26700000000001,May
2008-05-07,123.56,2008,5,2,1.740000000000009,1.4283368904941751,112.858,May
2008-05-08,123.77,2008,5,2,0.20999999999999375,0.1699579151829056,113.39833333333333,May
2008-05-09,125.94,2008,5,2,2.1700000000000017,1.7532519996768192,114.07666666666667,May
2008-05-12,124.02,2008,5,2,-1.9200000000000017,-1.5245354930919497,114.82600000000001,May
2008-05-13,125.83,2008,5,2,1.8100000000000023,1.4594420254797624,115.65633333333334,May
2008-05-14,124.21,2008,5,2,-1.6200000000000045,-1.2874513232138618,116.30233333333334,May
2008-05-15,124.25,2008,5,2,0.04000000000000625,0.03220352628612311,116.98,May
2008-05-16,126.5,2008,5,2,2.25,1.810865191146882,117.66033333333333,May
2008-05-19,127.15,2008,5,2,0.6500000000000057,0.5138339920948587,118.26833333333335,May
2008-05-20,128.93,2008,5,2,1.7800000000000011,1.3999213527329912,118.94800000000001,May
2008-05-21,132.99,2008,5,2,4.060000000000002,3.1489955789963497,119.68466666666667,May
2008-05-22,130.04,2008,5,2,-2.950000000000017,-2.2182118956312613,120.35033333333334,May
2008-05-23,131.58,2008,5,2,1.5400000000000205,1.1842509996924155,121.065,May
2008-05-27,128.81,2008,5,2,-2.7700000000000102,-2.1051831585347403,121.635,May
2008-05-28,131.0,2008,5,2,2.1899999999999977,1.7001785575654127,122.20933333333333,May
2008-05-29,126.7,2008,5,2,-4.299999999999997,-3.2824427480915963,122.606,May
2008-05-30,127.35,2008,5,2,0.6499999999999915,0.513022888713488,123.02433333333333,May
2008-06-02,127.75,2008,6,2,0.4000000000000057,0.3140950137416665,123.39733333333334,June
2008-06-03,124.33,2008,6,2,-3.4200000000000017,-2.677103718199614,123.62566666666666,June
2008-06-04,122.3,2008,6,2,-2.030000000000001,-1.632751548298883,123.72999999999999,June
2008-06-05,127.93,2008,6,2,5.63000000000001,4.603434178250221,124.01833333333335,June
2008-06-06,138.51,2008,6,2,10.579999999999984,8.270147737043686,124.732,June
2008-06-09,134.44,2008,6,2,-4.069999999999993,-2.9384159988448455,125.22533333333332,June
2008-06-10,131.38,2008,6,2,-3.0600000000000023,-2.2761083011008654,125.64533333333334,June
2008-06-11,136.43,2008,6,2,5.050000000000011,3.8438118435073942,126.33733333333333,June
2008-06-12,136.91,2008,6,2,0.47999999999998977,0.35182877666202206,127.11100000000002,June
2008-06-13,134.84,2008,6,2,-2.069999999999993,-1.5119421517785336,127.85233333333332,June
2008-06-16,134.52,2008,6,2,-0.3199999999999932,-0.23731830317412772,128.45766666666665,June
2008-06-17,133.99,2008,6,2,-0.5300000000000011,-0.39399345822183074,128.92600000000002,June
2008-06-18,136.54,2008,6,2,2.549999999999983,1.9031270990372384,129.41666666666666,June
2008-06-19,131.88,2008,6,2,-4.659999999999997,-3.4129192910502426,129.69400000000002,June
2008-06-20,134.78,2008,6,2,2.9000000000000057,2.1989687594783147,130.061,June
2008-06-23,135.98,2008,6,2,1.1999999999999886,0.89033981302864,130.39566666666667,June
2008-06-24,136.49,2008,6,2,0.5100000000000193,0.37505515516988996,130.81133333333335,June
2008-06-25,133.92,2008,6,2,-2.5700000000000216,-1.882921825774797,131.081,June
2008-06-26,138.91,2008,6,2,4.990000000000009,3.7261051373954635,131.571,June
2008-06-27,139.69,2008,6,2,0.7800000000000011,0.5615146497732315,132.08566666666667,June
2008-06-30,139.96,2008,6,2,0.27000000000001023,0.19328513136231962,132.53433333333334,June
2008-07-01,141.06,2008,7,3,1.0999999999999943,0.7859388396684652,132.998,July
2008-07-02,143.74,2008,7,3,2.680000000000007,1.8999007514532762,133.49166666666667,July
2008-07-03,145.31,2008,7,3,1.5699999999999932,1.0922498956449145,133.90233333333333,July
2008-07-07,141.38,2008,7,3,-3.930000000000007,-2.7045626591425287,134.28033333333332,July
2008-07-08,136.06,2008,7,3,-5.319999999999993,-3.762908473617199,134.42966666666666,July
2008-07-09,135.88,2008,7,3,-0.18000000000000682,-0.13229457592238703,134.66533333333334,July
2008-07-10,141.47,2008,7,3,5.590000000000003,4.113924050632911,135.01433333333333,July
2008-07-11,144.96,2008,7,3,3.490000000000009,2.466954124549381,135.623,July
2008-07-14,145.16,2008,7,3,0.19999999999998863,0.13796909492271858,136.21666666666667,July
2008-07-15,138.68,2008,7,3,-6.47999999999999,-4.464039680352705,136.58100000000002,July
2008-07-16,134.63,2008,7,3,-4.050000000000011,-2.920392269974048,136.92433333333332,July
2008-07-17,129.43,2008,7,3,-5.199999999999989,-3.862437792468243,137.162,July
2008-07-18,128.94,2008,7,3,-0.4900000000000091,-0.37858301784748916,137.19566666666665,July
2008-07-21,131.43,2008,7,3,2.490000000000009,1.9311307584923387,136.95966666666666,July
2008-07-22,127.25,2008,7,3,-4.180000000000007,-3.180400213041168,136.72,July
2008-07-23,123.73,2008,7,3,-3.519999999999996,-2.7662082514734787,136.465,July
2008-07-24,124.62,2008,7,3,0.8900000000000006,0.7193081710175298,136.07133333333334,July
2008-07-25,122.59,2008,7,3,-2.030000000000001,-1.6289520141229308,135.594,July
2008-07-28,124.72,2008,7,3,2.1299999999999955,1.737498980340968,135.2566666666667,July
2008-07-29,122.21,2008,7,3,-2.510000000000005,-2.012508017960235,134.84633333333335,July
2008-07-30,126.74,2008,7,3,4.530000000000001,3.7067343097946237,134.60466666666667,July
2008-07-31,124.17,2008,7,3,-2.569999999999993,-2.0277733943506293,134.19233333333332,July
2008-08-01,125.03,2008,8,3,0.8599999999999994,0.6925988564065344,133.964,August
2008-08-04,121.45,2008,8,3,-3.5799999999999983,-2.863312804926821,133.51966666666667,August
2008-08-05,118.71,2008,8,3,-2.740000000000009,-2.2560724578015723,132.94400000000002,August
2008-08-06,118.57,2008,8,3,-0.14000000000000057,-0.11793446213461678,132.34666666666666,August
2008-08-07,119.84,2008,8,3,1.2700000000000102,1.0710972421354548,131.87733333333333,August
2008-08-08,115.42,2008,8,3,-4.420000000000002,-3.688251001335119,131.09433333333334,August
2008-08-11,114.44,2008,8,3,-0.980000000000004,-0.8490729509617045,130.25266666666667,August
2008-08-12,113.1,2008,8,3,-1.3400000000000034,-1.170919259000347,129.35733333333332,August
2008-08-13,115.96,2008,8,3,2.8599999999999994,2.5287356321838983,128.52066666666667,August
2008-08-14,115.05,2008,8,3,-0.9099999999999966,-0.7847533632286963,127.56433333333334,August
2008-08-15,113.46,2008,8,3,-1.5900000000000034,-1.3820078226857935,126.50266666666667,August
2008-08-18,112.92,2008,8,3,-0.539999999999992,-0.4759386567953383,125.554,August
2008-08-19,114.39,2008,8,3,1.4699999999999989,1.301806588735377,124.83166666666668,August
2008-08-20,115.48,2008,8,3,1.0900000000000034,0.9528804965468929,124.15166666666667,August
2008-08-21,121.23,2008,8,3,5.75,4.979217180464146,123.47700000000002,August
2008-08-22,114.48,2008,8,3,-6.75,-5.56792873051225,122.461,August
2008-08-25,114.85,2008,8,3,0.36999999999999034,0.32320055904959677,121.45066666666666,August
2008-08-26,116.31,2008,8,3,1.460000000000008,1.2712233347845103,120.705,August
2008-08-27,118.17,2008,8,3,1.8599999999999994,1.5991746195511913,120.15633333333334,August
2008-08-28,115.58,2008,8,3,-2.5900000000000034,-2.191757637302194,119.69466666666668,August
2008-08-29,115.55,2008,8,3,-0.030000000000001137,-0.025956047759123635,119.24833333333332,August
2008-09-02,109.63,2008,9,3,-5.920000000000002,-5.123323236694077,118.52166666666668,September
2008-09-03,109.38,2008,9,3,-0.25,-0.2280397701359127,117.926,September
2008-09-04,107.99,2008,9,3,-1.3900000000000006,-1.270799049186322,117.40133333333333,September
2008-09-05,106.47,2008,9,3,-1.519999999999996,-1.4075377349754614,116.79633333333332,September
2008-09-08,106.35,2008,9,3,-0.12000000000000455,-0.11270780501549948,116.25500000000001,September
2008-09-09,103.23,2008,9,3,-3.1199999999999903,-2.933709449929467,115.53866666666666,September
2008-09-10,102.66,2008,9,3,-0.5700000000000074,-0.5521650682941082,114.88699999999999,September
2008-09-11,100.95,2008,9,3,-1.7099999999999937,-1.6656925774400921,114.02733333333335,September
2008-09-12,101.19,2008,9,3,0.23999999999999488,0.23774145616641817,113.26133333333334,September
2008-09-15,95.52,2008,9,3,-5.670000000000002,-5.603320486214058,112.27766666666668,September
2008-09-16,91.49,2008,9,3,-4.030000000000001,-4.219011725293131,111.279,September
2008-09-17,97.39,2008,9,3,5.900000000000006,6.448792217728716,110.56833333333333,September
2008-09-18,97.5,2008,9,3,0.10999999999999943,0.11294794126706087,109.866,September
2008-09-19,104.05,2008,9,3,6.549999999999997,6.717948717948707,109.33966666666667,September
2008-09-22,122.61,2008,9,3,18.560000000000002,17.837578087457963,109.57933333333334,September
2008-09-23,107.85,2008,9,3,-14.760000000000005,-12.038169806704191,109.35966666666667,September
2008-09-24,106.84,2008,9,3,-1.009999999999991,-0.9364858599907211,109.151,September
2008-09-25,111.54,2008,9,3,4.700000000000003,4.399101460127297,109.00366666666667,September
2008-09-26,106.77,2008,9,3,-4.77000000000001,-4.276492738031212,108.72766666666666,September
2008-09-29,96.29,2008,9,3,-10.47999999999999,-9.815491242858476,108.15533333333335,September
2008-09-30,100.7,2008,9,3,4.409999999999997,4.57991484058573,107.748,September
2008-10-01,98.23,2008,10,4,-2.469999999999999,-2.4528301886792447,107.20933333333332,October
2008-10-02,93.84,2008,10,4,-4.390000000000001,-4.46910312531813,106.488,October
2008-10-03,93.91,2008,10,4,0.06999999999999318,0.07459505541347333,105.57733333333333,October
2008-10-06,88.15,2008,10,4,-5.759999999999991,-6.133532105207107,104.69966666666667,October
2008-10-07,90.18,2008,10,4,2.030000000000001,2.3028927963698154,103.87733333333333,October
2008-10-08,88.94,2008,10,4,-1.240000000000009,-1.375027722333122,102.96499999999999,October
2008-10-09,86.5,2008,10,4,-2.4399999999999977,-2.743422532044071,101.90933333333332,October
2008-10-10,77.44,2008,10,4,-9.060000000000002,-10.473988439306359,100.63799999999999,October
2008-10-13,81.17,2008,10,4,3.730000000000004,4.81663223140496,99.492,October
2008-10-14,78.69,2008,10,4,-2.480000000000004,-3.0553160034495597,98.46066666666667,October
2008-10-15,74.38,2008,10,4,-4.310000000000002,-5.477188969373492,97.294,October
2008-10-16,69.81,2008,10,4,-4.569999999999993,-6.144124764721692,96.02133333333335,October
2008-10-17,71.9,2008,10,4,2.0900000000000034,2.993840424008032,94.86899999999999,October
2008-10-20,74.08,2008,10,4,2.1799999999999926,3.0319888734353206,93.79333333333334,October
2008-10-21,71.29,2008,10,4,-2.789999999999992,-3.7661987041036626,92.72866666666667,October
2008-10-22,66.92,2008,10,4,-4.3700000000000045,-6.1298919904615,91.53733333333335,October
2008-10-23,67.17,2008,10,4,0.25,0.3735803945009053,90.41133333333332,October
2008-10-24,63.34,2008,10,4,-3.8299999999999983,-5.701950275420575,89.14966666666666,October
2008-10-27,61.92,2008,10,4,-1.4200000000000017,-2.241869276918218,88.02966666666666,October
2008-10-28,62.8,2008,10,4,0.8799999999999955,1.4211886304909438,87.07333333333332,October
2008-10-29,67.45,2008,10,4,4.650000000000006,7.404458598726116,86.07533333333335,October
2008-10-30,65.79,2008,10,4,-1.6599999999999966,-2.461082283172711,85.01833333333335,October
2008-10-31,68.1,2008,10,4,2.309999999999988,3.5111719106246886,83.82,October
2008-11-03,63.93,2008,11,4,-4.169999999999995,-6.123348017621133,81.864,November
2008-11-04,70.41,2008,11,4,6.479999999999997,10.136086344439232,80.616,November
2008-11-05,65.41,2008,11,4,-5.0,-7.101264024996445,79.235,November
2008-11-06,60.72,2008,11,4,-4.689999999999998,-7.170157468277017,77.541,November
2008-11-07,61.06,2008,11,4,0.3400000000000034,0.5599472990777343,76.01733333333333,November
2008-11-10,62.19,2008,11,4,1.1299999999999955,1.850638716017028,74.88066666666667,November
2008-11-11,59.38,2008,11,4,-2.809999999999995,-4.51841132014793,73.50333333333333,November
2008-11-12,55.95,2008,11,4,-3.4299999999999997,-5.776355675311551,72.09400000000001,November
2008-11-13,58.31,2008,11,4,2.3599999999999994,4.218051831992842,70.90966666666667,November
2008-11-14,57.18,2008,11,4,-1.1300000000000026,-1.9379180243526029,69.68533333333333,November
2008-11-17,55.14,2008,11,4,-2.039999999999999,-3.5676810073452248,68.58500000000001,November
2008-11-18,54.42,2008,11,4,-0.7199999999999989,-1.305767138193692,67.393,November
2008-11-19,53.64,2008,11,4,-0.7800000000000011,-1.433296582138921,66.21633333333334,November
2008-11-20,48.86,2008,11,4,-4.780000000000001,-8.91126025354213,64.96166666666667,November
2008-11-21,49.22,2008,11,4,0.35999999999999943,0.7367990176013084,64.021,November
2008-11-24,53.63,2008,11,4,4.410000000000004,8.959772450223502,63.102999999999994,November
2008-11-25,50.02,2008,11,4,-3.6099999999999994,-6.731307104232709,62.147333333333336,November
2008-11-26,54.2,2008,11,4,4.18,8.356657337065165,61.474666666666664,November
2008-11-28,55.21,2008,11,4,1.009999999999998,1.8634686346863383,60.98800000000001,November
2008-12-01,49.34,2008,12,4,-5.869999999999997,-10.632131860170258,60.236,December
2008-12-02,47.05,2008,12,4,-2.2900000000000063,-4.64126469396029,59.33500000000001,December
2008-12-03,46.79,2008,12,4,-0.259999999999998,-0.5526036131774714,58.51833333333334,December
2008-12-04,43.8,2008,12,4,-2.990000000000002,-6.390254327847833,57.74766666666667,December
2008-12-05,41.01,2008,12,4,-2.789999999999999,-6.3698630136986285,56.87566666666667,December
2008-12-08,43.69,2008,12,4,2.6799999999999997,6.534991465496209,56.22066666666667,December
2008-12-09,42.0,2008,12,4,-1.6899999999999977,-3.8681620508125403,55.556666666666665,December
2008-12-10,43.1,2008,12,4,1.1000000000000014,2.619047619047632,54.9,December
2008-12-11,47.77,2008,12,4,4.670000000000002,10.835266821345702,54.244,December
2008-12-12,46.27,2008,12,4,-1.5,-3.1400460540087938,53.593333333333334,December
2008-12-15,44.61,2008,12,4,-1.6600000000000037,-3.587637778258057,52.81033333333334,December
2008-12-16,43.84,2008,12,4,-0.769999999999996,-1.7260703878054118,52.14066666666667,December
2008-12-17,40.17,2008,12,4,-3.6700000000000017,-8.371350364963504,51.132666666666665,December
2008-12-18,36.73,2008,12,4,-3.440000000000005,-8.563604680109549,50.17666666666667,December
2008-12-19,33.17,2008,12,4,-3.559999999999995,-9.692349578001625,49.25833333333333,December
2008-12-22,31.1,2008,12,4,-2.0700000000000003,-6.2405788362978605,48.259666666666675,December
2008-12-23,30.28,2008,12,4,-0.8200000000000003,-2.636655948553057,47.196000000000005,December
2008-12-24,32.94,2008,12,4,2.6599999999999966,8.784676354029042,46.31466666666667,December
2008-12-26,37.58,2008,12,4,4.640000000000001,14.086217364905895,45.70233333333333,December
2008-12-29,39.89,2008,12,4,2.3100000000000023,6.146886641830762,45.08833333333334,December
2008-12-30,38.95,2008,12,4,-0.9399999999999977,-2.356480320882426,44.480666666666664,December
2008-12-31,44.6,2008,12,4,5.649999999999999,14.50577663671373,44.129333333333335,December
2009-01-02,46.17,2009,1,1,1.5700000000000003,3.5201793721973074,43.85433333333333,January
2009-01-05,48.61,2009,1,1,2.4399999999999977,5.284816980723406,43.686666666666675,January
2009-01-06,48.56,2009,1,1,-0.04999999999999716,-0.10285949393128435,43.67666666666666,January
2009-01-07,42.75,2009,1,1,-5.810000000000002,-11.964579901153217,43.461,January
2009-01-08,41.68,2009,1,1,-1.0700000000000003,-2.5029239766081846,43.06266666666667,January
2009-01-09,40.69,2009,1,1,-0.990000000000002,-2.3752399232245702,42.75166666666667,January
2009-01-12,37.65,2009,1,1,-3.039999999999999,-7.471123126075197,42.2,January
2009-01-13,37.77,2009,1,1,0.12000000000000455,0.3187250996016022,41.61866666666666,January
2009-01-14,37.43,2009,1,1,-0.3400000000000034,-0.9001853322743059,41.22166666666667,January
2009-01-15,35.41,2009,1,1,-2.020000000000003,-5.396740582420523,40.833666666666666,January
2009-01-16,35.38,2009,1,1,-0.02999999999999403,-0.08472182999150757,40.45333333333333,January
2009-01-20,38.57,2009,1,1,3.1899999999999977,9.016393442622949,40.278999999999996,January
2009-01-21,42.56,2009,1,1,3.990000000000002,10.344827586206895,40.330666666666666,January
2009-01-22,42.33,2009,1,1,-0.23000000000000398,-0.5404135338345939,40.285333333333334,January
2009-01-23,45.12,2009,1,1,2.789999999999999,6.591070163004953,40.389333333333326,January
2009-01-26,46.5,2009,1,1,1.3800000000000026,3.0585106382978733,40.50266666666666,January
2009-01-27,41.67,2009,1,1,-4.829999999999998,-10.38709677419355,40.29933333333334,January
2009-01-28,42.04,2009,1,1,0.36999999999999744,0.8879289656827494,40.15833333333333,January
2009-01-29,41.58,2009,1,1,-0.46000000000000085,-1.0941960038059029,40.05733333333333,January
2009-01-30,41.73,2009,1,1,0.14999999999999858,0.3607503607503615,39.987,January
2009-02-02,41.35,2009,2,1,-0.37999999999999545,-0.9106158638868767,40.02633333333333,February
2009-02-03,40.87,2009,2,1,-0.480000000000004,-1.1608222490931186,40.164333333333325,February
2009-02-04,40.27,2009,2,1,-0.5999999999999943,-1.4680694886224477,40.400999999999996,February
2009-02-05,41.15,2009,2,1,0.8799999999999955,2.1852495654333115,40.736,February
2009-02-06,40.24,2009,2,1,-0.9099999999999966,-2.211421628189547,41.068,February
2009-02-09,39.58,2009,2,1,-0.6600000000000037,-1.6401590457256532,41.289333333333325,February
2009-02-10,37.54,2009,2,1,-2.039999999999999,-5.154118241536132,41.288,February
2009-02-11,35.93,2009,2,1,-1.6099999999999994,-4.2887586574320675,41.156,February
2009-02-12,34.03,2009,2,1,-1.8999999999999986,-5.288060116893956,40.992,February
2009-02-13,37.63,2009,2,1,3.6000000000000014,10.578900969732597,40.75966666666667,February
2009-02-17,34.96,2009,2,1,-2.6700000000000017,-7.095402604305079,40.386,February
2009-02-18,34.67,2009,2,1,-0.28999999999999915,-0.8295194508009085,39.92133333333333,February
2009-02-19,39.6,2009,2,1,4.93,14.219786558984705,39.62266666666667,February
2009-02-20,39.35,2009,2,1,-0.25,-0.631313131313127,39.50933333333333,February
2009-02-23,37.66,2009,2,1,-1.6900000000000048,-4.294790343074983,39.37533333333333,February
2009-02-24,38.86,2009,2,1,1.2000000000000028,3.186404673393528,39.31433333333333,February
2009-02-25,41.64,2009,2,1,2.780000000000001,7.15388574369531,39.44733333333333,February
2009-02-26,43.18,2009,2,1,1.5399999999999991,3.6983669548511067,39.62766666666667,February
2009-02-27,44.15,2009,2,1,0.9699999999999989,2.2464103751736797,39.85166666666667,February
2009-03-02,40.07,2009,3,1,-4.079999999999998,-9.241223103057749,40.00699999999999,March
2009-03-03,41.57,2009,3,1,1.5,3.743448964312446,40.21333333333334,March
2009-03-04,45.28,2009,3,1,3.710000000000001,8.924705316333892,40.437000000000005,March
2009-03-05,43.54,2009,3,1,-1.740000000000002,-3.842756183745588,40.46966666666666,March
2009-03-06,45.43,2009,3,1,1.8900000000000006,4.3408360128617485,40.573,March
2009-03-09,47.01,2009,3,1,1.5799999999999983,3.4778780541492305,40.636,March
2009-03-10,45.68,2009,3,1,-1.3299999999999983,-2.8291852797277195,40.608666666666664,March
2009-03-11,42.46,2009,3,1,-3.219999999999999,-7.049036777583185,40.635,March
2009-03-12,46.91,2009,3,1,4.449999999999996,10.480452190296742,40.797333333333334,March
2009-03-13,46.22,2009,3,1,-0.6899999999999977,-1.470901726710716,40.952,March
2009-03-16,47.33,2009,3,1,1.1099999999999994,2.4015577672003463,41.13866666666666,March
2009-03-17,48.97,2009,3,1,1.6400000000000006,3.465032748785135,41.39266666666666,March
2009-03-18,48.12,2009,3,1,-0.8500000000000014,-1.735756585664694,41.63433333333333,March
2009-03-19,51.46,2009,3,1,3.3400000000000034,6.94098088113051,42.007333333333335,March
2009-03-20,51.55,2009,3,1,0.0899999999999963,0.1748931208705784,42.354,March
2009-03-23,53.05,2009,3,1,1.5,2.9097963142580063,42.781,March
2009-03-24,53.36,2009,3,1,0.3100000000000023,0.5843543826578701,43.24033333333333,March
2009-03-25,52.24,2009,3,1,-1.1199999999999974,-2.0989505247376306,43.730333333333334,March
2009-03-26,53.87,2009,3,1,1.6299999999999955,3.12021439509953,44.32833333333334,March
2009-03-27,52.41,2009,3,1,-1.4600000000000009,-2.7102283274549888,44.941,March
2009-03-30,48.49,2009,3,1,-3.9199999999999946,-7.4794886472047235,45.303,March
2009-03-31,49.64,2009,3,1,1.1499999999999986,2.371623015054647,45.79233333333333,March
2009-04-01,48.46,2009,4,2,-1.1799999999999997,-2.3771152296535036,46.252,April
2009-04-02,52.61,2009,4,2,4.149999999999999,8.563763929013612,46.68566666666666,April
2009-04-03,52.52,2009,4,2,-0.0899999999999963,-0.17107013875687915,47.12466666666667,April
2009-04-06,51.1,2009,4,2,-1.4200000000000017,-2.703731911652707,47.57266666666666,April
2009-04-07,49.13,2009,4,2,-1.9699999999999989,-3.8551859099804298,47.915,April
2009-04-08,49.37,2009,4,2,0.23999999999999488,0.4884998982291666,48.172666666666665,April
2009-04-09,52.24,2009,4,2,2.8700000000000045,5.813246911079606,48.47466666666666,April
2009-04-13,50.22,2009,4,2,-2.020000000000003,-3.8667687595712152,48.677,April
2009-04-14,49.51,2009,4,2,-0.7100000000000009,-1.4137793707686197,48.99166666666667,April
2009-04-15,49.26,2009,4,2,-0.25,-0.5049484952534877,49.248,April
2009-04-16,49.97,2009,4,2,0.7100000000000009,1.4413317092976108,49.40433333333333,April
2009-04-17,50.36,2009,4,2,0.39000000000000057,0.7804682809685826,49.63166666666667,April
2009-04-20,45.82,2009,4,2,-4.539999999999999,-9.015091342335179,49.644666666666666,April
2009-04-21,46.65,2009,4,2,0.8299999999999983,1.8114360541248375,49.632666666666665,April
2009-04-22,47.41,2009,4,2,0.759999999999998,1.6291532690246413,49.690333333333335,April
2009-04-23,48.46,2009,4,2,1.0500000000000043,2.2147226323560476,49.89033333333334,April
2009-04-24,50.65,2009,4,2,2.1899999999999977,4.5191910854312844,50.015,April
2009-04-27,49.29,2009,4,2,-1.3599999999999994,-2.6850937808489572,50.117333333333335,April
2009-04-28,49.01,2009,4,2,-0.28000000000000114,-0.5680665449381284,50.17333333333333,April
2009-04-29,50.19,2009,4,2,1.1799999999999997,2.4076719036931316,50.214000000000006,April
2009-04-30,50.35,2009,4,2,0.1600000000000037,0.3187886033074294,50.288333333333334,April
2009-05-01,52.18,2009,5,2,1.8299999999999983,3.6345580933465627,50.312333333333335,May
2009-05-04,54.45,2009,5,2,2.270000000000003,4.350325795323884,50.409000000000006,May
2009-05-05,53.81,2009,5,2,-0.6400000000000006,-1.1753902662993587,50.434333333333335,May
2009-05-06,56.29,2009,5,2,2.479999999999997,4.6088087716037895,50.532000000000004,May
2009-05-07,56.67,2009,5,2,0.38000000000000256,0.6750755018653409,50.67966666666667,May
2009-05-08,58.58,2009,5,2,1.9099999999999966,3.370389977060162,50.836666666666666,May
2009-05-11,57.79,2009,5,2,-0.7899999999999991,-1.348583134175485,51.016,May
2009-05-12,58.81,2009,5,2,1.0200000000000031,1.7650112476206958,51.36,May
2009-05-13,58.0,2009,5,2,-0.8100000000000023,-1.3773167828600608,51.63866666666666,May
2009-05-14,58.58,2009,5,2,0.5799999999999983,1.0000000000000009,51.976,May
2009-05-15,56.52,2009,5,2,-2.059999999999995,-3.5165585524069565,52.10633333333333,May
2009-05-18,58.99,2009,5,2,2.469999999999999,4.370134465675868,52.322,May
2009-05-19,59.52,2009,5,2,0.5300000000000011,0.898457365655192,52.602666666666664,May
2009-05-20,61.45,2009,5,2,1.9299999999999997,3.2426075268817245,53.013333333333335,May
2009-05-21,60.49,2009,5,2,-0.9600000000000009,-1.562245728234335,53.38400000000001,May
2009-05-22,61.15,2009,5,2,0.6599999999999966,1.0910894362704537,53.681000000000004,May
2009-05-26,62.48,2009,5,2,1.3299999999999983,2.1749795584627973,54.089666666666666,May
2009-05-27,63.41,2009,5,2,0.9299999999999997,1.488476312419973,54.553000000000004,May
2009-05-28,65.09,2009,5,2,1.6800000000000068,2.6494243810124773,55.080666666666666,May
2009-05-29,66.31,2009,5,2,1.2199999999999989,1.8743278537409758,55.62533333333333,May
2009-06-01,68.59,2009,6,2,2.280000000000001,3.4383954154727725,56.233,June
2009-06-02,68.58,2009,6,2,-0.010000000000005116,-0.014579384749968671,56.99166666666667,June
2009-06-03,66.14,2009,6,2,-2.4399999999999977,-3.557888597258674,57.641333333333336,June
2009-06-04,68.8,2009,6,2,2.6599999999999966,4.0217719987904355,58.35433333333334,June
2009-06-05,68.43,2009,6,2,-0.36999999999999034,-0.5377906976744007,59.02,June
2009-06-08,68.05,2009,6,2,-0.38000000000000966,-0.5553119976618559,59.6,June
2009-06-09,70.02,2009,6,2,1.9699999999999989,2.8949301983835385,60.291000000000004,June
2009-06-10,71.38,2009,6,2,1.3599999999999994,1.942302199371615,61.03666666666666,June
2009-06-11,72.69,2009,6,2,1.3100000000000023,1.8352479686186696,61.78666666666666,June
2009-06-12,72.13,2009,6,2,-0.5600000000000023,-0.7703948273490191,62.51266666666667,June
2009-06-15,70.54,2009,6,2,-1.5899999999999892,-2.2043532510744313,63.12466666666667,June
2009-06-16,70.47,2009,6,2,-0.07000000000000739,-0.09923447689255127,63.65866666666667,June
2009-06-17,71.07,2009,6,2,0.5999999999999943,0.8514261387824629,64.234,June
2009-06-18,71.42,2009,6,2,0.3500000000000085,0.4924722104967083,64.73833333333333,June
2009-06-19,69.6,2009,6,2,-1.8200000000000074,-2.5483057966956157,65.16933333333333,June
2009-06-22,67.09,2009,6,2,-2.509999999999991,-3.606321839080451,65.453,June
2009-06-23,68.81,2009,6,2,1.7199999999999989,2.563720375614853,65.82033333333334,June
2009-06-24,68.14,2009,6,2,-0.6700000000000017,-0.9736956837668953,66.13133333333333,June
2009-06-25,69.7,2009,6,2,1.5600000000000023,2.2894041678896526,66.52133333333333,June
2009-06-26,69.16,2009,6,2,-0.5400000000000063,-0.7747489239598337,66.874,June
2009-06-29,71.47,2009,6,2,2.3100000000000023,3.34008097165992,67.37233333333333,June
2009-06-30,69.82,2009,6,2,-1.6500000000000057,-2.3086609766335586,67.73333333333333,June
2009-07-01,69.32,2009,7,3,-0.5,-0.7161271841879091,68.06,July
2009-07-02,66.68,2009,7,3,-2.6399999999999864,-3.808424697057111,68.23433333333334,July
2009-07-06,64.06,2009,7,3,-2.6200000000000045,-3.92921415716857,68.35333333333332,July
2009-07-07,62.88,2009,7,3,-1.1799999999999997,-1.8420231033406176,68.411,July
2009-07-08,60.15,2009,7,3,-2.730000000000004,-4.341603053435117,68.33333333333333,July
2009-07-09,60.36,2009,7,3,0.21000000000000085,0.3491271820448949,68.23166666666665,July
2009-07-10,59.93,2009,7,3,-0.4299999999999997,-0.7123923127899223,68.05966666666667,July
2009-07-13,59.69,2009,7,3,-0.240000000000002,-0.40046721174704647,67.839,July
2009-07-14,59.62,2009,7,3,-0.07000000000000028,-0.11727257497068377,67.53999999999999,July
2009-07-15,61.49,2009,7,3,1.8700000000000045,3.136531365313666,67.30366666666666,July
2009-07-16,62.07,2009,7,3,0.5799999999999983,0.9432428037079221,67.16799999999999,July
2009-07-17,63.56,2009,7,3,1.490000000000002,2.4005155469631,66.99333333333333,July
2009-07-20,63.93,2009,7,3,0.36999999999999744,0.5821271239773385,66.84333333333333,July
2009-07-21,64.81,2009,7,3,0.8800000000000026,1.3765055529485482,66.73533333333333,July
2009-07-22,64.58,2009,7,3,-0.23000000000000398,-0.35488350563185334,66.554,July
2009-07-23,66.1,2009,7,3,1.519999999999996,2.353669866831831,66.378,July
2009-07-24,66.96,2009,7,3,0.8599999999999994,1.3010590015128498,66.187,July
2009-07-27,68.34,2009,7,3,1.3800000000000097,2.0609318996415826,66.06066666666666,July
2009-07-28,67.24,2009,7,3,-1.1000000000000085,-1.6095990635060065,65.95066666666666,July
2009-07-29,63.42,2009,7,3,-3.819999999999993,-5.681142177275422,65.71566666666666,July
2009-07-30,66.9,2009,7,3,3.480000000000004,5.487228003784295,65.57666666666667,July
2009-07-31,69.26,2009,7,3,2.3599999999999994,3.527653213751858,65.50466666666667,July
2009-08-03,71.59,2009,8,3,2.3299999999999983,3.3641351429396504,65.571,August
2009-08-04,71.4,2009,8,3,-0.18999999999999773,-0.26540019555804095,65.71466666666667,August
2009-08-05,71.97,2009,8,3,0.5699999999999932,0.7983193277310896,65.82,August
2009-08-06,71.96,2009,8,3,-0.010000000000005116,-0.013894678338199906,65.94733333333333,August
2009-08-07,70.97,2009,8,3,-0.9899999999999949,-1.3757643135074993,65.98966666666666,August
2009-08-10,70.59,2009,8,3,-0.37999999999999545,-0.5354375088065355,66.03733333333334,August
2009-08-11,69.46,2009,8,3,-1.1300000000000097,-1.6007933135005148,65.97033333333334,August
2009-08-12,70.08,2009,8,3,0.6200000000000045,0.8926000575871118,65.979,August
2009-08-13,70.57,2009,8,3,0.4899999999999949,0.6992009132420041,66.02066666666666,August
2009-08-14,67.51,2009,8,3,-3.059999999999988,-4.336120164375778,66.04833333333333,August
2009-08-17,66.72,2009,8,3,-0.7900000000000063,-1.170197007850693,66.137,August
2009-08-18,69.22,2009,8,3,2.5,3.747002398081545,66.34833333333333,August
2009-08-19,72.54,2009,8,3,3.3200000000000074,4.7963016469228625,66.76133333333333,August
2009-08-20,72.4,2009,8,3,-0.14000000000000057,-0.1929969671905174,67.16266666666667,August
2009-08-21,73.12,2009,8,3,0.7199999999999989,0.9944751381215422,67.60233333333333,August
2009-08-24,73.68,2009,8,3,0.5600000000000023,0.7658643326039494,68.06866666666666,August
2009-08-25,71.6,2009,8,3,-2.0800000000000125,-2.8230184581976236,68.468,August
2009-08-26,71.38,2009,8,3,-0.21999999999999886,-0.3072625698324005,68.79766666666667,August
2009-08-27,72.49,2009,8,3,1.1099999999999994,1.5550574390585492,69.145,August
2009-08-28,72.72,2009,8,3,0.23000000000000398,0.3172851427783119,69.45033333333332,August
2009-08-31,69.97,2009,8,3,-2.75,-3.781628162816286,69.65166666666666,August
2009-09-01,68.11,2009,9,3,-1.8599999999999994,-2.6582821209089613,69.76166666666667,September
2009-09-02,68.03,2009,9,3,-0.0799999999999983,-0.1174570547643472,69.87666666666668,September
2009-09-03,67.9,2009,9,3,-0.12999999999999545,-0.1910921652212183,69.93666666666667,September
2009-09-04,67.95,2009,9,3,0.04999999999999716,0.07363770250368162,69.96966666666667,September
2009-09-08,71.08,2009,9,3,3.1299999999999955,4.606328182487118,70.06099999999999,September
2009-09-09,71.27,2009,9,3,0.18999999999999773,0.26730444569498246,70.19533333333334,September
2009-09-10,71.95,2009,9,3,0.6800000000000068,0.9541181422758616,70.47966666666667,September
2009-09-11,69.34,2009,9,3,-2.6099999999999994,-3.6275191104933935,70.56099999999999,September
2009-09-14,68.86,2009,9,3,-0.480000000000004,-0.6922411306605203,70.54766666666666,September
2009-09-15,70.81,2009,9,3,1.9500000000000028,2.831832704037174,70.52166666666668,September
2009-09-16,72.5,2009,9,3,1.6899999999999977,2.38666854963987,70.55833333333334,September
2009-09-17,72.48,2009,9,3,-0.01999999999999602,-0.027586206896546006,70.57533333333335,September
2009-09-18,71.95,2009,9,3,-0.5300000000000011,-0.7312362030905128,70.575,September
2009-09-21,69.74,2009,9,3,-2.210000000000008,-3.071577484364152,70.534,September
2009-09-22,71.5,2009,9,3,1.7600000000000051,2.5236593059936974,70.56433333333332,September
2009-09-23,68.74,2009,9,3,-2.760000000000005,-3.860139860139866,70.54033333333334,September
2009-09-24,65.74,2009,9,3,-3.0,-4.364271166715161,70.39566666666666,September
2009-09-25,65.91,2009,9,3,0.1700000000000017,0.25859446303619915,70.24033333333334,September
2009-09-28,66.69,2009,9,3,0.7800000000000011,1.183431952662728,70.21300000000001,September
2009-09-29,66.56,2009,9,3,-0.12999999999999545,-0.19493177387913674,70.20766666666667,September
2009-09-30,70.46,2009,9,3,3.8999999999999915,5.859374999999978,70.24900000000001,September
2009-10-01,70.67,2009,10,4,0.21000000000000796,0.29804144195288984,70.18666666666667,October
2009-10-02,69.8,2009,10,4,-0.8700000000000045,-1.2310740059431224,70.1,October
2009-10-05,70.26,2009,10,4,0.46000000000000796,0.659025787965617,70.00466666666668,October
2009-10-06,70.71,2009,10,4,0.44999999999998863,0.6404782237403817,69.90566666666668,October
2009-10-07,69.6,2009,10,4,-1.1099999999999994,-1.5697921086126443,69.839,October
2009-10-08,71.69,2009,10,4,2.0900000000000034,3.0028735632184,69.84933333333333,October
2009-10-09,71.75,2009,10,4,0.060000000000002274,0.08369368112708386,69.82466666666666,October
2009-10-12,73.24,2009,10,4,1.4899999999999949,2.0766550522647975,69.842,October
2009-10-13,74.1,2009,10,4,0.8599999999999994,1.174221736755876,69.97966666666666,October
2009-10-14,75.2,2009,10,4,1.1000000000000085,1.4844804318488558,70.216,October
2009-10-15,77.55,2009,10,4,2.3499999999999943,3.125,70.53333333333333,October
2009-10-16,78.54,2009,10,4,0.9900000000000091,1.276595744680864,70.88799999999999,October
2009-10-19,79.47,2009,10,4,0.9299999999999926,1.184110007639405,71.272,October
2009-10-20,78.87,2009,10,4,-0.5999999999999943,-0.7550018875047138,71.53166666666667,October
2009-10-21,81.03,2009,10,4,2.1599999999999966,2.7386839102320204,71.85699999999999,October
2009-10-22,80.82,2009,10,4,-0.21000000000000796,-0.25916327286191754,72.15266666666666,October
2009-10-23,80.11,2009,10,4,-0.7099999999999937,-0.8784954219252628,72.51166666666667,October
2009-10-26,78.61,2009,10,4,-1.5,-1.8724254150543018,72.83666666666667,October
2009-10-27,79.45,2009,10,4,0.8400000000000034,1.0685663401602818,73.12466666666666,October
2009-10-28,77.39,2009,10,4,-2.0600000000000023,-2.5928256765261226,73.28766666666665,October
2009-10-29,79.84,2009,10,4,2.450000000000003,3.1657836929835925,73.53299999999999,October
2009-10-30,77.04,2009,10,4,-2.799999999999997,-3.50701402805611,73.70266666666666,October
2009-11-02,78.08,2009,11,4,1.039999999999992,1.349948078920038,73.98066666666666,November
2009-11-03,79.58,2009,11,4,1.5,1.9211065573770503,74.25,November
2009-11-04,80.3,2009,11,4,0.7199999999999989,0.9047499371701351,74.63533333333334,November
2009-11-05,79.64,2009,11,4,-0.6599999999999966,-0.8219178082191747,75.09866666666667,November
2009-11-06,77.4,2009,11,4,-2.239999999999995,-2.812656956303361,75.48166666666665,November
2009-11-09,79.44,2009,11,4,2.039999999999992,2.635658914728678,75.90666666666668,November
2009-11-10,79.01,2009,11,4,-0.4299999999999926,-0.5412890231621281,76.32166666666666,November
2009-11-11,79.16,2009,11,4,0.14999999999999147,0.189849386153651,76.61166666666666,November
2009-11-12,77.25,2009,11,4,-1.9099999999999966,-2.412834765032845,76.831,November
2009-11-13,76.34,2009,11,4,-0.9099999999999966,-1.177993527508081,77.04899999999999,November
2009-11-16,78.91,2009,11,4,2.569999999999993,3.3665182080167666,77.33733333333335,November
2009-11-17,79.08,2009,11,4,0.1700000000000017,0.21543530604486438,77.61633333333334,November
2009-11-18,79.55,2009,11,4,0.46999999999999886,0.5943348507840174,77.948,November
2009-11-19,77.47,2009,11,4,-2.0799999999999983,-2.6147077309867983,78.14066666666668,November
2009-11-20,76.83,2009,11,4,-0.6400000000000006,-0.8261262424164251,78.31,November
2009-11-23,76.49,2009,11,4,-0.3400000000000034,-0.44253546791618303,78.41833333333334,November
2009-11-24,74.88,2009,11,4,-1.6099999999999994,-2.1048503072297,78.44433333333333,November
2009-11-25,77.25,2009,11,4,2.3700000000000045,3.165064102564119,78.51266666666666,November
2009-11-27,75.95,2009,11,4,-1.2999999999999972,-1.6828478964401206,78.45933333333333,November
2009-11-30,77.19,2009,11,4,1.2399999999999949,1.6326530612244872,78.41433333333335,November
2009-12-01,78.39,2009,12,4,1.2000000000000028,1.5546055188496055,78.37833333333333,December
2009-12-02,76.62,2009,12,4,-1.769999999999996,-2.2579410639112063,78.30333333333333,December
2009-12-03,76.42,2009,12,4,-0.20000000000000284,-0.2610284521012862,78.14966666666668,December
2009-12-04,75.41,2009,12,4,-1.0100000000000051,-1.3216435488092149,77.96933333333332,December
2009-12-07,73.89,2009,12,4,-1.519999999999996,-2.0156477920700078,77.762,December
2009-12-08,72.59,2009,12,4,-1.2999999999999972,-1.7593720395182033,77.56133333333332,December
2009-12-09,70.67,2009,12,4,-1.9200000000000017,-2.6449924231987887,77.26866666666666,December
2009-12-10,70.54,2009,12,4,-0.12999999999999545,-0.1839535870949427,77.04033333333334,December
2009-12-11,69.86,2009,12,4,-0.6800000000000068,-0.9639920612418584,76.70766666666667,December
2009-12-14,69.48,2009,12,4,-0.37999999999999545,-0.5439450329229878,76.45566666666667,December
2009-12-15,70.62,2009,12,4,1.1400000000000006,1.6407599309153698,76.20700000000001,December
2009-12-16,72.64,2009,12,4,2.019999999999996,2.860379495893506,75.97566666666667,December
2009-12-17,72.58,2009,12,4,-0.060000000000002274,-0.08259911894273886,75.71833333333333,December
2009-12-18,73.3,2009,12,4,0.7199999999999989,0.9920088178561492,75.507,December
2009-12-21,72.71,2009,12,4,-0.5900000000000034,-0.8049113233287941,75.35066666666667,December
2009-12-22,73.48,2009,12,4,0.7700000000000102,1.0590015128593144,75.152,December
2009-12-23,76.03,2009,12,4,2.549999999999997,3.4703320631464196,75.05266666666668,December
2009-12-24,76.83,2009,12,4,0.7999999999999972,1.0522162304353433,74.975,December
2009-12-28,78.67,2009,12,4,1.8400000000000034,2.3948978263699017,75.02233333333334,December
2009-12-29,78.87,2009,12,4,0.20000000000000284,0.2542265158256063,75.10666666666667,December
2009-12-30,79.35,2009,12,4,0.47999999999998977,0.6085964244959996,75.12133333333333,December
2009-12-31,79.39,2009,12,4,0.04000000000000625,0.05040957781978772,75.13166666666666,December
2010-01-04,81.52,2010,1,1,2.1299999999999955,2.6829575513288795,75.19733333333333,January
2010-01-05,81.74,2010,1,1,0.21999999999999886,0.26987242394505007,75.33966666666667,January
2010-01-06,83.12,2010,1,1,1.3800000000000097,1.6882799119158465,75.54933333333334,January
2010-01-07,82.6,2010,1,1,-0.5200000000000102,-0.6256015399422665,75.75299999999999,January
2010-01-08,82.74,2010,1,1,0.14000000000000057,0.16949152542373724,76.01500000000001,January
2010-01-11,82.54,2010,1,1,-0.19999999999998863,-0.24172105390377618,76.19133333333335,January
2010-01-12,80.79,2010,1,1,-1.75,-2.120184153137872,76.35266666666666,January
2010-01-13,79.66,2010,1,1,-1.1300000000000097,-1.3986879564302668,76.43499999999999,January
2010-01-14,79.35,2010,1,1,-0.3100000000000023,-0.3891539040923986,76.467,January
2010-01-15,77.96,2010,1,1,-1.3900000000000006,-1.7517328292375511,76.51166666666667,January
2010-01-19,78.98,2010,1,1,1.0200000000000102,1.308363263211909,76.597,January
2010-01-20,77.42,2010,1,1,-1.5600000000000023,-1.975183590782481,76.664,January
2010-01-21,75.84,2010,1,1,-1.5799999999999983,-2.0408163265306145,76.729,January
2010-01-22,74.25,2010,1,1,-1.5900000000000034,-2.0965189873417778,76.78433333333334,January
2010-01-25,74.9,2010,1,1,0.6500000000000057,0.8754208754208737,76.92533333333334,January
2010-01-26,74.67,2010,1,1,-0.23000000000000398,-0.3070761014686285,77.063,January
2010-01-27,73.64,2010,1,1,-1.0300000000000011,-1.3794027052363766,77.18900000000001,January
2010-01-28,73.62,2010,1,1,-0.01999999999999602,-0.027159152634437245,77.327,January
2010-01-29,72.85,2010,1,1,-0.7700000000000102,-1.0459114371094924,77.40133333333333,January
2010-02-01,74.41,2010,2,1,1.5600000000000023,2.1413864104324,77.46033333333334,February
2010-02-02,77.21,2010,2,1,2.799999999999997,3.762935089369712,77.61466666666665,February
2010-02-03,76.96,2010,2,1,-0.25,-0.3237922548892658,77.73666666666666,February
2010-02-04,73.13,2010,2,1,-3.8299999999999983,-4.976611226611228,77.75066666666666,February
2010-02-05,71.15,2010,2,1,-1.9799999999999898,-2.7075071789962935,77.673,February
2010-02-08,71.87,2010,2,1,0.7199999999999989,1.0119465917076687,77.53433333333332,February
2010-02-09,73.71,2010,2,1,1.8399999999999892,2.5601780993460332,77.43033333333332,February
2010-02-10,74.48,2010,2,1,0.7700000000000102,1.0446343779677347,77.29066666666667,February
2010-02-11,75.23,2010,2,1,0.75,1.0069817400644387,77.16933333333333,February
2010-02-12,74.11,2010,2,1,-1.1200000000000045,-1.4887677788116505,76.99466666666667,February
2010-02-16,76.98,2010,2,1,2.8700000000000045,3.8726217784374573,76.91433333333335,February
2010-02-17,77.27,2010,2,1,0.28999999999999204,0.37672122629253124,76.77266666666668,February
2010-02-18,78.97,2010,2,1,1.7000000000000028,2.2000776497994146,76.68033333333332,February
2010-02-19,79.77,2010,2,1,0.7999999999999972,1.0130429276940633,76.56866666666666,February
2010-02-22,80.04,2010,2,1,0.27000000000001023,0.33847311019181703,76.48333333333333,February
2010-02-23,78.61,2010,2,1,-1.4300000000000068,-1.7866066966516825,76.34566666666666,February
2010-02-24,79.75,2010,2,1,1.1400000000000006,1.4501971759318222,76.25266666666667,February
2010-02-25,77.99,2010,2,1,-1.7600000000000051,-2.206896551724147,76.15933333333332,February
2010-02-26,79.72,2010,2,1,1.730000000000004,2.218233106808576,76.16133333333333,February
2010-03-01,78.71,2010,3,1,-1.0100000000000051,-1.2669342699448083,76.14000000000001,March
2010-03-02,79.62,2010,3,1,0.9100000000000108,1.1561428026934495,76.19533333333334,March
2010-03-03,80.91,2010,3,1,1.289999999999992,1.6201959306706648,76.25966666666666,March
2010-03-04,80.21,2010,3,1,-0.7000000000000028,-0.8651588184402481,76.35266666666666,March
2010-03-05,81.5,2010,3,1,1.2900000000000063,1.6082782695424624,76.54133333333333,March
2010-03-08,81.85,2010,3,1,0.3499999999999943,0.4294478527607337,76.79466666666666,March
2010-03-09,81.5,2010,3,1,-0.3499999999999943,-0.42761148442271857,77.01466666666666,March
2010-03-10,82.07,2010,3,1,0.5699999999999932,0.6993865030674673,77.26133333333334,March
2010-03-11,82.1,2010,3,1,0.030000000000001137,0.03655416108201415,77.54333333333332,March
2010-03-12,81.26,2010,3,1,-0.8399999999999892,-1.0231425091351887,77.798,March
2010-03-15,79.79,2010,3,1,-1.4699999999999989,-1.8090081220772825,78.02933333333334,March
2010-03-16,81.75,2010,3,1,1.9599999999999937,2.4564481764631996,78.27400000000002,March
2010-03-17,82.93,2010,3,1,1.1800000000000068,1.443425076452609,78.46466666666667,March
2010-03-18,82.16,2010,3,1,-0.7700000000000102,-0.9284939105269618,78.638,March
2010-03-19,80.58,2010,3,1,-1.5799999999999983,-1.9230769230769162,78.88633333333334,March
2010-03-22,81.26,2010,3,1,0.6800000000000068,0.8438818565400963,79.22333333333333,March
2010-03-23,81.68,2010,3,1,0.4200000000000017,0.5168594634506585,79.55033333333334,March
2010-03-24,80.29,2010,3,1,-1.3900000000000006,-1.7017629774730647,79.76966666666667,March
2010-03-25,80.25,2010,3,1,-0.04000000000000625,-0.04981940465812462,79.962,March
2010-03-26,79.75,2010,3,1,-0.5,-0.6230529595015577,80.11266666666667,March
2010-03-29,81.92,2010,3,1,2.1700000000000017,2.7210031347962405,80.373,March
2010-03-30,82.14,2010,3,1,0.21999999999999886,0.2685546875,80.545,March
2010-03-31,83.45,2010,3,1,1.3100000000000023,1.5948380813245677,80.75099999999999,March
2010-04-01,84.53,2010,4,2,1.0799999999999983,1.2941881366087538,80.93633333333334,April
2010-04-05,86.36,2010,4,2,1.8299999999999983,2.164911865609831,81.156,April
2010-04-06,86.54,2010,4,2,0.18000000000000682,0.20842982862436799,81.37266666666667,April
2010-04-07,85.64,2010,4,2,-0.9000000000000057,-1.0399815114398026,81.607,April
2010-04-08,85.17,2010,4,2,-0.46999999999999886,-0.5488089677720631,81.78766666666667,April
2010-04-09,84.6,2010,4,2,-0.5700000000000074,-0.6692497358224858,82.00800000000001,April
2010-04-12,84.07,2010,4,2,-0.5300000000000011,-0.6264775413711621,82.153,April
2010-04-13,83.8,2010,4,2,-0.269999999999996,-0.32116093731413553,82.32266666666666,April
2010-04-14,85.62,2010,4,2,1.8200000000000074,2.1718377088305596,82.52266666666667,April
2010-04-15,85.25,2010,4,2,-0.37000000000000455,-0.4321420228918571,82.66733333333333,April
2010-04-16,82.97,2010,4,2,-2.280000000000001,-2.6744868035190605,82.75933333333334,April
2010-04-19,81.52,2010,4,2,-1.4500000000000028,-1.7476196215499562,82.76,April
2010-04-20,82.98,2010,4,2,1.460000000000008,1.790971540726205,82.79766666666667,April
2010-04-21,82.78,2010,4,2,-0.20000000000000284,-0.24102193299591068,82.84033333333333,April
2010-04-22,82.89,2010,4,2,0.10999999999999943,0.13288233872916777,82.86766666666668,April
2010-04-23,84.34,2010,4,2,1.4500000000000028,1.7493063095668893,82.94233333333334,April
2010-04-26,84.2,2010,4,2,-0.14000000000000057,-0.16599478302110615,83.04033333333334,April
2010-04-27,82.43,2010,4,2,-1.769999999999996,-2.102137767220902,83.12833333333333,April
2010-04-28,83.22,2010,4,2,0.789999999999992,0.9583889360669451,83.17733333333334,April
2010-04-29,85.17,2010,4,2,1.9500000000000028,2.3431867339581913,83.252,April
2010-04-30,86.07,2010,4,2,0.8999999999999915,1.0567101091933706,83.38233333333332,April
2010-05-03,86.19,2010,5,2,0.12000000000000455,0.13942140118508028,83.56933333333333,May
2010-05-04,82.73,2010,5,2,-3.4599999999999937,-4.014386819816673,83.61833333333334,May
2010-05-05,80.0,2010,5,2,-2.730000000000004,-3.2998912123776147,83.56233333333333,May
2010-05-06,77.18,2010,5,2,-2.819999999999993,-3.5249999999999893,83.45866666666666,May
2010-05-07,75.1,2010,5,2,-2.0800000000000125,-2.694998704327567,83.28699999999999,May
2010-05-10,76.89,2010,5,2,1.7900000000000063,2.3834886817576617,83.19166666666666,May
2010-05-11,76.37,2010,5,2,-0.519999999999996,-0.6762908050461647,83.00666666666666,May
2010-05-12,75.65,2010,5,2,-0.7199999999999989,-0.9427785779756448,82.79033333333334,May
2010-05-13,74.38,2010,5,2,-1.2700000000000102,-1.6787838730998206,82.48800000000001,May
2010-05-14,71.61,2010,5,2,-2.769999999999996,-3.7241193869319678,82.05733333333333,May
2010-05-17,70.08,2010,5,2,-1.5300000000000011,-2.1365731043150427,81.51466666666666,May
2010-05-18,69.38,2010,5,2,-0.7000000000000028,-0.9988584474885931,80.94266666666665,May
2010-05-19,69.91,2010,5,2,0.5300000000000011,0.7639089074661376,80.41833333333332,May
2010-05-20,68.28,2010,5,2,-1.6299999999999955,-2.331569160349012,79.85533333333333,May
2010-05-21,68.03,2010,5,2,-0.25,-0.3661394258933748,79.30300000000001,May
2010-05-24,68.23,2010,5,2,0.20000000000000284,0.2939879464942008,78.775,May
2010-05-25,64.78,2010,5,2,-3.450000000000003,-5.056426791733848,78.141,May
2010-05-26,71.52,2010,5,2,6.739999999999995,10.404445816610064,77.671,May
2010-05-27,74.56,2010,5,2,3.0400000000000063,4.250559284116351,77.31466666666667,May
2010-05-28,74.0,2010,5,2,-0.5600000000000023,-0.7510729613733891,77.01566666666666,May
2010-06-01,72.7,2010,6,2,-1.2999999999999972,-1.75675675675675,76.72166666666666,June
2010-06-02,72.88,2010,6,2,0.1799999999999926,0.24759284731772357,76.38499999999999,June
2010-06-03,74.62,2010,6,2,1.740000000000009,2.38748627881451,76.11300000000001,June
2010-06-04,71.43,2010,6,2,-3.1899999999999977,-4.274993299383545,75.731,June
2010-06-07,71.55,2010,6,2,0.11999999999999034,0.16799664006719173,75.30466666666668,June
2010-06-08,71.88,2010,6,2,0.3299999999999983,0.4612159329140386,74.89399999999999,June
2010-06-09,74.38,2010,6,2,2.5,3.4780189204229206,74.62566666666666,June
2010-06-10,75.48,2010,6,2,1.1000000000000085,1.47889217531596,74.36766666666666,June
2010-06-11,73.89,2010,6,2,-1.5900000000000034,-2.1065182829888784,73.99166666666666,June
2010-06-14,74.99,2010,6,2,1.0999999999999943,1.4886994180538515,73.62233333333333,June
2010-06-15,76.84,2010,6,2,1.8500000000000085,2.4669955994132575,73.31066666666668,June
2010-06-16,77.67,2010,6,2,0.8299999999999983,1.0801665799063054,73.142,June
2010-06-17,76.82,2010,6,2,-0.8500000000000085,-1.0943736320329744,73.036,June
2010-06-18,77.18,2010,6,2,0.36000000000001364,0.4686279614683819,73.036,June
2010-06-21,77.84,2010,6,2,0.6599999999999966,0.8551438196423788,73.12733333333334,June
2010-06-22,77.15,2010,6,2,-0.6899999999999977,-0.8864337101747166,73.136,June
2010-06-23,75.9,2010,6,2,-1.25,-1.6202203499675938,73.12033333333333,June
2010-06-24,75.96,2010,6,2,0.05999999999998806,0.07905138339918683,73.13066666666667,June
2010-06-25,78.45,2010,6,2,2.490000000000009,3.278041074249627,73.26633333333332,June
2010-06-28,78.26,2010,6,2,-0.18999999999999773,-0.24219247928616294,73.48800000000001,June
2010-06-29,75.93,2010,6,2,-2.3299999999999983,-2.977255302836701,73.683,June
2010-06-30,75.59,2010,6,2,-0.3400000000000034,-0.44778085078361896,73.89000000000001,June
2010-07-01,72.95,2010,7,3,-2.6400000000000006,-3.492525466331531,73.99133333333334,July
2010-07-02,72.06,2010,7,3,-0.8900000000000006,-1.2200137080191964,74.11733333333333,July
2010-07-06,71.96,2010,7,3,-0.10000000000000853,-0.13877324451846418,74.24833333333332,July
2010-07-07,74.05,2010,7,3,2.0900000000000034,2.904391328515854,74.44233333333334,July
2010-07-08,75.46,2010,7,3,1.4099999999999966,1.9041188386225372,74.79833333333335,July
2010-07-09,76.08,2010,7,3,0.6200000000000045,0.8216273522396067,74.95033333333335,July
2010-07-12,74.93,2010,7,3,-1.1499999999999915,-1.5115667718191284,74.96266666666666,July
2010-07-13,77.16,2010,7,3,2.2299999999999898,2.976111036967821,75.068,July
2010-07-14,77.02,2010,7,3,-0.14000000000000057,-0.1814411612234279,75.21199999999999,July
2010-07-15,76.67,2010,7,3,-0.3499999999999943,-0.4544274214489663,75.33833333333334,July
2010-07-16,75.96,2010,7,3,-0.710000000000008,-0.9260466936220291,75.383,July
2010-07-19,76.53,2010,7,3,0.5700000000000074,0.750394944707744,75.55300000000001,July
2010-07-20,77.32,2010,7,3,0.789999999999992,1.0322749248660612,75.74533333333332,July
2010-07-21,76.27,2010,7,3,-1.0499999999999972,-1.357992757371962,75.89166666666667,July
2010-07-22,79.01,2010,7,3,2.740000000000009,3.592500327782888,76.046,July
2010-07-23,78.68,2010,7,3,-0.3299999999999983,-0.41766864953802774,76.15266666666666,July
2010-07-26,78.93,2010,7,3,0.25,0.31774275546516684,76.32066666666668,July
2010-07-27,77.46,2010,7,3,-1.470000000000013,-1.8624097301406461,76.403,July
2010-07-28,77.06,2010,7,3,-0.3999999999999915,-0.5163955589981839,76.41033333333333,July
2010-07-29,78.3,2010,7,3,1.2399999999999949,1.6091357383856586,76.43133333333334,July
2010-07-30,78.85,2010,7,3,0.5499999999999972,0.7024265644955285,76.49900000000001,July
2010-08-02,81.25,2010,8,3,2.4000000000000057,3.0437539632213184,76.63466666666666,August
2010-08-03,82.52,2010,8,3,1.269999999999996,1.5630769230769115,76.79066666666668,August
2010-08-04,82.49,2010,8,3,-0.030000000000001137,-0.03635482307319249,76.96866666666666,August
2010-08-05,82.0,2010,8,3,-0.4899999999999949,-0.5940113953206372,77.172,August
2010-08-06,80.67,2010,8,3,-1.3299999999999983,-1.6219512195121966,77.329,August
2010-08-09,81.46,2010,8,3,0.789999999999992,0.9792983761001572,77.42933333333333,August
2010-08-10,80.24,2010,8,3,-1.2199999999999989,-1.497667566904004,77.49533333333332,August
2010-08-11,78.09,2010,8,3,-2.1499999999999915,-2.6794616151545214,77.56733333333334,August
2010-08-12,75.68,2010,8,3,-2.4099999999999966,-3.086182609809185,77.57033333333332,August
2010-08-13,75.39,2010,8,3,-0.29000000000000625,-0.3831923890063482,77.65166666666667,August
2010-08-16,75.17,2010,8,3,-0.21999999999999886,-0.29181589070168545,77.75533333333333,August
2010-08-17,75.76,2010,8,3,0.5900000000000034,0.784887588133576,77.882,August
2010-08-18,75.39,2010,8,3,-0.37000000000000455,-0.4883843717001124,77.92666666666666,August
2010-08-19,74.45,2010,8,3,-0.9399999999999977,-1.2468497148162894,77.893,August
2010-08-20,73.45,2010,8,3,-1.0,-1.3431833445265329,77.80533333333332,August
2010-08-23,72.71,2010,8,3,-0.7400000000000091,-1.0074880871341119,77.73133333333334,August
2010-08-24,71.24,2010,8,3,-1.4699999999999989,-2.0217301609132154,77.534,August
2010-08-25,72.07,2010,8,3,0.8299999999999983,1.1650758001122918,77.369,August
2010-08-26,73.36,2010,8,3,1.2900000000000063,1.7899264603857379,77.25866666666667,August
2010-08-27,75.17,2010,8,3,1.8100000000000023,2.4672846237731694,77.23233333333334,August
2010-08-30,74.69,2010,8,3,-0.480000000000004,-0.6385526140747722,77.17099999999999,August
2010-08-31,71.93,2010,8,3,-2.759999999999991,-3.6952737983665718,76.99133333333334,August
2010-09-01,73.97,2010,9,3,2.039999999999992,2.836090643681355,76.91466666666666,September
2010-09-02,74.99,2010,9,3,1.019999999999996,1.3789374070569016,76.78066666666668,September
2010-09-03,74.52,2010,9,3,-0.46999999999999886,-0.6267502333644481,76.64200000000001,September
2010-09-07,73.98,2010,9,3,-0.539999999999992,-0.7246376811594124,76.477,September
2010-09-08,74.65,2010,9,3,0.6700000000000017,0.9056501757231716,76.38333333333334,September
2010-09-09,74.25,2010,9,3,-0.4000000000000057,-0.5358338914936422,76.28966666666666,September
2010-09-10,76.4,2010,9,3,2.1500000000000057,2.895622895622907,76.22633333333333,September
2010-09-13,77.17,2010,9,3,0.769999999999996,1.0078534031413566,76.17033333333332,September
2010-09-14,76.78,2010,9,3,-0.39000000000000057,-0.5053777374627422,76.02133333333333,September
2010-09-15,75.92,2010,9,3,-0.8599999999999994,-1.1200833550403688,75.80133333333333,September
2010-09-16,74.58,2010,9,3,-1.3400000000000034,-1.7650158061117027,75.53766666666667,September
2010-09-17,73.63,2010,9,3,-0.9500000000000028,-1.2737999463663274,75.25866666666667,September
2010-09-20,74.81,2010,9,3,1.1800000000000068,1.6026076327583905,75.06333333333333,September
2010-09-21,72.96,2010,9,3,-1.8500000000000085,-2.472931426279923,74.78,September
2010-09-22,72.98,2010,9,3,0.020000000000010232,0.02741228070177737,74.53800000000001,September
2010-09-23,73.4,2010,9,3,0.4200000000000017,0.5755001370238544,74.38166666666666,September
2010-09-24,74.63,2010,9,3,1.2299999999999898,1.6757493188010786,74.34666666666666,September
2010-09-27,76.51,2010,9,3,1.8800000000000097,2.519094198043703,74.384,September
2010-09-28,76.15,2010,9,3,-0.35999999999999943,-0.4705267285322168,74.41666666666667,September
2010-09-29,77.85,2010,9,3,1.6999999999999886,2.2324359816152217,74.48633333333333,September
2010-09-30,79.95,2010,9,3,2.1000000000000085,2.6974951830443183,74.63833333333334,September
2010-10-01,81.57,2010,10,4,1.6199999999999903,2.026266416510314,74.87566666666666,October
2010-10-04,81.43,2010,10,4,-0.13999999999998636,-0.1716317273507295,75.14166666666667,October
2010-10-05,82.83,2010,10,4,1.3999999999999915,1.719268083016079,75.479,October
2010-10-06,83.21,2010,10,4,0.37999999999999545,0.45877097669926314,75.878,October
2010-10-07,81.34,2010,10,4,-1.8699999999999903,-2.247326042542952,76.187,October
2010-10-08,82.66,2010,10,4,1.3199999999999932,1.6228178018195205,76.497,October
2010-10-11,82.18,2010,10,4,-0.47999999999998977,-0.5806919912896058,76.73066666666665,October
2010-10-12,81.67,2010,10,4,-0.5100000000000051,-0.6205889510829898,76.96333333333334,October
2010-10-13,83.03,2010,10,4,1.3599999999999994,1.665238153544757,77.33333333333333,October
2010-10-14,82.71,2010,10,4,-0.3200000000000074,-0.38540286643382604,77.62466666666667,October
2010-10-15,81.23,2010,10,4,-1.4799999999999898,-1.7893845967839273,77.83266666666667,October
2010-10-18,83.06,2010,10,4,1.8299999999999983,2.2528622430136647,78.11733333333333,October
2010-10-19,79.57,2010,10,4,-3.490000000000009,-4.201781844449803,78.30366666666666,October
2010-10-20,81.93,2010,10,4,2.3600000000000136,2.9659419379163277,78.54633333333332,October
2010-10-21,80.03,2010,10,4,-1.9000000000000057,-2.319052849993908,78.73899999999999,October
2010-10-22,81.15,2010,10,4,1.1200000000000045,1.3994751968012142,78.89733333333334,October
2010-10-25,82.0,2010,10,4,0.8499999999999943,1.0474430067775709,79.05833333333334,October
2010-10-26,82.6,2010,10,4,0.5999999999999943,0.7317073170731714,79.25233333333333,October
2010-10-27,81.9,2010,10,4,-0.6999999999999886,-0.8474576271186307,79.45166666666665,October
2010-10-28,82.2,2010,10,4,0.29999999999999716,0.366300366300365,79.70566666666667,October
2010-10-29,81.45,2010,10,4,-0.75,-0.9124087591240837,79.96633333333332,October
2010-11-01,82.94,2010,11,4,1.4899999999999949,1.8293431553100037,80.23733333333332,November
2010-11-02,83.91,2010,11,4,0.9699999999999989,1.1695201350373718,80.60233333333332,November
2010-11-03,84.45,2010,11,4,0.5400000000000063,0.6435466571326431,80.98466666666667,November
2010-11-04,86.49,2010,11,4,2.039999999999992,2.4156305506216613,81.421,November
2010-11-05,86.85,2010,11,4,0.35999999999999943,0.41623309053069324,81.82833333333333,November
2010-11-08,87.07,2010,11,4,0.21999999999999886,0.2533103051237662,82.18033333333332,November
2010-11-09,87.04,2010,11,4,-0.029999999999986926,-0.03445503617777179,82.54333333333334,November
2010-11-10,87.77,2010,11,4,0.7299999999999898,0.8386948529411686,82.874,November
2010-11-11,87.77,2010,11,4,0.0,0.0,83.13466666666666,November
2010-11-12,84.89,2010,11,4,-2.8799999999999955,-3.2813034066309643,83.24533333333332,November
2010-11-15,84.88,2010,11,4,-0.010000000000005116,-0.011779950524215543,83.36033333333333,November
2010-11-16,82.33,2010,11,4,-2.549999999999997,-3.0042412818096054,83.34366666666666,November
2010-11-17,80.43,2010,11,4,-1.8999999999999915,-2.3077857403133617,83.251,November
2010-11-18,81.88,2010,11,4,1.4499999999999886,1.802809896804658,83.26899999999999,November
2010-11-19,81.65,2010,11,4,-0.22999999999998977,-0.2808988764044784,83.23533333333333,November
2010-11-22,81.24,2010,11,4,-0.4100000000000108,-0.5021432945499171,83.20400000000001,November
2010-11-23,80.79,2010,11,4,-0.44999999999998863,-0.5539143279172709,83.17466666666668,November
2010-11-24,83.21,2010,11,4,2.4199999999999875,2.9954202252753914,83.18066666666667,November
2010-11-26,83.87,2010,11,4,0.6600000000000108,0.7931738973681268,83.21933333333332,November
2010-11-29,85.73,2010,11,4,1.8599999999999994,2.217717896744964,83.36933333333333,November
2010-11-30,84.12,2010,11,4,-1.6099999999999994,-1.8779890353435191,83.40466666666666,November
2010-12-01,86.75,2010,12,4,2.6299999999999955,3.1264859724203564,83.64399999999999,December
2010-12-02,87.98,2010,12,4,1.230000000000004,1.417867435158504,83.84566666666666,December
2010-12-03,89.18,2010,12,4,1.2000000000000028,1.3639463514435235,84.15066666666668,December
2010-12-06,89.33,2010,12,4,0.14999999999999147,0.16819914779098166,84.42333333333335,December
2010-12-07,88.69,2010,12,4,-0.6400000000000006,-0.7164446434568483,84.64633333333335,December
2010-12-08,88.3,2010,12,4,-0.39000000000000057,-0.43973390461157225,84.83633333333334,December
2010-12-09,88.35,2010,12,4,0.04999999999999716,0.05662514156286047,85.05133333333333,December
2010-12-10,87.81,2010,12,4,-0.539999999999992,-0.6112054329371674,85.23833333333332,December
2010-12-13,88.62,2010,12,4,0.8100000000000023,0.9224461906388814,85.47733333333333,December
2010-12-14,88.33,2010,12,4,-0.29000000000000625,-0.3272399006996274,85.657,December
2010-12-15,88.66,2010,12,4,0.3299999999999983,0.37359900373599153,85.81533333333333,December
2010-12-16,87.71,2010,12,4,-0.9500000000000028,-1.0715091360252726,85.92399999999999,December
2010-12-17,88.02,2010,12,4,0.3100000000000023,0.35343746437122014,85.975,December
2010-12-20,88.68,2010,12,4,0.6600000000000108,0.7498295841854352,86.036,December
2010-12-21,89.3,2010,12,4,0.6199999999999903,0.6991429860171205,86.11033333333333,December
2010-12-22,89.83,2010,12,4,0.5300000000000011,0.5935050391937313,86.20333333333333,December
2010-12-23,90.84,2010,12,4,1.0100000000000051,1.1243459868640837,86.30566666666667,December
2010-12-27,90.99,2010,12,4,0.14999999999999147,0.16512549537648358,86.413,December
2010-12-28,91.48,2010,12,4,0.4900000000000091,0.538520716562263,86.63266666666667,December
2010-12-29,91.13,2010,12,4,-0.3500000000000085,-0.38259728902493295,86.841,December
2010-12-30,89.85,2010,12,4,-1.2800000000000011,-1.4045868539449113,87.09166666666667,December
2010-12-31,91.38,2010,12,4,1.5300000000000011,1.7028380634390716,87.45666666666666,December
2011-01-03,91.59,2011,1,1,0.21000000000000796,0.22980958634275517,87.78033333333335,January
2011-01-04,89.39,2011,1,1,-2.200000000000003,-2.4020089529424693,88.03833333333334,January
2011-01-05,90.3,2011,1,1,0.9099999999999966,1.0180109631949819,88.34033333333333,January
2011-01-06,88.37,2011,1,1,-1.9299999999999926,-2.1373200442967755,88.593,January
2011-01-07,88.07,2011,1,1,-0.30000000000001137,-0.33948172456716996,88.75499999999998,January
2011-01-10,89.24,2011,1,1,1.1700000000000017,1.3284887021687286,88.934,January
2011-01-11,91.11,2011,1,1,1.8700000000000045,2.0954728821156454,89.11333333333333,January
2011-01-12,91.85,2011,1,1,0.7399999999999949,0.8122050268905667,89.37100000000001,January
2011-01-13,91.39,2011,1,1,-0.45999999999999375,-0.5008165487207283,89.52566666666667,January
2011-01-14,91.53,2011,1,1,0.14000000000000057,0.15318962687382864,89.644,January
2011-01-18,91.38,2011,1,1,-0.15000000000000568,-0.16388069485415713,89.71733333333333,January
2011-01-19,90.85,2011,1,1,-0.5300000000000011,-0.5799956226745451,89.768,January
2011-01-20,88.56,2011,1,1,-2.289999999999992,-2.5206384149697225,89.76366666666667,January
2011-01-21,88.22,2011,1,1,-0.3400000000000034,-0.38392050587172655,89.761,January
2011-01-24,86.74,2011,1,1,-1.480000000000004,-1.6776241215143983,89.70733333333334,January
2011-01-25,85.08,2011,1,1,-1.6599999999999966,-1.9137652755360834,89.61633333333334,January
2011-01-26,86.15,2011,1,1,1.0700000000000074,1.257639868359206,89.534,January
2011-01-27,84.45,2011,1,1,-1.7000000000000028,-1.9733023795705185,89.40466666666666,January
2011-01-28,88.15,2011,1,1,3.700000000000003,4.3812907045589045,89.38766666666668,January
2011-01-31,90.99,2011,1,1,2.839999999999989,3.2217810550198456,89.497,January
2011-02-01,89.54,2011,2,1,-1.4499999999999886,-1.5935817122760598,89.54766666666666,February
2011-02-02,89.78,2011,2,1,0.23999999999999488,0.2680366316729854,89.58433333333333,February
2011-02-03,89.42,2011,2,1,-0.35999999999999943,-0.4009801737580698,89.58833333333334,February
2011-02-04,87.87,2011,2,1,-1.5499999999999972,-1.7333929769626444,89.523,February
2011-02-07,86.3,2011,2,1,-1.5700000000000074,-1.7867303971776605,89.37166666666667,February
2011-02-08,85.85,2011,2,1,-0.45000000000000284,-0.5214368482039378,89.20033333333335,February
2011-02-09,85.59,2011,2,1,-0.2599999999999909,-0.3028538147932358,89.004,February
2011-02-10,85.44,2011,2,1,-0.15000000000000568,-0.1752541184717904,88.81433333333332,February
2011-02-11,84.39,2011,2,1,-1.0499999999999972,-1.2289325842696597,88.63233333333334,February
2011-02-14,83.66,2011,2,1,-0.730000000000004,-0.8650314018248673,88.375,February
2011-02-15,83.13,2011,2,1,-0.5300000000000011,-0.6335166148697113,88.093,February
2011-02-16,83.8,2011,2,1,0.6700000000000017,0.8059665584025044,87.90666666666667,February
2011-02-17,85.05,2011,2,1,1.25,1.4916467780429654,87.73166666666665,February
2011-02-18,85.03,2011,2,1,-0.01999999999999602,-0.023515579071131665,87.62033333333332,February
2011-02-22,92.65,2011,2,1,7.6200000000000045,8.961542984828895,87.773,February
2011-02-23,96.04,2011,2,1,3.3900000000000006,3.6589314624932534,87.99966666666666,February
2011-02-24,95.83,2011,2,1,-0.21000000000000796,-0.21865889212828726,88.157,February
2011-02-25,96.52,2011,2,1,0.6899999999999977,0.7200250443493594,88.31266666666667,February
2011-02-28,97.1,2011,2,1,0.5799999999999983,0.6009117281392529,88.503,February
2011-03-01,99.63,2011,3,1,2.530000000000001,2.6055612770339964,88.773,March
2011-03-02,102.27,2011,3,1,2.6400000000000006,2.649804275820533,89.13600000000001,March
2011-03-03,101.92,2011,3,1,-0.3499999999999943,-0.3422313483915085,89.50499999999998,March
2011-03-04,104.34,2011,3,1,2.4200000000000017,2.3744113029827263,90.03099999999999,March
2011-03-07,105.37,2011,3,1,1.0300000000000011,0.9871573701361047,90.60266666666666,March
2011-03-08,105.06,2011,3,1,-0.3100000000000023,-0.29420138559362874,91.21333333333332,March
2011-03-09,104.39,2011,3,1,-0.6700000000000017,-0.6377308204835397,91.857,March
2011-03-10,102.73,2011,3,1,-1.6599999999999966,-1.5901906312865144,92.40966666666667,March
2011-03-11,101.14,2011,3,1,-1.5900000000000034,-1.547746520003901,92.966,March
2011-03-14,101.2,2011,3,1,0.060000000000002274,0.059323709709313555,93.401,March
2011-03-15,97.23,2011,3,1,-3.969999999999999,-3.9229249011857648,93.609,March
2011-03-16,97.99,2011,3,1,0.7599999999999909,0.7816517535739864,93.89066666666668,March
2011-03-17,101.47,2011,3,1,3.480000000000004,3.551382794162672,94.28033333333333,March
2011-03-18,101.06,2011,3,1,-0.4099999999999966,-0.40406031339311754,94.66833333333332,March
2011-03-21,102.36,2011,3,1,1.2999999999999972,1.28636453591926,95.15133333333333,March
2011-03-22,104.53,2011,3,1,2.1700000000000017,2.1199687377881915,95.759,March
2011-03-23,105.21,2011,3,1,0.6799999999999926,0.6505309480531851,96.40433333333334,March
2011-03-24,105.04,2011,3,1,-0.1699999999999875,-0.1615815987073388,97.05266666666667,March
2011-03-25,104.89,2011,3,1,-0.15000000000000568,-0.14280274181265318,97.70100000000001,March
2011-03-28,103.54,2011,3,1,-1.3499999999999943,-1.2870626370483307,98.33933333333333,March
2011-03-29,104.34,2011,3,1,0.7999999999999972,0.7726482518833233,99.02866666666667,March
2011-03-30,103.8,2011,3,1,-0.5400000000000063,-0.5175388154111671,99.71766666666666,March
2011-03-31,106.19,2011,3,1,2.3900000000000006,2.302504816955686,100.464,March
2011-04-01,107.55,2011,4,2,1.3599999999999994,1.2807232319427486,101.214,April
2011-04-04,108.14,2011,4,2,0.5900000000000034,0.5485820548582154,101.98433333333334,April
2011-04-05,107.82,2011,4,2,-0.3200000000000074,-0.2959127057518107,102.49000000000001,April
2011-04-06,108.38,2011,4,2,0.5600000000000023,0.5193841587831649,102.90133333333333,April
2011-04-07,109.82,2011,4,2,1.4399999999999977,1.328658424063489,103.36766666666666,April
2011-04-08,112.27,2011,4,2,2.450000000000003,2.230923329083967,103.89266666666666,April
2011-04-11,109.5,2011,4,2,-2.769999999999996,-2.467266411329827,104.306,April
2011-04-12,105.75,2011,4,2,-3.75,-3.424657534246578,104.50999999999999,April
2011-04-13,106.6,2011,4,2,0.8499999999999943,0.8037825059101555,104.65433333333333,April
2011-04-14,107.73,2011,4,2,1.1300000000000097,1.060037523452162,104.848,April
2011-04-15,109.17,2011,4,2,1.4399999999999977,1.3366750208855471,105.009,April
2011-04-18,106.7,2011,4,2,-2.469999999999999,-2.2625263350737335,105.05333333333334,April
2011-04-19,107.18,2011,4,2,0.480000000000004,0.4498594189315863,105.12400000000001,April
2011-04-20,110.84,2011,4,2,3.6599999999999966,3.4148161970516844,105.339,April
2011-04-21,111.72,2011,4,2,0.8799999999999955,0.7939372067845563,105.63866666666667,April
2011-04-25,111.68,2011,4,2,-0.03999999999999204,-0.03580379520228272,105.99,April
2011-04-26,111.72,2011,4,2,0.03999999999999204,0.03581661891116639,106.34066666666668,April
2011-04-27,112.31,2011,4,2,0.5900000000000034,0.5281059792338061,106.84333333333333,April
2011-04-28,112.38,2011,4,2,0.06999999999999318,0.062327486421498435,107.32300000000001,April
2011-04-29,113.39,2011,4,2,1.0100000000000051,0.8987364299697598,107.72033333333334,April
2011-05-02,113.03,2011,5,2,-0.35999999999999943,-0.3174883146661922,108.11933333333334,May
2011-05-03,110.6,2011,5,2,-2.430000000000007,-2.1498717154737723,108.394,May
2011-05-04,108.79,2011,5,2,-1.809999999999988,-1.636528028933082,108.536,May
2011-05-05,99.89,2011,5,2,-8.900000000000006,-8.180898979685637,108.35866666666666,May
2011-05-06,96.87,2011,5,2,-3.019999999999996,-3.023325658224041,108.08633333333333,May
2011-05-09,100.32,2011,5,2,3.4499999999999886,3.5614741406007955,107.934,May
2011-05-10,103.39,2011,5,2,3.0700000000000074,3.060207336523124,107.929,May
2011-05-11,97.88,2011,5,2,-5.510000000000005,-5.329335525679468,107.71366666666667,May
2011-05-12,98.53,2011,5,2,0.6500000000000057,0.6640784634246,107.53800000000001,May
2011-05-13,99.21,2011,5,2,0.6799999999999926,0.6901451334618836,107.30533333333332,May
2011-05-16,96.91,2011,5,2,-2.299999999999997,-2.3183146860195514,106.95066666666666,May
2011-05-17,96.4,2011,5,2,-0.5099999999999909,-0.5262614797234444,106.55933333333334,May
2011-05-18,99.52,2011,5,2,3.1199999999999903,3.2365145228215653,106.28266666666667,May
2011-05-19,97.99,2011,5,2,-1.5300000000000011,-1.5373794212218628,105.93633333333334,May
2011-05-20,99.15,2011,5,2,1.1600000000000108,1.1837942647209054,105.58066666666667,May
2011-05-23,97.06,2011,5,2,-2.0900000000000034,-2.1079172970247084,105.07366666666667,May
2011-05-24,99.13,2011,5,2,2.069999999999993,2.132701421800931,104.72800000000001,May
2011-05-25,100.78,2011,5,2,1.6500000000000057,1.6644809845657305,104.56233333333333,May
2011-05-26,100.18,2011,5,2,-0.5999999999999943,-0.5953562214725094,104.34833333333334,May
2011-05-27,100.58,2011,5,2,0.3999999999999915,0.3992812936713719,104.11,May
2011-05-31,102.7,2011,5,2,2.1200000000000045,2.1077749055478323,103.89433333333334,May
2011-06-01,100.3,2011,6,2,-2.4000000000000057,-2.3369036027263923,103.681,June
2011-06-02,100.41,2011,6,2,0.10999999999999943,0.10967098703889011,103.45533333333333,June
2011-06-03,100.28,2011,6,2,-0.12999999999999545,-0.12946917637685074,103.10333333333332,June
2011-06-06,99.07,2011,6,2,-1.210000000000008,-1.2066214599122493,102.68166666666666,June
2011-06-07,99.18,2011,6,2,0.11000000000001364,0.11103260320985964,102.26500000000001,June
2011-06-08,100.77,2011,6,2,1.5899999999999892,1.6031457955232753,101.9,June
2011-06-09,101.95,2011,6,2,1.1800000000000068,1.1709834276074194,101.55466666666666,June
2011-06-10,99.3,2011,6,2,-2.6500000000000057,-2.5993133889161357,101.11866666666667,June
2011-06-13,97.2,2011,6,2,-2.0999999999999943,-2.114803625377637,100.579,June
2011-06-14,99.37,2011,6,2,2.1700000000000017,2.2325102880658365,100.12366666666665,June
2011-06-15,94.83,2011,6,2,-4.540000000000006,-4.568783335010574,99.598,June
2011-06-16,94.95,2011,6,2,0.12000000000000455,0.12654223347041693,99.13666666666667,June
2011-06-17,93.02,2011,6,2,-1.9300000000000068,-2.0326487625065948,98.90766666666667,June
2011-06-20,93.23,2011,6,2,0.21000000000000796,0.22575790152656872,98.78633333333333,June
2011-06-21,93.7,2011,6,2,0.46999999999999886,0.5041295720261685,98.56566666666666,June
2011-06-22,94.96,2011,6,2,1.259999999999991,1.3447171824973125,98.28466666666667,June
2011-06-23,90.7,2011,6,2,-4.259999999999991,-4.486099410277999,98.04533333333333,June
2011-06-24,90.89,2011,6,2,0.18999999999999773,0.20948180815876238,97.79066666666667,June
2011-06-27,90.65,2011,6,2,-0.23999999999999488,-0.2640554516448401,97.50533333333334,June
2011-06-28,92.9,2011,6,2,2.25,2.4820739106453438,97.37166666666667,June
2011-06-29,94.85,2011,6,2,1.9499999999999886,2.0990312163616576,97.32,June
2011-06-30,95.3,2011,6,2,0.45000000000000284,0.4744333157617353,97.17933333333332,June
2011-07-01,94.81,2011,7,3,-0.4899999999999949,-0.514165792235044,97.07333333333334,July
2011-07-05,96.92,2011,7,3,2.1099999999999994,2.225503638856652,96.999,July
2011-07-06,96.67,2011,7,3,-0.25,-0.257944696657042,96.986,July
2011-07-07,98.7,2011,7,3,2.030000000000001,2.0999275887038316,96.97166666666666,July
2011-07-08,96.2,2011,7,3,-2.5,-2.532928064842954,96.819,July
2011-07-11,95.16,2011,7,3,-1.0400000000000063,-1.0810810810810922,96.65166666666666,July
2011-07-12,97.41,2011,7,3,2.25,2.3644388398486704,96.546,July
2011-07-13,98.04,2011,7,3,0.6300000000000097,0.6467508469356398,96.39066666666668,July
2011-07-14,95.75,2011,7,3,-2.2900000000000063,-2.3357813137494965,96.239,July
2011-07-15,97.24,2011,7,3,1.4899999999999949,1.5561357702349898,96.13333333333334,July
2011-07-18,95.94,2011,7,3,-1.2999999999999972,-1.3368983957219194,95.98866666666666,July
2011-07-19,97.49,2011,7,3,1.5499999999999972,1.6155930790077155,95.936,July
2011-07-20,98.11,2011,7,3,0.6200000000000045,0.6359626628372084,95.90033333333332,July
2011-07-21,98.96,2011,7,3,0.8499999999999943,0.8663744776271409,95.83999999999999,July
2011-07-22,99.53,2011,7,3,0.5700000000000074,0.5759902991107513,95.75933333333334,July
2011-07-25,98.97,2011,7,3,-0.5600000000000023,-0.5626444288154397,95.74833333333332,July
2011-07-26,99.61,2011,7,3,0.6400000000000006,0.6466606042234924,95.82866666666668,July
2011-07-27,97.4,2011,7,3,-2.2099999999999937,-2.2186527457082605,95.763,July
2011-07-28,97.48,2011,7,3,0.0799999999999983,0.0821355236139576,95.85133333333333,July
2011-07-29,95.68,2011,7,3,-1.7999999999999972,-1.8465326220763245,95.87566666666666,July
2011-08-01,94.98,2011,8,3,-0.7000000000000028,-0.7316053511705722,95.941,August
2011-08-02,93.78,2011,8,3,-1.2000000000000028,-1.2634238787113117,95.95933333333333,August
2011-08-03,91.87,2011,8,3,-1.9099999999999966,-2.0366815952228556,95.89833333333334,August
2011-08-04,86.75,2011,8,3,-5.1200000000000045,-5.57309241319256,95.62466666666667,August
2011-08-05,86.89,2011,8,3,0.14000000000000057,0.1613832853025965,95.49766666666666,August
2011-08-08,81.27,2011,8,3,-5.6200000000000045,-6.467947980204858,95.17699999999999,August
2011-08-09,79.32,2011,8,3,-1.9500000000000028,-2.3994093761535606,94.79933333333334,August
2011-08-10,83.05,2011,8,3,3.730000000000004,4.702471003530007,94.47099999999999,August
2011-08-11,85.48,2011,8,3,2.430000000000007,2.925948223961483,94.15866666666666,August
2011-08-12,85.19,2011,8,3,-0.29000000000000625,-0.33926064576509374,93.82166666666667,August
2011-08-15,87.88,2011,8,3,2.6899999999999977,3.15764761122197,93.59066666666666,August
2011-08-16,86.65,2011,8,3,-1.2299999999999898,-1.3996358670914755,93.24833333333335,August
2011-08-17,87.58,2011,8,3,0.9299999999999926,1.073283323716101,92.94533333333334,August
2011-08-18,82.38,2011,8,3,-5.200000000000003,-5.937428636675046,92.40133333333333,August
2011-08-19,82.33,2011,8,3,-0.04999999999999716,-0.060694343287204244,91.93900000000001,August
2011-08-22,84.42,2011,8,3,2.0900000000000034,2.5385643143447156,91.581,August
2011-08-23,85.35,2011,8,3,0.9299999999999926,1.1016346837242175,91.179,August
2011-08-24,84.99,2011,8,3,-0.35999999999999943,-0.4217926186291687,90.74399999999999,August
2011-08-25,85.15,2011,8,3,0.1600000000000108,0.18825744205202,90.39066666666666,August
2011-08-26,85.37,2011,8,3,0.21999999999999886,0.2583675866118629,89.99499999999999,August
2011-08-29,87.27,2011,8,3,1.8999999999999915,2.2256061848424435,89.70599999999999,August
2011-08-30,88.9,2011,8,3,1.6300000000000097,1.8677667010427612,89.41966666666666,August
2011-08-31,88.81,2011,8,3,-0.09000000000000341,-0.10123734533183937,89.10966666666667,August
2011-09-01,88.93,2011,9,3,0.12000000000000455,0.13511991892805053,88.77533333333334,September
2011-09-02,86.45,2011,9,3,-2.480000000000004,-2.78871022152255,88.33933333333333,September
2011-09-06,85.99,2011,9,3,-0.46000000000000796,-0.5320994794679068,87.90666666666668,September
2011-09-07,89.34,2011,9,3,3.3500000000000085,3.895801837422974,87.56433333333332,September
2011-09-08,89.05,2011,9,3,-0.29000000000000625,-0.3246026415939185,87.286,September
2011-09-09,87.24,2011,9,3,-1.8100000000000023,-2.0325659741718183,86.94466666666666,September
2011-09-12,88.19,2011,9,3,0.9500000000000028,1.0889500229252613,86.695,September
2011-09-13,90.21,2011,9,3,2.019999999999996,2.290509128019047,86.536,September
2011-09-14,88.91,2011,9,3,-1.2999999999999972,-1.4410819199645264,86.37366666666667,September
2011-09-15,89.4,2011,9,3,0.4900000000000091,0.551119109211573,86.29133333333333,September
2011-09-16,87.96,2011,9,3,-1.440000000000012,-1.6107382550335725,86.33166666666666,September
2011-09-19,85.7,2011,9,3,-2.259999999999991,-2.5693497044110836,86.292,September
2011-09-20,86.92,2011,9,3,1.2199999999999989,1.4235705950991884,86.48033333333333,September
2011-09-21,85.77,2011,9,3,-1.1500000000000057,-1.323055683387031,86.69533333333332,September
2011-09-22,80.29,2011,9,3,-5.47999999999999,-6.38918036609536,86.60333333333334,September
2011-09-23,79.58,2011,9,3,-0.710000000000008,-0.8842944326815427,86.40666666666668,September
2011-09-26,79.97,2011,9,3,0.39000000000000057,0.49007288263382964,86.23266666666667,September
2011-09-27,84.18,2011,9,3,4.210000000000008,5.26447417781668,86.10933333333334,September
2011-09-28,80.94,2011,9,3,-3.240000000000009,-3.8488952245189,85.919,September
2011-09-29,81.87,2011,9,3,0.9300000000000068,1.1489992587101705,85.72866666666667,September
2011-09-30,78.93,2011,9,3,-2.9399999999999977,-3.5910589959692207,85.61366666666666,September
2011-10-03,77.34,2011,10,4,-1.5900000000000034,-2.014443177499059,85.44733333333333,October
2011-10-04,75.4,2011,10,4,-1.9399999999999977,-2.5084044478924206,85.14666666666668,October
2011-10-05,79.41,2011,10,4,4.009999999999991,5.3183023872678925,84.94866666666667,October
2011-10-06,82.32,2011,10,4,2.9099999999999966,3.6645258783528423,84.85966666666667,October
2011-10-07,82.7,2011,10,4,0.38000000000000966,0.4616132167152731,84.778,October
2011-10-10,85.14,2011,10,4,2.4399999999999977,2.950423216444986,84.77033333333334,October
2011-10-11,85.54,2011,10,4,0.4000000000000057,0.46981442330280565,84.71266666666666,October
2011-10-12,85.3,2011,10,4,-0.2400000000000091,-0.2805704933364628,84.59266666666667,October
2011-10-13,83.96,2011,10,4,-1.3400000000000034,-1.5709261430246202,84.43100000000001,October
2011-10-14,86.8,2011,10,4,2.8400000000000034,3.382563125297766,84.35999999999999,October
2011-10-17,86.38,2011,10,4,-0.4200000000000017,-0.4838709677419395,84.35766666666667,October
2011-10-18,88.34,2011,10,4,1.960000000000008,2.269043760129663,84.43599999999999,October
2011-10-19,86.11,2011,10,4,-2.230000000000004,-2.5243377858274907,84.32833333333335,October
2011-10-20,86.07,2011,10,4,-0.04000000000000625,-0.046452212286618444,84.229,October
2011-10-21,87.19,2011,10,4,1.1200000000000045,1.3012664110607641,84.22733333333333,October
2011-10-24,91.12,2011,10,4,3.930000000000007,4.507397637343735,84.325,October
2011-10-25,92.98,2011,10,4,1.8599999999999994,2.0412642669007885,84.41733333333333,October
2011-10-26,90.2,2011,10,4,-2.780000000000001,-2.9898902989890286,84.46033333333334,October
2011-10-27,93.96,2011,10,4,3.759999999999991,4.168514412416835,84.61233333333334,October
2011-10-28,93.32,2011,10,4,-0.6400000000000006,-0.6811409110259681,84.791,October
2011-10-31,93.19,2011,10,4,-0.12999999999999545,-0.1393056150878702,85.04066666666667,October
2011-11-01,92.19,2011,11,4,-1.0,-1.0730765103551865,85.21633333333334,November
2011-11-02,92.51,2011,11,4,0.3200000000000074,0.3471092309361268,85.441,November
2011-11-03,94.07,2011,11,4,1.559999999999988,1.6863041833315107,85.90033333333332,November
2011-11-04,94.26,2011,11,4,0.19000000000001194,0.20197725098332064,86.38966666666667,November
2011-11-07,95.52,2011,11,4,1.259999999999991,1.3367281985996016,86.908,November
2011-11-08,96.8,2011,11,4,1.2800000000000011,1.340033500837512,87.32866666666665,November
2011-11-09,95.74,2011,11,4,-1.0600000000000023,-1.0950413223140498,87.82200000000002,November
2011-11-10,97.78,2011,11,4,2.0400000000000063,2.130770837685403,88.35233333333332,November
2011-11-11,98.99,2011,11,4,1.2099999999999937,1.2374718756391845,89.021,November
2011-11-14,98.14,2011,11,4,-0.8499999999999943,-0.8586725931912231,89.71433333333333,November
2011-11-15,99.37,2011,11,4,1.230000000000004,1.2533115956796514,90.51333333333332,November
2011-11-16,102.59,2011,11,4,3.219999999999999,3.240414612055953,91.286,November
2011-11-17,98.82,2011,11,4,-3.7700000000000102,-3.6748221074178855,91.83600000000001,November
2011-11-18,97.67,2011,11,4,-1.1499999999999915,-1.1637320380489702,92.335,November
2011-11-21,96.73,2011,11,4,-0.9399999999999977,-0.9624244906317192,92.72133333333333,November
2011-11-22,97.76,2011,11,4,1.0300000000000011,1.0648196009511057,93.12866666666667,November
2011-11-23,96.16,2011,11,4,-1.6000000000000085,-1.6366612111293088,93.49066666666666,November
2011-11-25,96.91,2011,11,4,0.75,0.7799500831946693,93.92233333333334,November
2011-11-28,98.21,2011,11,4,1.2999999999999972,1.3414508306676343,94.30266666666667,November
2011-11-29,99.79,2011,11,4,1.5800000000000125,1.6087974747989175,94.74966666666667,November
2011-11-30,100.36,2011,11,4,0.5699999999999932,0.5711995189898733,95.15033333333332,November
2011-12-01,100.2,2011,12,4,-0.1599999999999966,-0.15942606616181632,95.61999999999999,December
2011-12-02,100.97,2011,12,4,0.769999999999996,0.7684630738522991,96.11666666666666,December
2011-12-05,100.94,2011,12,4,-0.030000000000001137,-0.02971179558284298,96.575,December
2011-12-06,101.25,2011,12,4,0.3100000000000023,0.30711313651674566,96.91266666666667,December
2011-12-07,100.45,2011,12,4,-0.7999999999999972,-0.7901234567901261,97.16166666666666,December
2011-12-08,98.35,2011,12,4,-2.1000000000000085,-2.0905923344947785,97.43333333333334,December
2011-12-09,99.4,2011,12,4,1.0500000000000114,1.067615658362997,97.61466666666665,December
2011-12-12,97.77,2011,12,4,-1.6300000000000097,-1.6398390342052371,97.76299999999999,December
2011-12-13,100.24,2011,12,4,2.469999999999999,2.526337322286998,97.998,December
2011-12-14,94.92,2011,12,4,-5.319999999999993,-5.307262569832394,98.089,December
2011-12-15,93.84,2011,12,4,-1.0799999999999983,-1.1378002528445008,98.13333333333334,December
2011-12-16,93.55,2011,12,4,-0.29000000000000625,-0.30903665814152603,98.116,December
2011-12-19,93.86,2011,12,4,0.3100000000000023,0.33137359700694535,98.10266666666666,December
2011-12-20,97.16,2011,12,4,3.299999999999997,3.515874707010447,98.15733333333333,December
2011-12-21,98.54,2011,12,4,1.3800000000000097,1.4203375874845658,98.21533333333333,December
2011-12-22,99.42,2011,12,4,0.8799999999999955,0.8930383600568303,98.338,December
2011-12-23,99.72,2011,12,4,0.29999999999999716,0.3017501508750797,98.40266666666666,December
2011-12-27,101.29,2011,12,4,1.5700000000000074,1.574408343361422,98.47933333333334,December
2011-12-28,99.44,2011,12,4,-1.8500000000000085,-1.8264389377036339,98.52266666666667,December
2011-12-29,99.68,2011,12,4,0.2400000000000091,0.24135156878519748,98.533,December
2011-12-30,98.83,2011,12,4,-0.8500000000000085,-0.8527287319422205,98.40766666666667,December
2012-01-03,102.96,2012,1,1,4.1299999999999955,4.17889304866943,98.54566666666666,January
2012-01-04,103.22,2012,1,1,0.2600000000000051,0.2525252525252597,98.73066666666666,January
2012-01-05,101.81,2012,1,1,-1.4099999999999966,-1.3660143383065315,98.9,January
2012-01-06,101.56,2012,1,1,-0.25,-0.24555544641979843,99.02666666666667,January
2012-01-09,101.31,2012,1,1,-0.25,-0.24615990547459665,99.19833333333334,January
2012-01-10,102.24,2012,1,1,0.9299999999999926,0.9179745336097112,99.37599999999999,January
2012-01-11,100.89,2012,1,1,-1.3499999999999943,-1.320422535211263,99.46533333333333,January
2012-01-12,99.03,2012,1,1,-1.8599999999999994,-1.8435920309247678,99.44,January
2012-01-13,98.69,2012,1,1,-0.3400000000000034,-0.3433303039482971,99.38433333333334,January
2012-01-17,100.7,2012,1,1,2.010000000000005,2.03668051474315,99.401,January
2012-01-18,100.61,2012,1,1,-0.09000000000000341,-0.0893743793445867,99.389,January
2012-01-19,100.32,2012,1,1,-0.29000000000000625,-0.2882417254746139,99.36833333333334,January
2012-01-20,98.15,2012,1,1,-2.1699999999999875,-2.163078149920239,99.265,January
2012-01-23,99.47,2012,1,1,1.3199999999999932,1.3448802852776387,99.23233333333334,January
2012-01-24,98.84,2012,1,1,-0.6299999999999955,-0.6333567909922566,99.24866666666667,January
2012-01-25,99.23,2012,1,1,0.39000000000000057,0.39457709429380206,99.243,January
2012-01-26,99.76,2012,1,1,0.5300000000000011,0.5341126675400654,99.30933333333334,January
2012-01-27,99.47,2012,1,1,-0.29000000000000625,-0.29069767441861627,99.28366666666666,January
2012-01-30,98.75,2012,1,1,-0.7199999999999989,-0.7238363325625774,99.41133333333332,January
2012-01-31,98.46,2012,1,1,-0.29000000000000625,-0.2936708860759585,99.56533333333333,January
2012-02-01,97.63,2012,2,1,-0.8299999999999983,-0.8429819215925227,99.70133333333334,February
2012-02-02,96.36,2012,2,1,-1.269999999999996,-1.3008296630134142,99.78466666666667,February
2012-02-03,97.8,2012,2,1,1.4399999999999977,1.4943960149439661,99.806,February
2012-02-06,96.89,2012,2,1,-0.9099999999999966,-0.9304703476482601,99.751,February
2012-02-07,98.55,2012,2,1,1.6599999999999966,1.713283104551544,99.722,February
2012-02-08,98.8,2012,2,1,0.25,0.2536783358701111,99.69133333333335,February
2012-02-09,99.88,2012,2,1,1.0799999999999983,1.093117408906874,99.64433333333334,February
2012-02-10,98.68,2012,2,1,-1.1999999999999886,-1.2014417300760805,99.619,February
2012-02-13,100.39,2012,2,1,1.7099999999999937,1.7328739359546041,99.64266666666666,February
2012-02-14,100.82,2012,2,1,0.4299999999999926,0.42832951489191196,99.709,February
2012-02-15,101.82,2012,2,1,1.0,0.9918666931164388,99.671,February
2012-02-16,102.33,2012,2,1,0.5100000000000051,0.5008839127872866,99.64133333333334,February
2012-02-17,103.27,2012,2,1,0.9399999999999977,0.9185966969608161,99.69000000000001,February
2012-02-21,105.88,2012,2,1,2.6099999999999994,2.5273554759368544,99.83399999999999,February
2012-02-22,105.99,2012,2,1,0.10999999999999943,0.10389119758216214,99.99,February
2012-02-23,107.44,2012,2,1,1.4500000000000028,1.3680535899613266,100.16333333333334,February
2012-02-24,109.39,2012,2,1,1.9500000000000028,1.8149664929262954,100.44666666666667,February
2012-02-27,108.49,2012,2,1,-0.9000000000000057,-0.8227443093518638,100.762,February
2012-02-28,106.59,2012,2,1,-1.8999999999999915,-1.7513134851138257,101.02533333333332,February
2012-02-29,107.08,2012,2,1,0.4899999999999949,0.4597054132657874,101.238,February
2012-03-01,108.76,2012,3,1,1.6800000000000068,1.5689204333208862,101.50966666666666,March
2012-03-02,106.68,2012,3,1,-2.0799999999999983,-1.9124678190511224,101.72166666666665,March
2012-03-05,106.7,2012,3,1,0.01999999999999602,0.01874765654292787,102.00666666666667,March
2012-03-06,104.71,2012,3,1,-1.990000000000009,-1.8650421743205303,102.18133333333334,March
2012-03-07,106.16,2012,3,1,1.4500000000000028,1.3847770031515605,102.42533333333333,March
2012-03-08,106.65,2012,3,1,0.4900000000000091,0.4615674453654961,102.67266666666666,March
2012-03-09,107.4,2012,3,1,0.75,0.7032348804500765,102.92733333333334,March
2012-03-12,106.34,2012,3,1,-1.0600000000000023,-0.9869646182495417,103.15633333333334,March
2012-03-13,106.7,2012,3,1,0.35999999999999943,0.3385367688546248,103.42133333333335,March
2012-03-14,105.49,2012,3,1,-1.210000000000008,-1.134020618556708,103.65566666666668,March
2012-03-15,105.19,2012,3,1,-0.29999999999999716,-0.284387145701015,103.90766666666667,March
2012-03-16,107.03,2012,3,1,1.8400000000000034,1.7492157049149082,104.26333333333334,March
2012-03-19,108.09,2012,3,1,1.0600000000000023,0.9903765299448697,104.60633333333334,March
2012-03-20,105.68,2012,3,1,-2.4099999999999966,-2.229623461929875,104.89933333333333,March
2012-03-21,106.87,2012,3,1,1.1899999999999977,1.126040878122625,105.17666666666668,March
2012-03-22,104.98,2012,3,1,-1.8900000000000006,-1.768503789650977,105.38266666666667,March
2012-03-23,106.43,2012,3,1,1.4500000000000028,1.3812154696132728,105.60099999999998,March
2012-03-26,107.07,2012,3,1,0.6399999999999864,0.6013342102790364,105.88066666666667,March
2012-03-27,107.32,2012,3,1,0.25,0.23349210796674846,106.11166666666668,March
2012-03-28,105.4,2012,3,1,-1.9199999999999875,-1.7890421170331572,106.26433333333333,March
2012-03-29,102.79,2012,3,1,-2.6099999999999994,-2.4762808349146126,106.29666666666665,March
2012-03-30,103.03,2012,3,1,0.23999999999999488,0.23348574764081587,106.32,March
2012-04-02,105.25,2012,4,2,2.219999999999999,2.1547122197418167,106.386,April
2012-04-03,104.02,2012,4,2,-1.230000000000004,-1.168646080760094,106.324,April
2012-04-04,101.53,2012,4,2,-2.489999999999995,-2.3937704287636974,106.17533333333334,April
2012-04-05,103.29,2012,4,2,1.7600000000000051,1.7334777898158293,106.037,April
2012-04-09,102.45,2012,4,2,-0.8400000000000034,-0.8132442637235004,105.80566666666667,April
2012-04-10,101.12,2012,4,2,-1.3299999999999983,-1.298194241093209,105.55999999999999,April
2012-04-11,102.66,2012,4,2,1.539999999999992,1.5229430379746667,105.42900000000002,April
2012-04-12,103.69,2012,4,2,1.0300000000000011,1.003311903370352,105.31600000000002,April
2012-04-13,102.84,2012,4,2,-0.8499999999999943,-0.8197511814061142,105.11866666666667,April
2012-04-16,102.92,2012,4,2,0.0799999999999983,0.0777907429015956,104.99333333333334,April
2012-04-17,104.23,2012,4,2,1.3100000000000023,1.2728332685581156,104.911,April
2012-04-18,102.65,2012,4,2,-1.5799999999999983,-1.5158783459656489,104.84233333333333,April
2012-04-19,102.38,2012,4,2,-0.27000000000001023,-0.2630297126156922,104.71633333333334,April
2012-04-20,103.58,2012,4,2,1.2000000000000028,1.1721039265481625,104.614,April
2012-04-23,102.68,2012,4,2,-0.8999999999999915,-0.8688936088047772,104.45666666666666,April
2012-04-24,103.1,2012,4,2,0.4199999999999875,0.4090377873003481,104.34866666666667,April
2012-04-25,103.72,2012,4,2,0.6200000000000045,0.6013579049466644,104.24933333333334,April
2012-04-26,104.56,2012,4,2,0.8400000000000034,0.8098727342846113,104.21833333333333,April
2012-04-27,104.86,2012,4,2,0.29999999999999716,0.2869166029074277,104.20733333333334,April
2012-04-30,104.89,2012,4,2,0.030000000000001137,0.028609574670990234,104.136,April
2012-05-01,106.17,2012,5,2,1.2800000000000011,1.2203260558680595,104.07200000000002,May
2012-05-02,105.25,2012,5,2,-0.9200000000000017,-0.8665348026749564,104.05766666666666,May
2012-05-03,102.56,2012,5,2,-2.6899999999999977,-2.555819477434673,103.914,May
2012-05-04,98.49,2012,5,2,-4.070000000000007,-3.9684087363494602,103.69766666666666,May
2012-05-07,97.86,2012,5,2,-0.6299999999999955,-0.6396588486140664,103.412,May
2012-05-08,97.13,2012,5,2,-0.730000000000004,-0.7459636215001009,103.08066666666667,May
2012-05-09,96.8,2012,5,2,-0.3299999999999983,-0.3397508493771184,102.73,May
2012-05-10,97.1,2012,5,2,0.29999999999999716,0.30991735537189147,102.45333333333335,May
2012-05-11,96.03,2012,5,2,-1.0699999999999932,-1.1019567456230672,102.22800000000001,May
2012-05-14,94.75,2012,5,2,-1.2800000000000011,-1.332916796834327,101.952,May
2012-05-15,93.97,2012,5,2,-0.7800000000000011,-0.8232189973614745,101.57600000000001,May
2012-05-16,92.78,2012,5,2,-1.1899999999999977,-1.2663616047674742,101.20133333333334,May
2012-05-17,92.53,2012,5,2,-0.25,-0.26945462384134755,100.90133333333333,May
2012-05-18,91.51,2012,5,2,-1.019999999999996,-1.1023451853452881,100.50866666666666,May
2012-05-21,92.57,2012,5,2,1.059999999999988,1.1583433504534835,100.17933333333333,May
2012-05-22,91.44,2012,5,2,-1.1299999999999955,-1.220697850275465,99.85666666666667,May
2012-05-23,89.4,2012,5,2,-2.039999999999992,-2.230971128608916,99.41466666666665,May
2012-05-24,90.36,2012,5,2,0.9599999999999937,1.0738255033557076,98.97033333333334,May
2012-05-25,90.64,2012,5,2,0.28000000000000114,0.3098716246126676,98.56366666666666,May
2012-05-29,90.75,2012,5,2,0.10999999999999943,0.12135922330096527,98.15799999999999,May
2012-05-30,87.79,2012,5,2,-2.9599999999999937,-3.261707988980711,97.61,May
2012-05-31,86.52,2012,5,2,-1.2700000000000102,-1.4466340129855482,97.07233333333333,May
2012-06-01,83.17,2012,6,2,-3.3499999999999943,-3.8719371243642997,96.43199999999999,June
2012-06-04,83.95,2012,6,2,0.7800000000000011,0.9378381627990873,95.77766666666666,June
2012-06-05,84.31,2012,6,2,0.35999999999999943,0.4288266825491327,95.16533333333334,June
2012-06-06,85.05,2012,6,2,0.7399999999999949,0.877713201280983,94.56366666666668,June
2012-06-07,84.78,2012,6,2,-0.269999999999996,-0.31746031746031633,93.93233333333333,June
2012-06-08,84.08,2012,6,2,-0.7000000000000028,-0.8256664307619732,93.24966666666666,June
2012-06-11,82.58,2012,6,2,-1.5,-1.78401522359658,92.50699999999999,June
2012-06-12,83.35,2012,6,2,0.769999999999996,0.93242915960281,91.789,June
2012-06-13,82.56,2012,6,2,-0.789999999999992,-0.9478104379124108,91.002,June
2012-06-14,83.83,2012,6,2,1.269999999999996,1.5382751937984551,90.288,June
2012-06-15,84.03,2012,6,2,0.20000000000000284,0.2385780746749333,89.67033333333332,June
2012-06-18,83.26,2012,6,2,-0.769999999999996,-0.9163394025943017,89.16266666666667,June
2012-06-19,83.99,2012,6,2,0.7299999999999898,0.8767715589718783,88.70033333333335,June
2012-06-20,81.06,2012,6,2,-2.9299999999999926,-3.488510536968681,88.16466666666666,June
2012-06-21,77.91,2012,6,2,-3.1500000000000057,-3.886010362694303,87.53500000000001,June
2012-06-22,79.33,2012,6,2,1.4200000000000017,1.822615838788355,86.94266666666665,June
2012-06-25,78.76,2012,6,2,-0.5699999999999932,-0.7185175847724601,86.367,June
2012-06-26,79.34,2012,6,2,0.5799999999999983,0.7364144235652681,85.85333333333332,June
2012-06-27,80.27,2012,6,2,0.9299999999999926,1.1721704058482496,85.39666666666666,June
2012-06-28,77.72,2012,6,2,-2.549999999999997,-3.1767783729911514,84.89466666666667,June
2012-06-29,85.04,2012,6,2,7.320000000000007,9.41842511580031,84.645,June
2012-07-02,83.72,2012,7,3,-1.3200000000000074,-1.5522107243650107,84.38533333333334,July
2012-07-03,87.74,2012,7,3,4.019999999999996,4.801720019111322,84.22433333333333,July
2012-07-05,87.11,2012,7,3,-0.6299999999999955,-0.7180305447914259,84.07999999999998,July
2012-07-06,84.37,2012,7,3,-2.739999999999995,-3.1454482837791287,83.91233333333335,July
2012-07-09,85.93,2012,7,3,1.5600000000000023,1.8489984591679498,83.76466666666667,July
2012-07-10,83.92,2012,7,3,-2.010000000000005,-2.3391132317002294,83.54066666666668,July
2012-07-11,85.88,2012,7,3,1.9599999999999937,2.335557673975197,83.37833333333334,July
2012-07-12,86.02,2012,7,3,0.14000000000000057,0.16301816488122345,83.31933333333333,July
2012-07-13,87.15,2012,7,3,1.1300000000000097,1.3136479888398167,83.34033333333333,July
2012-07-16,88.41,2012,7,3,1.259999999999991,1.4457831325301207,83.51500000000001,July
2012-07-17,89.07,2012,7,3,0.6599999999999966,0.7465218866643974,83.68566666666666,July
2012-07-18,89.88,2012,7,3,0.8100000000000023,0.9093971034018322,83.87133333333333,July
2012-07-19,92.78,2012,7,3,2.9000000000000057,3.226524254561647,84.12899999999999,July
2012-07-20,91.56,2012,7,3,-1.2199999999999989,-1.3149385643457578,84.355,July
2012-07-23,87.77,2012,7,3,-3.7900000000000063,-4.139362166885108,84.47800000000001,July
2012-07-24,88.28,2012,7,3,0.5100000000000051,0.5810641449242482,84.66800000000002,July
2012-07-25,88.8,2012,7,3,0.519999999999996,0.5890348889895813,84.84966666666666,July
2012-07-26,89.4,2012,7,3,0.6000000000000085,0.6756756756756799,85.07766666666666,July
2012-07-27,90.13,2012,7,3,0.7299999999999898,0.816554809843395,85.28766666666667,July
2012-07-30,89.8,2012,7,3,-0.3299999999999983,-0.36613780095418047,85.48,July
2012-07-31,88.08,2012,7,3,-1.7199999999999989,-1.9153674832962153,85.64066666666666,July
2012-08-01,88.99,2012,8,3,0.9099999999999966,1.0331516802906338,85.80733333333333,August
2012-08-02,87.22,2012,8,3,-1.769999999999996,-1.9889875266883905,86.01266666666666,August
2012-08-03,91.4,2012,8,3,4.180000000000007,4.792478789268517,86.46233333333333,August
2012-08-06,92.3,2012,8,3,0.8999999999999915,0.9846827133479064,86.89466666666667,August
2012-08-07,93.68,2012,8,3,1.3800000000000097,1.4951245937161461,87.392,August
2012-08-08,93.39,2012,8,3,-0.29000000000000625,-0.3095644748078663,87.86033333333333,August
2012-08-09,93.39,2012,8,3,0.0,0.0,88.29766666666667,August
2012-08-10,92.94,2012,8,3,-0.45000000000000284,-0.48185030517186034,88.805,August
2012-08-13,92.76,2012,8,3,-0.1799999999999926,-0.1936733376371791,89.06233333333333,August
2012-08-14,93.4,2012,8,3,0.6400000000000006,0.6899525657610983,89.385,August
2012-08-15,94.35,2012,8,3,0.9499999999999886,1.0171306209850073,89.60533333333333,August
2012-08-16,95.66,2012,8,3,1.3100000000000023,1.3884472708002082,89.89033333333333,August
2012-08-17,96.0,2012,8,3,0.3400000000000034,0.3554254651892075,90.27799999999999,August
2012-08-20,96.03,2012,8,3,0.030000000000001137,0.031249999999993783,90.61466666666666,August
2012-08-21,96.55,2012,8,3,0.519999999999996,0.5414974487139457,91.03566666666667,August
2012-08-22,96.89,2012,8,3,0.3400000000000034,0.35214914552046395,91.40266666666666,August
2012-08-23,95.87,2012,8,3,-1.019999999999996,-1.0527402208690195,91.731,August
2012-08-24,95.78,2012,8,3,-0.09000000000000341,-0.09387712527381131,92.01866666666666,August
2012-08-27,95.54,2012,8,3,-0.23999999999999488,-0.2505742326164073,92.25633333333333,August
2012-08-28,96.3,2012,8,3,0.7599999999999909,0.7954783336822091,92.49733333333332,August
2012-08-29,95.5,2012,8,3,-0.7999999999999972,-0.8307372793354029,92.68466666666667,August
2012-08-30,94.61,2012,8,3,-0.8900000000000006,-0.931937172774866,92.74566666666666,August
2012-08-31,96.47,2012,8,3,1.8599999999999994,1.9659655427544553,92.90933333333332,August
2012-09-04,95.34,2012,9,3,-1.1299999999999955,-1.1713486057841727,93.16166666666666,September
2012-09-05,95.37,2012,9,3,0.030000000000001137,0.03146633102579788,93.39799999999998,September
2012-09-06,95.58,2012,9,3,0.20999999999999375,0.2201950298835964,93.62400000000001,September
2012-09-07,96.41,2012,9,3,0.8299999999999983,0.8683825068005913,93.85766666666667,September
2012-09-10,96.52,2012,9,3,0.10999999999999943,0.1140960481277764,94.07066666666667,September
2012-09-11,97.03,2012,9,3,0.5100000000000051,0.5283878988810553,94.31166666666668,September
2012-09-12,97.02,2012,9,3,-0.010000000000005116,-0.01030609089972545,94.60966666666668,September
2012-09-13,98.3,2012,9,3,1.2800000000000011,1.3193156050298915,94.92,September
2012-09-14,98.94,2012,9,3,0.6400000000000006,0.651068158697865,95.31066666666668,September
2012-09-17,96.51,2012,9,3,-2.4299999999999926,-2.456033959975734,95.48100000000001,September
2012-09-18,95.25,2012,9,3,-1.2600000000000051,-1.305564190239361,95.57933333333334,September
2012-09-19,91.97,2012,9,3,-3.280000000000001,-3.443569553805781,95.52233333333334,September
2012-09-20,92.14,2012,9,3,0.1700000000000017,0.1848428835489857,95.48066666666666,September
2012-09-21,92.64,2012,9,3,0.5,0.5426524853483938,95.45566666666667,September
2012-09-24,91.68,2012,9,3,-0.9599999999999937,-1.036269430051806,95.41366666666666,September
2012-09-25,91.07,2012,9,3,-0.6100000000000136,-0.6653577661431265,95.35733333333334,September
2012-09-26,89.92,2012,9,3,-1.1499999999999915,-1.262764906116165,95.24133333333333,September
2012-09-27,91.89,2012,9,3,1.9699999999999989,2.190836298932375,95.15933333333334,September
2012-09-28,92.18,2012,9,3,0.29000000000000625,0.31559473283273576,95.04333333333334,September
2012-10-01,92.44,2012,10,4,0.2599999999999909,0.2820568453026695,94.92466666666668,October
2012-10-02,91.88,2012,10,4,-0.5600000000000023,-0.6057983556901791,94.78633333333333,October
2012-10-03,88.19,2012,10,4,-3.6899999999999977,-4.016107966913363,94.50766666666667,October
2012-10-04,91.69,2012,10,4,3.5,3.9687039346864683,94.33433333333332,October
2012-10-05,89.87,2012,10,4,-1.8199999999999932,-1.9849492856363726,94.13433333333334,October
2012-10-08,89.43,2012,10,4,-0.4399999999999977,-0.4895960832313362,93.92266666666666,October
2012-10-09,92.42,2012,10,4,2.989999999999995,3.3433970703343308,93.81866666666666,October
2012-10-10,91.24,2012,10,4,-1.1800000000000068,-1.2767799177667238,93.65,October
2012-10-11,92.19,2012,10,4,0.9500000000000028,1.041209995615966,93.53966666666666,October
2012-10-12,91.83,2012,10,4,-0.35999999999999943,-0.3904978848031204,93.44699999999999,October
2012-10-15,91.84,2012,10,4,0.010000000000005116,0.010889687465964748,93.29266666666666,October
2012-10-16,92.07,2012,10,4,0.22999999999998977,0.25043554006967117,93.18366666666667,October
2012-10-17,92.04,2012,10,4,-0.029999999999986926,-0.032583903551630655,93.07266666666668,October
2012-10-18,92.0,2012,10,4,-0.04000000000000625,-0.04345936549327023,92.95333333333333,October
2012-10-19,90.0,2012,10,4,-2.0,-2.1739130434782594,92.73966666666666,October
2012-10-22,88.3,2012,10,4,-1.7000000000000028,-1.8888888888888955,92.46566666666666,October
2012-10-23,86.65,2012,10,4,-1.6499999999999915,-1.8686296715741735,92.11966666666666,October
2012-10-24,85.39,2012,10,4,-1.2600000000000051,-1.4541257934218232,91.73199999999999,October
2012-10-25,85.59,2012,10,4,0.20000000000000284,0.23421946363744173,91.30833333333334,October
2012-10-26,85.84,2012,10,4,0.25,0.2920901974529766,90.87166666666667,October
2012-10-29,85.52,2012,10,4,-0.3200000000000074,-0.37278657968313755,90.50533333333333,October
2012-10-30,85.65,2012,10,4,0.13000000000000966,0.15201122544434842,90.18533333333333,October
2012-10-31,86.23,2012,10,4,0.5799999999999983,0.6771745475773416,89.994,October
2012-11-01,87.05,2012,11,4,0.8199999999999932,0.9509451467006658,89.82433333333333,November
2012-11-02,84.9,2012,11,4,-2.1499999999999915,-2.4698449167145253,89.56633333333333,November
2012-11-05,85.64,2012,11,4,0.7399999999999949,0.8716136631330862,89.365,November
2012-11-06,88.62,2012,11,4,2.980000000000004,3.4796823914058805,89.28333333333333,November
2012-11-07,84.5,2012,11,4,-4.1200000000000045,-4.64906341683593,89.10266666666668,November
2012-11-08,85.07,2012,11,4,0.5699999999999932,0.6745562130177518,88.87533333333333,November
2012-11-09,86.08,2012,11,4,1.0100000000000051,1.1872575526037377,88.672,November
2012-11-12,85.56,2012,11,4,-0.519999999999996,-0.60408921933085,88.44266666666665,November
2012-11-13,85.38,2012,11,4,-0.18000000000000682,-0.21037868162693263,88.22599999999998,November
2012-11-14,86.32,2012,11,4,0.9399999999999977,1.100960412274543,88.16366666666666,November
2012-11-15,85.45,2012,11,4,-0.8699999999999903,-1.0078776645041643,87.95566666666667,November
2012-11-16,86.62,2012,11,4,1.1700000000000017,1.3692217671152696,87.84733333333334,November
2012-11-19,89.05,2012,11,4,2.4299999999999926,2.805356730547204,87.83466666666666,November
2012-11-20,86.46,2012,11,4,-2.5900000000000034,-2.9084783829309457,87.636,November
2012-11-21,87.08,2012,11,4,0.6200000000000045,0.717094610224378,87.49733333333333,November
2012-11-23,87.01,2012,11,4,-0.06999999999999318,-0.0803858520900258,87.32466666666667,November
2012-11-26,87.28,2012,11,4,0.269999999999996,0.31030915986667296,87.173,November
2012-11-27,86.81,2012,11,4,-0.46999999999999886,-0.5384967919340067,87.00533333333333,November
2012-11-28,86.1,2012,11,4,-0.710000000000008,-0.8178781246400257,86.80633333333334,November
2012-11-29,87.64,2012,11,4,1.5400000000000063,1.7886178861788782,86.65966666666667,November
2012-11-30,88.54,2012,11,4,0.9000000000000057,1.0269283432222887,86.54433333333333,November
2012-12-03,88.69,2012,12,4,0.14999999999999147,0.16941495369322546,86.50066666666666,December
2012-12-04,88.04,2012,12,4,-0.6499999999999915,-0.7328898410192686,86.492,December
2012-12-05,87.36,2012,12,4,-0.6800000000000068,-0.7723761926397121,86.51566666666668,December
2012-12-06,85.47,2012,12,4,-1.8900000000000006,-2.163461538461542,86.51833333333335,December
2012-12-07,85.45,2012,12,4,-0.01999999999999602,-0.023400023400022008,86.51366666666667,December
2012-12-10,85.14,2012,12,4,-0.3100000000000023,-0.36278525453481425,86.49033333333334,December
2012-12-11,85.36,2012,12,4,0.21999999999999886,0.25839793281654533,86.485,December
2012-12-12,86.35,2012,12,4,0.9899999999999949,1.1597938144329856,86.50833333333334,December
2012-12-13,85.39,2012,12,4,-0.9599999999999937,-1.1117544875506535,86.48033333333333,December
2012-12-14,86.32,2012,12,4,0.9299999999999926,1.0891205059140319,86.456,December
2012-12-17,86.71,2012,12,4,0.39000000000000057,0.45180722891566827,86.51633333333332,December
2012-12-18,87.46,2012,12,4,0.75,0.8649521393149673,86.577,December
2012-12-19,89.09,2012,12,4,1.6300000000000097,1.8637091241710646,86.59266666666666,December
2012-12-20,89.76,2012,12,4,0.6700000000000017,0.7520484902907132,86.768,December
2012-12-21,88.2,2012,12,4,-1.5600000000000023,-1.7379679144385096,86.87233333333333,December
2012-12-24,88.29,2012,12,4,0.09000000000000341,0.10204081632654294,86.946,December
2012-12-26,90.71,2012,12,4,2.4199999999999875,2.7409672669611362,87.11766666666666,December
2012-12-27,90.91,2012,12,4,0.20000000000000284,0.2204828574578377,87.30199999999999,December
2012-12-28,90.66,2012,12,4,-0.25,-0.27499725002749775,87.44666666666667,December
2012-12-31,91.83,2012,12,4,1.1700000000000017,1.290536068828585,87.65933333333334,December
2013-01-02,93.14,2013,1,1,1.3100000000000023,1.426549058042026,87.87666666666665,January
2013-01-03,92.97,2013,1,1,-0.1700000000000017,-0.18252093622503907,88.00733333333334,January
2013-01-04,93.12,2013,1,1,0.15000000000000568,0.16134236850597894,88.22933333333334,January
2013-01-07,93.2,2013,1,1,0.0799999999999983,0.0859106529209619,88.43333333333334,January
2013-01-08,93.21,2013,1,1,0.009999999999990905,0.010729613733895249,88.64,January
2013-01-09,93.08,2013,1,1,-0.12999999999999545,-0.1394700139469962,88.83333333333333,January
2013-01-10,93.81,2013,1,1,0.730000000000004,0.784271594327457,89.06666666666666,January
2013-01-11,93.6,2013,1,1,-0.21000000000000796,-0.22385673169172948,89.31666666666666,January
2013-01-14,94.27,2013,1,1,0.6700000000000017,0.7158119658119633,89.53766666666667,January
2013-01-15,93.26,2013,1,1,-1.009999999999991,-1.071390686326501,89.695,January
2013-01-16,94.28,2013,1,1,1.019999999999996,1.093716491529051,89.88133333333333,January
2013-01-17,95.49,2013,1,1,1.2099999999999937,1.2834111158251948,90.12966666666667,January
2013-01-18,95.61,2013,1,1,0.12000000000000455,0.12566760917374076,90.40466666666666,January
2013-01-22,96.09,2013,1,1,0.480000000000004,0.50203953561343,90.75866666666667,January
2013-01-23,95.06,2013,1,1,-1.0300000000000011,-1.0719117494015995,91.07900000000001,January
2013-01-24,95.35,2013,1,1,0.28999999999999204,0.30507048180095087,91.41933333333333,January
2013-01-25,95.15,2013,1,1,-0.19999999999998863,-0.20975353959097331,91.74566666666668,January
2013-01-28,95.95,2013,1,1,0.7999999999999972,0.8407777193904398,92.06566666666666,January
2013-01-29,97.62,2013,1,1,1.6700000000000017,1.7404898384575374,92.47333333333333,January
2013-01-30,97.98,2013,1,1,0.35999999999999943,0.3687768899815591,92.862,January
2013-01-31,97.65,2013,1,1,-0.3299999999999983,-0.3368034292712818,93.22666666666666,January
2013-02-01,97.46,2013,2,1,-0.19000000000001194,-0.1945724526369763,93.56,February
2013-02-04,96.21,2013,2,1,-1.25,-1.282577467679047,93.79733333333334,February
2013-02-05,96.68,2013,2,1,0.4700000000000131,0.488514707410892,94.02799999999999,February
2013-02-06,96.44,2013,2,1,-0.2400000000000091,-0.24824162184526877,94.30266666666667,February
2013-02-07,95.84,2013,2,1,-0.5999999999999943,-0.622148486105345,94.55433333333333,February
2013-02-08,95.71,2013,2,1,-0.13000000000000966,-0.13564273789650194,94.721,February
2013-02-11,97.01,2013,2,1,1.3000000000000114,1.3582697732734461,94.92433333333334,February
2013-02-12,97.48,2013,2,1,0.46999999999999886,0.48448613544995744,95.15166666666666,February
2013-02-13,97.03,2013,2,1,-0.45000000000000284,-0.46163315551908113,95.325,February
2013-02-14,97.3,2013,2,1,0.269999999999996,0.27826445429248725,95.46366666666667,February
2013-02-15,95.95,2013,2,1,-1.3499999999999943,-1.3874614594039048,95.563,February
2013-02-19,96.69,2013,2,1,0.7399999999999949,0.7712350182386585,95.682,February
2013-02-20,94.92,2013,2,1,-1.769999999999996,-1.8305926155755436,95.73933333333335,February
2013-02-21,92.79,2013,2,1,-2.1299999999999955,-2.2439949431099837,95.72533333333334,February
2013-02-22,93.12,2013,2,1,0.3299999999999983,0.3556417717426319,95.72666666666667,February
2013-02-25,92.74,2013,2,1,-0.38000000000000966,-0.4080756013745801,95.691,February
2013-02-26,92.63,2013,2,1,-0.10999999999999943,-0.11861117101574781,95.65866666666666,February
2013-02-27,92.84,2013,2,1,0.21000000000000796,0.22670840980245632,95.611,February
2013-02-28,92.03,2013,2,1,-0.8100000000000023,-0.8724687634640294,95.57,February
2013-03-01,90.71,2013,3,1,-1.3200000000000074,-1.4343148973161024,95.451,March
2013-03-04,90.13,2013,3,1,-0.5799999999999983,-0.6394002866277115,95.27233333333334,March
2013-03-05,90.88,2013,3,1,0.75,0.8321313658049556,95.11466666666666,March
2013-03-06,90.47,2013,3,1,-0.4099999999999966,-0.4511443661971759,94.92733333333332,March
2013-03-07,91.53,2013,3,1,1.0600000000000023,1.1716591135182863,94.80966666666667,March
2013-03-08,92.01,2013,3,1,0.480000000000004,0.5244182235332628,94.69833333333332,March
2013-03-11,92.07,2013,3,1,0.05999999999998806,0.06521030322790278,94.59566666666666,March
2013-03-12,92.44,2013,3,1,0.37000000000000455,0.4018681438036298,94.47866666666667,March
2013-03-13,92.47,2013,3,1,0.030000000000001137,0.03245348334055542,94.307,March
2013-03-14,93.03,2013,3,1,0.5600000000000023,0.6056018168054456,94.14200000000001,March
2013-03-15,93.49,2013,3,1,0.45999999999999375,0.49446415134901667,94.00333333333333,March
2013-03-18,93.71,2013,3,1,0.21999999999999886,0.23531928548508052,93.87833333333333,March
2013-03-19,92.44,2013,3,1,-1.269999999999996,-1.3552449044925807,93.75266666666667,March
2013-03-20,93.21,2013,3,1,0.769999999999996,0.8329727390739894,93.637,March
2013-03-21,92.46,2013,3,1,-0.75,-0.8046346958480832,93.50433333333334,March
2013-03-22,93.41,2013,3,1,0.9500000000000028,1.0274713389573975,93.42333333333333,March
2013-03-25,94.55,2013,3,1,1.1400000000000006,1.2204260785783072,93.38466666666666,March
2013-03-26,95.99,2013,3,1,1.4399999999999977,1.523003701745096,93.35066666666667,March
2013-03-27,96.53,2013,3,1,0.5400000000000063,0.5625585998541682,93.319,March
2013-03-28,97.24,2013,3,1,0.7099999999999937,0.7355226354501143,93.326,March
2013-04-01,97.1,2013,4,2,-0.14000000000000057,-0.14397367338543354,93.31933333333333,April
2013-04-02,97.23,2013,4,2,0.13000000000000966,0.13388259526263546,93.362,April
2013-04-03,95.02,2013,4,2,-2.210000000000008,-2.272961020261244,93.30633333333331,April
2013-04-04,93.26,2013,4,2,-1.759999999999991,-1.8522416333403346,93.25099999999999,April
2013-04-05,92.76,2013,4,2,-0.5,-0.5361355350632646,93.25,April
2013-04-08,93.36,2013,4,2,0.5999999999999943,0.6468305304010213,93.258,April
2013-04-09,94.18,2013,4,2,0.8200000000000074,0.8783204798629152,93.30600000000001,April
2013-04-10,94.59,2013,4,2,0.4099999999999966,0.43533658950944965,93.37133333333333,April
2013-04-11,93.44,2013,4,2,-1.1500000000000057,-1.2157733375621205,93.39133333333332,April
2013-04-12,91.23,2013,4,2,-2.2099999999999937,-2.3651541095890294,93.36466666666666,April
2013-04-15,88.75,2013,4,2,-2.480000000000004,-2.718404033760824,93.29933333333334,April
2013-04-16,88.73,2013,4,2,-0.01999999999999602,-0.022535211267604716,93.25266666666667,April
2013-04-17,86.65,2013,4,2,-2.0799999999999983,-2.3441902400540893,93.11166666666666,April
2013-04-18,87.83,2013,4,2,1.1799999999999926,1.361800346220421,93.02366666666667,April
2013-04-19,88.04,2013,4,2,0.21000000000000796,0.23909825799841578,92.90733333333333,April
2013-04-22,88.81,2013,4,2,0.769999999999996,0.874602453430251,92.80066666666667,April
2013-04-23,89.21,2013,4,2,0.3999999999999915,0.45039972976015363,92.70533333333333,April
2013-04-24,91.07,2013,4,2,1.8599999999999994,2.0849680529088754,92.65966666666667,April
2013-04-25,93.27,2013,4,2,2.200000000000003,2.415724168222244,92.68633333333334,April
2013-04-26,92.63,2013,4,2,-0.6400000000000006,-0.6861799077945707,92.673,April
2013-04-29,94.09,2013,4,2,1.460000000000008,1.576163230055072,92.693,April
2013-04-30,93.22,2013,4,2,-0.8700000000000045,-0.9246466149431476,92.67666666666668,April
2013-05-01,90.74,2013,5,2,-2.480000000000004,-2.660373310448405,92.61999999999999,May
2013-05-02,93.7,2013,5,2,2.960000000000008,3.2620674454485465,92.63633333333334,May
2013-05-03,95.25,2013,5,2,1.5499999999999972,1.6542155816435367,92.72933333333334,May
2013-05-06,95.8,2013,5,2,0.5499999999999972,0.5774278215223028,92.809,May
2013-05-07,95.28,2013,5,2,-0.519999999999996,-0.542797494780789,92.83333333333333,May
2013-05-08,96.24,2013,5,2,0.9599999999999937,1.0075566750629594,92.84166666666667,May
2013-05-09,96.09,2013,5,2,-0.14999999999999147,-0.15586034912716817,92.827,May
2013-05-10,95.81,2013,5,2,-0.28000000000000114,-0.29139348527422726,92.77933333333334,May
2013-05-13,94.76,2013,5,2,-1.0499999999999972,-1.0959190063667634,92.70133333333335,May
2013-05-14,93.96,2013,5,2,-0.8000000000000114,-0.8442380751372047,92.59233333333334,May
2013-05-15,93.95,2013,5,2,-0.009999999999990905,-0.01064282673477468,92.55666666666667,May
2013-05-16,94.85,2013,5,2,0.8999999999999915,0.9579563597658325,92.60966666666667,May
2013-05-17,95.72,2013,5,2,0.8700000000000045,0.9172377438060098,92.70833333333333,May
2013-05-20,96.29,2013,5,2,0.5700000000000074,0.5954868366067734,92.80600000000001,May
2013-05-21,95.55,2013,5,2,-0.7400000000000091,-0.7685117873091785,92.85166666666666,May
2013-05-22,93.98,2013,5,2,-1.5699999999999932,-1.6431187859759167,92.83133333333333,May
2013-05-23,94.12,2013,5,2,0.14000000000000057,0.1489678655032911,92.854,May
2013-05-24,93.84,2013,5,2,-0.28000000000000114,-0.2974925626859304,92.941,May
2013-05-28,94.65,2013,5,2,0.8100000000000023,0.8631713554987153,93.13766666666668,May
2013-05-29,93.13,2013,5,2,-1.5200000000000102,-1.6059165346011706,93.28433333333334,May
2013-05-30,93.57,2013,5,2,0.4399999999999977,0.47245785461182965,93.515,May
2013-05-31,91.93,2013,5,2,-1.6399999999999864,-1.7526985144811214,93.65166666666667,May
2013-06-03,93.41,2013,6,2,1.4799999999999898,1.6099205917545767,93.83066666666667,June
2013-06-04,93.36,2013,6,2,-0.04999999999999716,-0.0535274595867663,93.98233333333334,June
2013-06-05,93.66,2013,6,2,0.29999999999999716,0.32133676092545027,94.13066666666667,June
2013-06-06,94.71,2013,6,2,1.0499999999999972,1.1210762331838486,94.252,June
2013-06-07,96.11,2013,6,2,1.4000000000000057,1.4781966001478297,94.34666666666666,June
2013-06-10,95.82,2013,6,2,-0.29000000000000625,-0.3017375923421106,94.45299999999999,June
2013-06-11,95.5,2013,6,2,-0.3199999999999932,-0.33395950740972014,94.5,June
2013-06-12,95.98,2013,6,2,0.480000000000004,0.5026178010471227,94.592,June
2013-06-13,96.66,2013,6,2,0.6799999999999926,0.7084809335277997,94.78933333333335,June
2013-06-14,97.83,2013,6,2,1.1700000000000017,1.2104283054003684,94.92699999999999,June
2013-06-17,97.86,2013,6,2,0.030000000000001137,0.030665440049060244,95.01399999999998,June
2013-06-18,98.46,2013,6,2,0.5999999999999943,0.6131207847946074,95.10266666666666,June
2013-06-19,98.24,2013,6,2,-0.21999999999999886,-0.2234409912654889,95.20133333333334,June
2013-06-20,94.89,2013,6,2,-3.3499999999999943,-3.4100162866449457,95.15633333333334,June
2013-06-21,93.81,2013,6,2,-1.0799999999999983,-1.1381599747075533,95.08033333333333,June
2013-06-24,95.07,2013,6,2,1.259999999999991,1.343140390150288,95.05566666666667,June
2013-06-25,95.25,2013,6,2,0.18000000000000682,0.1893341748185673,95.07199999999999,June
2013-06-26,95.47,2013,6,2,0.21999999999999886,0.23097112860892555,95.12233333333332,June
2013-06-27,97.0,2013,6,2,1.5300000000000011,1.6025976746621984,95.22399999999999,June
2013-06-28,96.36,2013,6,2,-0.6400000000000006,-0.6597938144329851,95.27433333333333,June
2013-07-01,97.94,2013,7,3,1.5799999999999983,1.6396845163968443,95.34833333333333,July
2013-07-02,99.65,2013,7,3,1.710000000000008,1.7459669185215576,95.46033333333334,July
2013-07-03,101.92,2013,7,3,2.269999999999996,2.277972905168091,95.67266666666667,July
2013-07-05,103.09,2013,7,3,1.1700000000000017,1.1479591836734748,95.97633333333333,July
2013-07-08,103.03,2013,7,3,-0.060000000000002274,-0.05820157144242888,96.27333333333334,July
2013-07-09,103.46,2013,7,3,0.4299999999999926,0.41735416868873276,96.59400000000001,July
2013-07-10,106.41,2013,7,3,2.950000000000003,2.851343514401705,96.986,July
2013-07-11,104.77,2013,7,3,-1.6400000000000006,-1.541208533032612,97.374,July
2013-07-12,105.85,2013,7,3,1.0799999999999983,1.0308294359072212,97.78333333333333,July
2013-07-15,106.2,2013,7,3,0.3500000000000085,0.3306565895134783,98.259,July
2013-07-16,105.88,2013,7,3,-0.3200000000000074,-0.3013182674199699,98.67466666666665,July
2013-07-17,106.39,2013,7,3,0.5100000000000051,0.48167737060824667,99.109,July
2013-07-18,107.94,2013,7,3,1.5499999999999972,1.456903844346269,99.58500000000001,July
2013-07-19,108.0,2013,7,3,0.060000000000002274,0.05558643690939391,100.028,July
2013-07-22,106.61,2013,7,3,-1.3900000000000006,-1.287037037037042,100.37799999999999,July
2013-07-23,107.13,2013,7,3,0.519999999999996,0.48775912203358196,100.75500000000001,July
2013-07-24,105.41,2013,7,3,-1.7199999999999989,-1.6055259964529056,101.08533333333334,July
2013-07-25,105.47,2013,7,3,0.060000000000002274,0.05692059576889452,101.40166666666667,July
2013-07-26,104.76,2013,7,3,-0.7099999999999937,-0.6731772067886554,101.67166666666665,July
2013-07-29,104.61,2013,7,3,-0.15000000000000568,-0.1431844215349476,101.89766666666667,July
2013-07-30,103.14,2013,7,3,-1.4699999999999989,-1.4052193862919449,102.07366666666667,July
2013-07-31,105.1,2013,7,3,1.9599999999999937,1.9003296490207378,102.295,July
2013-08-01,107.93,2013,8,3,2.8300000000000125,2.6926736441484467,102.618,August
2013-08-02,106.94,2013,8,3,-0.9900000000000091,-0.917261187806917,103.01966666666667,August
2013-08-05,106.61,2013,8,3,-0.3299999999999983,-0.30858425285206215,103.44633333333333,August
2013-08-06,105.32,2013,8,3,-1.2900000000000063,-1.2100178219679236,103.788,August
2013-08-07,104.41,2013,8,3,-0.9099999999999966,-0.8640334219521373,104.09333333333332,August
2013-08-08,103.45,2013,8,3,-0.9599999999999937,-0.9194521597548078,104.35933333333334,August
2013-08-09,106.04,2013,8,3,2.5900000000000034,2.503624939584337,104.66066666666667,August
2013-08-12,106.19,2013,8,3,0.14999999999999147,0.14145605431912234,104.98833333333333,August
2013-08-13,106.78,2013,8,3,0.5900000000000034,0.555607872681052,105.28299999999999,August
2013-08-14,106.89,2013,8,3,0.10999999999999943,0.10301554598239893,105.52433333333333,August
2013-08-15,107.43,2013,8,3,0.5400000000000063,0.5051922537187892,105.708,August
2013-08-16,107.58,2013,8,3,0.14999999999999147,0.13962580284836434,105.85766666666667,August
2013-08-19,107.14,2013,8,3,-0.4399999999999977,-0.4089979550102263,105.99466666666666,August
2013-08-20,104.9,2013,8,3,-2.239999999999995,-2.0907224192645124,106.04266666666666,August
2013-08-21,103.93,2013,8,3,-0.9699999999999989,-0.9246901811248764,105.96000000000001,August
2013-08-22,104.93,2013,8,3,1.0,0.962186086789174,105.96533333333333,August
2013-08-23,106.48,2013,8,3,1.5499999999999972,1.4771752596969279,105.98633333333333,August
2013-08-26,105.88,2013,8,3,-0.6000000000000085,-0.5634861006761915,105.97566666666667,August
2013-08-27,109.11,2013,8,3,3.230000000000004,3.050623347185488,106.08333333333333,August
2013-08-28,110.17,2013,8,3,1.0600000000000023,0.9714966547520909,106.20933333333332,August
2013-08-29,108.51,2013,8,3,-1.6599999999999966,-1.506762276481799,106.22833333333332,August
2013-08-30,107.98,2013,8,3,-0.5300000000000011,-0.48843424569163796,106.22766666666666,August
2013-09-03,108.67,2013,9,3,0.6899999999999977,0.6390072235599176,106.29633333333335,September
2013-09-04,107.29,2013,9,3,-1.3799999999999955,-1.269899696328325,106.30166666666668,September
2013-09-05,108.5,2013,9,3,1.2099999999999937,1.1277845092739325,106.40466666666667,September
2013-09-06,110.62,2013,9,3,2.1200000000000045,1.9539170506912562,106.57633333333334,September
2013-09-09,109.62,2013,9,3,-1.0,-0.9039956608208333,106.73833333333333,September
2013-09-10,107.48,2013,9,3,-2.1400000000000006,-1.952198503922642,106.834,September
2013-09-11,107.65,2013,9,3,0.1700000000000017,0.15816896166729322,106.98433333333334,September
2013-09-12,108.72,2013,9,3,1.0699999999999932,0.9939619136089206,107.105,September
2013-09-13,108.31,2013,9,3,-0.4099999999999966,-0.3771155261221404,107.11766666666668,September
2013-09-16,106.54,2013,9,3,-1.769999999999996,-1.6341981349829116,107.10433333333334,September
2013-09-17,105.36,2013,9,3,-1.1800000000000068,-1.1075652337150466,107.06266666666667,September
2013-09-18,108.23,2013,9,3,2.8700000000000045,2.7239939255884638,107.15966666666667,September
2013-09-19,106.26,2013,9,3,-1.9699999999999989,-1.8201977270627334,107.22133333333335,September
2013-09-20,104.7,2013,9,3,-1.5600000000000023,-1.4680971202710391,107.26299999999999,September
2013-09-23,103.62,2013,9,3,-1.0799999999999983,-1.0315186246418362,107.18233333333335,September
2013-09-24,103.22,2013,9,3,-0.4000000000000057,-0.38602586373287506,107.08333333333333,September
2013-09-25,102.68,2013,9,3,-0.539999999999992,-0.5231544274365341,106.94666666666667,September
2013-09-26,103.1,2013,9,3,0.4199999999999875,0.4090377873003481,106.82033333333332,September
2013-09-27,102.86,2013,9,3,-0.23999999999999488,-0.23278370514063784,106.66799999999999,September
2013-09-30,102.36,2013,9,3,-0.5,-0.48609760839977145,106.494,September
2013-10-01,102.09,2013,10,4,-0.269999999999996,-0.263774912075021,106.32566666666668,October
2013-10-02,104.15,2013,10,4,2.0600000000000023,2.017827407189743,106.30066666666667,October
2013-10-03,103.29,2013,10,4,-0.8599999999999994,-0.8257321171387444,106.27933333333334,October
2013-10-04,103.83,2013,10,4,0.539999999999992,0.5227998838222447,106.24266666666668,October
2013-10-07,103.07,2013,10,4,-0.7600000000000051,-0.7319657131850232,106.12899999999999,October
2013-10-08,103.54,2013,10,4,0.4700000000000131,0.456000776171539,106.05099999999999,October
2013-10-09,101.63,2013,10,4,-1.9100000000000108,-1.844697701371456,105.80166666666668,October
2013-10-10,103.08,2013,10,4,1.4500000000000028,1.426744071632391,105.56533333333333,October
2013-10-11,102.17,2013,10,4,-0.9099999999999966,-0.8828094683740795,105.354,October
2013-10-14,102.46,2013,10,4,0.28999999999999204,0.2838406577273078,105.17,October
2013-10-15,101.15,2013,10,4,-1.309999999999988,-1.2785477259418143,104.91933333333333,October
2013-10-16,102.34,2013,10,4,1.1899999999999977,1.17647058823529,104.75433333333334,October
2013-10-17,100.72,2013,10,4,-1.6200000000000045,-1.58295876490131,104.49499999999999,October
2013-10-18,100.87,2013,10,4,0.15000000000000568,0.14892772041303903,104.17,October
2013-10-21,99.28,2013,10,4,-1.5900000000000034,-1.5762863091107415,103.82533333333335,October
2013-10-22,97.63,2013,10,4,-1.6500000000000057,-1.661966156325545,103.49700000000001,October
2013-10-23,96.9,2013,10,4,-0.7299999999999898,-0.7477209874014012,103.13866666666667,October
2013-10-24,96.65,2013,10,4,-0.25,-0.25799793601650745,102.73633333333333,October
2013-10-25,97.4,2013,10,4,0.75,0.7759958613554163,102.37266666666666,October
2013-10-28,98.74,2013,10,4,1.3399999999999892,1.3757700205338619,102.11266666666666,October
2013-10-29,98.29,2013,10,4,-0.44999999999998863,-0.4557423536560523,101.87700000000001,October
2013-10-30,96.81,2013,10,4,-1.480000000000004,-1.5057482958591994,101.49633333333334,October
2013-10-31,96.29,2013,10,4,-0.519999999999996,-0.5371345935337168,101.164,October
2013-11-01,94.56,2013,11,4,-1.730000000000004,-1.7966559351957678,100.82600000000001,November
2013-11-04,94.58,2013,11,4,0.01999999999999602,0.021150592216567787,100.52466666666666,November
2013-11-05,93.4,2013,11,4,-1.1799999999999926,-1.247621061535198,100.19733333333333,November
2013-11-06,94.74,2013,11,4,1.3399999999999892,1.4346895074946353,99.93266666666666,November
2013-11-07,94.25,2013,11,4,-0.4899999999999949,-0.517204982056152,99.63766666666668,November
2013-11-08,94.56,2013,11,4,0.3100000000000023,0.3289124668435006,99.361,November
2013-11-11,95.13,2013,11,4,0.5699999999999932,0.6027918781725816,99.11999999999999,November
2013-11-12,93.12,2013,11,4,-2.009999999999991,-2.1128981393881974,98.82099999999998,November
2013-11-13,93.91,2013,11,4,0.789999999999992,0.8483676975944876,98.47966666666667,November
2013-11-14,93.76,2013,11,4,-0.14999999999999147,-0.15972739857309515,98.16199999999999,November
2013-11-15,93.8,2013,11,4,0.03999999999999204,0.04266211604093684,97.82766666666666,November
2013-11-18,93.03,2013,11,4,-0.769999999999996,-0.8208955223880543,97.493,November
2013-11-19,93.35,2013,11,4,0.3199999999999932,0.34397506180801063,97.15333333333335,November
2013-11-20,93.34,2013,11,4,-0.009999999999990905,-0.010712372790566693,96.877,November
2013-11-21,95.35,2013,11,4,2.009999999999991,2.1534176130276306,96.61933333333334,November
2013-11-22,94.53,2013,11,4,-0.8199999999999932,-0.8599895123230117,96.36466666666666,November
2013-11-25,93.86,2013,11,4,-0.6700000000000017,-0.7087697027398754,96.078,November
2013-11-26,93.41,2013,11,4,-0.45000000000000284,-0.47943746004688315,95.82,November
2013-11-27,92.05,2013,11,4,-1.3599999999999994,-1.4559469007600856,95.477,November
2013-11-29,92.55,2013,11,4,0.5,0.5431830526887671,95.20466666666667,November
2013-12-02,93.61,2013,12,4,1.0600000000000023,1.1453268503511582,94.96266666666666,December
2013-12-03,95.83,2013,12,4,2.219999999999999,2.371541501976293,94.84766666666665,December
2013-12-04,96.97,2013,12,4,1.1400000000000006,1.1896065950119938,94.82566666666666,December
2013-12-05,97.14,2013,12,4,0.1700000000000017,0.17531195215014783,94.83366666666667,December
2013-12-06,97.48,2013,12,4,0.3400000000000034,0.3500102944204331,94.86133333333333,December
2013-12-09,97.1,2013,12,4,-0.38000000000000966,-0.389823553549451,94.85133333333333,December
2013-12-10,98.32,2013,12,4,1.2199999999999989,1.2564366632337842,94.83733333333335,December
2013-12-11,97.25,2013,12,4,-1.0699999999999932,-1.088283157038239,94.80266666666667,December
2013-12-12,97.21,2013,12,4,-0.04000000000000625,-0.04113110539846199,94.816,December
2013-12-13,96.27,2013,12,4,-0.9399999999999977,-0.9669787058944501,94.81533333333333,December
2013-12-16,97.18,2013,12,4,0.9100000000000108,0.945258128181159,94.90266666666666,December
2013-12-17,96.99,2013,12,4,-0.19000000000001194,-0.19551348013996384,94.98299999999999,December
2013-12-18,97.59,2013,12,4,0.6000000000000085,0.6186204763377834,95.12266666666666,December
2013-12-19,98.4,2013,12,4,0.8100000000000023,0.8300030740854725,95.24466666666667,December
2013-12-20,99.11,2013,12,4,0.7099999999999937,0.7215447154471422,95.40666666666668,December
2013-12-23,98.62,2013,12,4,-0.4899999999999949,-0.494400161436781,95.542,December
2013-12-24,98.87,2013,12,4,0.25,0.2534982762117277,95.66666666666667,December
2013-12-26,99.18,2013,12,4,0.3100000000000023,0.3135430363103042,95.86866666666668,December
2013-12-27,99.94,2013,12,4,0.7599999999999909,0.7662835249041988,96.06966666666666,December
2013-12-30,98.9,2013,12,4,-1.039999999999992,-1.0406243746247656,96.241,December
2013-12-31,98.17,2013,12,4,-0.730000000000004,-0.7381193124368135,96.38666666666667,December
2014-01-02,95.14,2014,1,1,-3.030000000000001,-3.0864826321686856,96.45700000000001,January
2014-01-03,93.66,2014,1,1,-1.480000000000004,-1.555602270338452,96.46733333333333,January
2014-01-06,93.12,2014,1,1,-0.539999999999992,-0.5765534913516945,96.46000000000001,January
2014-01-07,93.31,2014,1,1,0.18999999999999773,0.2040378006872734,96.392,January
2014-01-08,91.9,2014,1,1,-1.4099999999999966,-1.511092058728969,96.30433333333333,January
2014-01-09,91.36,2014,1,1,-0.5400000000000063,-0.5875952121871642,96.221,January
2014-01-10,92.39,2014,1,1,1.0300000000000011,1.127408056042034,96.187,January
2014-01-13,91.45,2014,1,1,-0.9399999999999977,-1.0174261283688701,96.16699999999999,January
2014-01-14,92.15,2014,1,1,0.7000000000000028,0.7654455986878084,96.15366666666667,January
2014-01-15,93.78,2014,1,1,1.6299999999999955,1.7688551275094833,96.15933333333334,January
2014-01-16,93.54,2014,1,1,-0.23999999999999488,-0.2559181062060101,96.08300000000001,January
2014-01-17,93.96,2014,1,1,0.4199999999999875,0.44900577293134347,95.98266666666667,January
2014-01-21,94.51,2014,1,1,0.5500000000000114,0.5853554704129627,95.895,January
2014-01-22,96.35,2014,1,1,1.8399999999999892,1.946883927626697,95.85733333333333,January
2014-01-23,97.23,2014,1,1,0.8800000000000097,0.9133367929424097,95.86166666666666,January
2014-01-24,96.66,2014,1,1,-0.5700000000000074,-0.5862388151805065,95.80633333333334,January
2014-01-27,95.82,2014,1,1,-0.8400000000000034,-0.8690254500310357,95.75866666666666,January
2014-01-28,97.49,2014,1,1,1.6700000000000017,1.7428511792945134,95.768,January
2014-01-29,97.34,2014,1,1,-0.14999999999999147,-0.15386193455738661,95.80366666666666,January
2014-01-30,98.25,2014,1,1,0.9099999999999966,0.9348674748304919,95.83933333333333,January
2014-01-31,97.55,2014,1,1,-0.7000000000000028,-0.7124681933842303,95.858,January
2014-02-03,96.44,2014,2,1,-1.1099999999999994,-1.137878011276272,95.81966666666668,February
2014-02-04,97.24,2014,2,1,0.7999999999999972,0.8295313148071415,95.78099999999999,February
2014-02-05,97.4,2014,2,1,0.1600000000000108,0.16454134101193674,95.72399999999999,February
2014-02-06,97.84,2014,2,1,0.4399999999999977,0.4517453798768001,95.69800000000001,February
2014-02-07,99.98,2014,2,1,2.1400000000000006,2.1872444807849556,95.735,February
2014-02-10,100.12,2014,2,1,0.14000000000000057,0.14002800560111162,95.76633333333332,February
2014-02-11,99.96,2014,2,1,-0.1600000000000108,-0.15980823012385903,95.76700000000001,February
2014-02-12,100.38,2014,2,1,0.4200000000000017,0.42016806722688926,95.81633333333335,February
2014-02-13,100.27,2014,2,1,-0.10999999999999943,-0.10958358238692956,95.88633333333334,February
2014-02-14,100.31,2014,2,1,0.04000000000000625,0.0398922908148025,96.05866666666667,February
2014-02-18,102.54,2014,2,1,2.230000000000004,2.22310836407138,96.35466666666666,February
2014-02-19,103.46,2014,2,1,0.9199999999999875,0.8972108445484572,96.69933333333333,February
2014-02-20,103.2,2014,2,1,-0.2599999999999909,-0.2513048521167516,97.029,February
2014-02-21,102.53,2014,2,1,-0.6700000000000017,-0.6492248062015538,97.38333333333334,February
2014-02-24,103.17,2014,2,1,0.6400000000000006,0.6242075490100474,97.777,February
2014-02-25,102.2,2014,2,1,-0.9699999999999989,-0.9401957933507843,98.104,February
2014-02-26,102.93,2014,2,1,0.730000000000004,0.7142857142857117,98.48666666666668,February
2014-02-27,102.68,2014,2,1,-0.25,-0.24288351306713807,98.83766666666666,February
2014-02-28,102.88,2014,2,1,0.19999999999998863,0.19477989871443668,99.141,February
2014-03-03,105.34,2014,3,1,2.460000000000008,2.3911353032659566,99.53433333333332,March
2014-03-04,103.64,2014,3,1,-1.7000000000000028,-1.6138219100056972,99.857,March
2014-03-05,101.75,2014,3,1,-1.8900000000000006,-1.8236202238517962,100.09833333333334,March
2014-03-06,101.82,2014,3,1,0.06999999999999318,0.06879606879606204,100.28066666666668,March
2014-03-07,102.82,2014,3,1,1.0,0.9821253191907298,100.46700000000001,March
2014-03-10,101.39,2014,3,1,-1.4299999999999926,-1.3907800038902907,100.62466666666666,March
2014-03-11,100.29,2014,3,1,-1.0999999999999943,-1.0849196173192577,100.77366666666667,March
2014-03-12,98.29,2014,3,1,-2.0,-1.9942167713630443,100.80033333333333,March
2014-03-13,98.57,2014,3,1,0.2799999999999869,0.2848712992165936,100.84133333333334,March
2014-03-14,99.23,2014,3,1,0.6600000000000108,0.669574921375693,100.87400000000001,March
2014-03-17,98.43,2014,3,1,-0.7999999999999972,-0.8062078000604656,100.90333333333334,March
2014-03-18,100.08,2014,3,1,1.6499999999999915,1.676318195672044,101.02466666666666,March
2014-03-19,100.71,2014,3,1,0.6299999999999955,0.6294964028776828,101.14033333333333,March
2014-03-20,99.68,2014,3,1,-1.029999999999987,-1.022738556250613,101.21633333333334,March
2014-03-21,99.97,2014,3,1,0.28999999999999204,0.2909309791332193,101.28733333333334,March
2014-03-24,100.05,2014,3,1,0.0799999999999983,0.08002400720215075,101.28966666666666,March
2014-03-25,99.66,2014,3,1,-0.39000000000000057,-0.389805097451279,101.27433333333333,March
2014-03-26,100.61,2014,3,1,0.9500000000000028,0.9532410194661889,101.296,March
2014-03-27,101.25,2014,3,1,0.6400000000000006,0.6361196700129135,101.325,March
2014-03-28,101.73,2014,3,1,0.480000000000004,0.4740740740740712,101.37366666666667,March
2014-03-31,101.57,2014,3,1,-0.1600000000000108,-0.15727907205348446,101.41566666666667,March
2014-04-01,99.69,2014,4,2,-1.8799999999999955,-1.8509402382593243,101.32066666666667,April
2014-04-02,99.6,2014,4,2,-0.09000000000000341,-0.09027986758952666,101.192,April
2014-04-03,100.29,2014,4,2,0.6900000000000119,0.6927710843373625,101.09500000000001,April
2014-04-04,101.16,2014,4,2,0.8699999999999903,0.8674842955429085,101.04933333333334,April
2014-04-07,100.43,2014,4,2,-0.7299999999999898,-0.7216291024120136,100.958,April
2014-04-08,102.57,2014,4,2,2.1399999999999864,2.130837399183494,100.97033333333334,April
2014-04-09,103.55,2014,4,2,0.980000000000004,0.9554450619089438,100.991,April
2014-04-10,103.37,2014,4,2,-0.1799999999999926,-0.17382906808304233,101.014,April
2014-04-11,103.68,2014,4,2,0.3100000000000023,0.2998935861468599,101.04066666666667,April
2014-04-14,104.05,2014,4,2,0.36999999999999034,0.3568672839506126,100.99766666666667,April
2014-04-15,103.7,2014,4,2,-0.3499999999999943,-0.3363767419509833,100.99966666666666,April
2014-04-16,103.71,2014,4,2,0.009999999999990905,0.009643201542908209,101.065,April
2014-04-17,104.33,2014,4,2,0.6200000000000045,0.597820846591457,101.14866666666667,April
2014-04-21,104.35,2014,4,2,0.01999999999999602,0.01916994153168261,101.19966666666666,April
2014-04-22,101.69,2014,4,2,-2.6599999999999966,-2.549113560134164,101.20966666666666,April
2014-04-23,101.47,2014,4,2,-0.21999999999999886,-0.2163437899498466,101.24900000000001,April
2014-04-24,102.2,2014,4,2,0.730000000000004,0.7194244604316502,101.37933333333334,April
2014-04-25,100.85,2014,4,2,-1.3500000000000085,-1.3209393346379716,101.45533333333333,April
2014-04-28,101.13,2014,4,2,0.28000000000000114,0.2776400594943107,101.51866666666666,April
2014-04-29,101.56,2014,4,2,0.4300000000000068,0.42519529318698623,101.623,April
2014-04-30,100.07,2014,4,2,-1.490000000000009,-1.4671130366285978,101.62266666666667,April
2014-05-01,99.69,2014,5,2,-0.37999999999999545,-0.37973418606974674,101.58866666666668,May
2014-05-02,100.09,2014,5,2,0.4000000000000057,0.40124385595345924,101.60233333333332,May
2014-05-05,99.74,2014,5,2,-0.3500000000000085,-0.3496852832450825,101.59466666666667,May
2014-05-06,99.81,2014,5,2,0.07000000000000739,0.07018247443353332,101.58666666666666,May
2014-05-07,101.06,2014,5,2,1.25,1.2523795210900746,101.63333333333334,May
2014-05-08,100.52,2014,5,2,-0.5400000000000063,-0.5343360379972406,101.63033333333333,May
2014-05-09,100.32,2014,5,2,-0.20000000000000284,-0.19896538002387443,101.59933333333333,May
2014-05-12,100.89,2014,5,2,0.5700000000000074,0.5681818181818343,101.57133333333333,May
2014-05-13,102.01,2014,5,2,1.1200000000000045,1.1101199325998623,101.586,May
2014-05-14,102.63,2014,5,2,0.6199999999999903,0.6077835506322904,101.684,May
2014-05-15,101.74,2014,5,2,-0.8900000000000006,-0.8671928286076214,101.75533333333334,May
2014-05-16,102.31,2014,5,2,0.5700000000000074,0.5602516217810161,101.82266666666666,May
2014-05-19,102.95,2014,5,2,0.6400000000000006,0.6255497996285886,101.88233333333332,May
2014-05-20,102.8,2014,5,2,-0.15000000000000568,-0.14570179698883967,101.96133333333334,May
2014-05-21,104.31,2014,5,2,1.5100000000000051,1.468871595330734,102.01933333333334,May
2014-05-22,104.03,2014,5,2,-0.28000000000000114,-0.26843063944013146,102.03533333333334,May
2014-05-23,105.01,2014,5,2,0.980000000000004,0.9420359511679299,102.08999999999999,May
2014-05-27,104.78,2014,5,2,-0.23000000000000398,-0.2190267593562556,102.12666666666668,May
2014-05-28,103.37,2014,5,2,-1.4099999999999966,-1.3456766558503475,102.104,May
2014-05-29,104.26,2014,5,2,0.8900000000000006,0.8609848118409591,102.12266666666666,May
2014-05-30,103.4,2014,5,2,-0.8599999999999994,-0.8248609246115479,102.11233333333332,May
2014-06-02,103.07,2014,6,2,-0.3300000000000125,-0.31914893617022155,102.07033333333334,June
2014-06-03,103.34,2014,6,2,0.27000000000001023,0.2619578926942978,102.03666666666668,June
2014-06-04,103.27,2014,6,2,-0.07000000000000739,-0.06773756531837094,102.08933333333334,June
2014-06-05,103.17,2014,6,2,-0.09999999999999432,-0.09683354313934078,102.14599999999999,June
2014-06-06,103.32,2014,6,2,0.14999999999999147,0.14539110206455153,102.18333333333334,June
2014-06-09,105.09,2014,6,2,1.7700000000000102,1.7131242740998864,102.32466666666667,June
2014-06-10,105.02,2014,6,2,-0.07000000000000739,-0.06660957274717827,102.45433333333334,June
2014-06-11,105.04,2014,6,2,0.020000000000010232,0.019043991620648626,102.57033333333334,June
2014-06-12,107.2,2014,6,2,2.1599999999999966,2.0563594821020548,102.80799999999999,June
2014-06-13,107.49,2014,6,2,0.28999999999999204,0.27052238805969075,103.068,June
2014-06-16,107.52,2014,6,2,0.030000000000001137,0.027909572983531028,103.31566666666667,June
2014-06-17,106.95,2014,6,2,-0.5699999999999932,-0.530133928571419,103.556,June
2014-06-18,106.64,2014,6,2,-0.3100000000000023,-0.28985507246377384,103.78366666666666,June
2014-06-19,107.08,2014,6,2,0.4399999999999977,0.4126031507877048,103.98433333333334,June
2014-06-20,107.95,2014,6,2,0.8700000000000045,0.8124766529697514,104.232,June
2014-06-23,106.83,2014,6,2,-1.1200000000000045,-1.0375173691523853,104.449,June
2014-06-24,106.64,2014,6,2,-0.18999999999999773,-0.17785266310961223,104.64066666666666,June
2014-06-25,107.04,2014,6,2,0.4000000000000057,0.3750937734433579,104.80833333333334,June
2014-06-26,106.49,2014,6,2,-0.5500000000000114,-0.5138266068759445,104.937,June
2014-06-27,106.46,2014,6,2,-0.030000000000001137,-0.028171659310738395,105.09433333333332,June
2014-06-30,106.07,2014,6,2,-0.39000000000000057,-0.36633477362389977,105.21966666666667,June
2014-07-01,106.06,2014,7,3,-0.009999999999990905,-0.009427736400480224,105.32333333333334,July
2014-07-02,105.18,2014,7,3,-0.8799999999999955,-0.8297190269658694,105.40266666666666,July
2014-07-03,104.76,2014,7,3,-0.4200000000000017,-0.399315459212779,105.41766666666668,July
2014-07-07,104.19,2014,7,3,-0.5700000000000074,-0.5441008018327698,105.42299999999999,July
2014-07-08,104.06,2014,7,3,-0.12999999999999545,-0.1247720510605621,105.39133333333334,July
2014-07-09,102.93,2014,7,3,-1.1299999999999955,-1.085911973861231,105.32966666666667,July
2014-07-10,103.61,2014,7,3,0.6799999999999926,0.6606431555425951,105.33766666666666,July
2014-07-11,101.48,2014,7,3,-2.1299999999999955,-2.0557861210307893,105.24500000000002,July
2014-07-14,101.73,2014,7,3,0.25,0.24635396137169252,105.18933333333334,July
2014-07-15,100.56,2014,7,3,-1.1700000000000017,-1.1501032143910406,105.10566666666666,July
2014-07-16,101.88,2014,7,3,1.3199999999999932,1.3126491646777927,105.05699999999999,July
2014-07-17,103.84,2014,7,3,1.960000000000008,1.9238319591676545,105.076,July
2014-07-18,103.83,2014,7,3,-0.010000000000005116,-0.009630200308174963,105.098,July
2014-07-21,105.34,2014,7,3,1.5100000000000051,1.45430029856497,105.16533333333334,July
2014-07-22,104.59,2014,7,3,-0.75,-0.7119802544142795,105.14866666666667,July
2014-07-23,103.81,2014,7,3,-0.7800000000000011,-0.7457691939956046,105.10833333333333,July
2014-07-24,102.76,2014,7,3,-1.0499999999999972,-1.011463250168576,105.03233333333333,July
2014-07-25,105.23,2014,7,3,2.469999999999999,2.403659011288428,104.96666666666667,July
2014-07-28,105.68,2014,7,3,0.45000000000000284,0.42763470493205613,104.90633333333334,July
2014-07-29,104.91,2014,7,3,-0.7700000000000102,-0.7286146858440645,104.81933333333333,July
2014-07-30,104.29,2014,7,3,-0.6199999999999903,-0.5909827471165641,104.73066666666666,July
2014-07-31,98.23,2014,7,3,-6.060000000000002,-5.810720107392853,104.45033333333335,July
2014-08-01,97.86,2014,8,3,-0.37000000000000455,-0.37666700600631486,104.143,August
2014-08-04,98.26,2014,8,3,0.4000000000000057,0.408747189863079,103.82,August
2014-08-05,97.34,2014,8,3,-0.9200000000000017,-0.9362914716059434,103.50366666666667,August
2014-08-06,96.93,2014,8,3,-0.4099999999999966,-0.4212040271214246,103.18,August
2014-08-07,97.34,2014,8,3,0.4099999999999966,0.422985659754449,102.85666666666665,August
2014-08-08,97.61,2014,8,3,0.269999999999996,0.27737826176288394,102.56066666666668,August
2014-08-11,98.09,2014,8,3,0.480000000000004,0.4917528941706939,102.28166666666667,August
2014-08-12,97.36,2014,8,3,-0.730000000000004,-0.7442144968906161,101.99133333333334,August
2014-08-13,97.57,2014,8,3,0.20999999999999375,0.21569433032044838,101.70833333333333,August
2014-08-14,95.54,2014,8,3,-2.029999999999987,-2.0805575484267536,101.387,August
2014-08-15,97.3,2014,8,3,1.759999999999991,1.8421603516851404,101.13833333333332,August
2014-08-18,96.44,2014,8,3,-0.8599999999999994,-0.8838643371017474,100.88000000000001,August
2014-08-19,94.35,2014,8,3,-2.0900000000000034,-2.1671505599336394,100.55633333333334,August
2014-08-20,96.4,2014,8,3,2.0500000000000114,2.1727609962904237,100.33866666666667,August
2014-08-21,93.97,2014,8,3,-2.430000000000007,-2.520746887966807,100.01733333333333,August
2014-08-22,93.61,2014,8,3,-0.35999999999999943,-0.3831009896775539,99.75499999999998,August
2014-08-25,95.39,2014,8,3,1.7800000000000011,1.901506249332341,99.54366666666667,August
2014-08-26,95.78,2014,8,3,0.39000000000000057,0.40884788761925694,99.38433333333333,August
2014-08-27,95.82,2014,8,3,0.03999999999999204,0.04176237210271605,99.18233333333335,August
2014-08-28,96.44,2014,8,3,0.6200000000000045,0.6470465456063446,98.93566666666668,August
2014-08-29,97.86,2014,8,3,1.4200000000000017,1.4724180837826673,98.73666666666668,August
2014-09-02,92.92,2014,9,3,-4.939999999999998,-5.048027794808907,98.32266666666666,September
2014-09-03,95.5,2014,9,3,2.5799999999999983,2.7765820060266844,98.01966666666665,September
2014-09-04,94.51,2014,9,3,-0.9899999999999949,-1.0366492146596795,97.70966666666666,September
2014-09-05,93.32,2014,9,3,-1.190000000000012,-1.259126018410761,97.39500000000001,September
2014-09-08,92.64,2014,9,3,-0.6799999999999926,-0.7286755250750065,96.97533333333334,September
2014-09-09,92.73,2014,9,3,0.09000000000000341,0.09715025906735786,96.54366666666667,September
2014-09-10,91.71,2014,9,3,-1.0200000000000102,-1.0999676480103582,96.10366666666667,September
2014-09-11,92.89,2014,9,3,1.1800000000000068,1.2866644858794185,95.72366666666667,September
2014-09-12,92.18,2014,9,3,-0.7099999999999937,-0.764344924103777,95.52199999999999,September
2014-09-15,92.86,2014,9,3,0.6799999999999926,0.7376871338685032,95.35533333333333,September
2014-09-16,94.91,2014,9,3,2.049999999999997,2.2076243807882756,95.24366666666667,September
2014-09-17,94.33,2014,9,3,-0.5799999999999983,-0.6111052576124765,95.14333333333335,September
2014-09-18,93.07,2014,9,3,-1.2600000000000051,-1.3357362450970078,95.01466666666667,September
2014-09-19,92.43,2014,9,3,-0.6399999999999864,-0.6876544536370321,94.85100000000001,September
2014-09-22,91.46,2014,9,3,-0.9700000000000131,-1.0494428215947371,94.64599999999999,September
2014-09-23,91.55,2014,9,3,0.09000000000000341,0.09840367373714631,94.42800000000001,September
2014-09-24,93.6,2014,9,3,2.049999999999997,2.2392135445111983,94.30266666666667,September
2014-09-25,93.59,2014,9,3,-0.009999999999990905,-0.010683760683749544,94.17,September
2014-09-26,95.55,2014,9,3,1.9599999999999937,2.0942408376963373,94.17033333333333,September
2014-09-29,94.53,2014,9,3,-1.019999999999996,-1.0675039246467732,94.078,September
2014-09-30,91.17,2014,9,3,-3.3599999999999994,-3.554427165979057,93.90233333333335,September
2014-10-01,90.74,2014,10,4,-0.4300000000000068,-0.4716463749040334,93.78199999999998,October
2014-10-02,91.02,2014,10,4,0.28000000000000114,0.3085739475424232,93.60266666666666,October
2014-10-03,89.76,2014,10,4,-1.259999999999991,-1.3843111404086894,93.46233333333333,October
2014-10-06,90.33,2014,10,4,0.5699999999999932,0.6350267379679142,93.35300000000001,October
2014-10-07,88.89,2014,10,4,-1.4399999999999977,-1.5941547658585131,93.13633333333333,October
2014-10-08,87.29,2014,10,4,-1.5999999999999943,-1.7999775002812357,92.85333333333334,October
2014-10-09,85.76,2014,10,4,-1.5300000000000011,-1.752778096001839,92.518,October
2014-10-10,85.87,2014,10,4,0.10999999999999943,0.12826492537312273,92.16566666666667,October
2014-10-13,85.73,2014,10,4,-0.14000000000000057,-0.1630371491789906,91.76133333333333,October
2014-10-14,81.72,2014,10,4,-4.010000000000005,-4.6774757961040585,91.388,October
2014-10-15,81.82,2014,10,4,0.09999999999999432,0.12236906510032508,90.932,October
2014-10-16,82.33,2014,10,4,0.5100000000000051,0.6233194817893084,90.526,October
2014-10-17,82.8,2014,10,4,0.46999999999999886,0.5708733147090861,90.17533333333333,October
2014-10-20,82.76,2014,10,4,-0.03999999999999204,-0.048309178743954906,89.846,October
2014-10-21,83.25,2014,10,4,0.4899999999999949,0.5920734654422333,89.53,October
2014-10-22,80.52,2014,10,4,-2.730000000000004,-3.279279279279279,89.157,October
2014-10-23,82.81,2014,10,4,2.2900000000000063,2.8440139095876837,88.821,October
2014-10-24,81.27,2014,10,4,-1.5400000000000063,-1.8596787827557137,88.45733333333334,October
2014-10-27,81.26,2014,10,4,-0.009999999999990905,-0.012304663467443966,88.07066666666667,October
2014-10-28,81.36,2014,10,4,0.09999999999999432,0.12306177701204568,87.619,October
2014-10-29,82.25,2014,10,4,0.8900000000000006,1.0939036381514278,87.21633333333332,October
2014-10-30,81.06,2014,10,4,-1.1899999999999977,-1.4468085106382977,86.816,October
2014-10-31,80.53,2014,10,4,-0.5300000000000011,-0.6538366641993587,86.41933333333333,October
2014-11-03,78.77,2014,11,4,-1.7600000000000051,-2.1855209238793027,85.99633333333334,November
2014-11-04,77.15,2014,11,4,-1.6199999999999903,-2.056620540815024,85.51633333333334,November
2014-11-05,78.71,2014,11,4,1.559999999999988,2.0220349967595475,85.02,November
2014-11-06,77.87,2014,11,4,-0.8399999999999892,-1.067208740947767,84.49600000000001,November
2014-11-07,78.71,2014,11,4,0.8399999999999892,1.0787209451650126,83.93466666666667,November
2014-11-10,77.43,2014,11,4,-1.279999999999987,-1.62622284334899,83.36466666666666,November
2014-11-11,77.85,2014,11,4,0.4199999999999875,0.5424254165052211,82.92066666666666,November
2014-11-12,77.16,2014,11,4,-0.6899999999999977,-0.8863198458574195,82.468,November
2014-11-13,74.13,2014,11,4,-3.030000000000001,-3.9269051321928483,81.905,November
2014-11-14,75.91,2014,11,4,1.7800000000000011,2.4011871037366905,81.44333333333334,November
2014-11-17,75.64,2014,11,4,-0.269999999999996,-0.35568436306151474,80.95366666666668,November
2014-11-18,74.55,2014,11,4,-1.0900000000000034,-1.441036488630354,80.47566666666667,November
2014-11-19,74.55,2014,11,4,0.0,0.0,80.05099999999999,November
2014-11-20,75.63,2014,11,4,1.0799999999999983,1.4486921529174968,79.71333333333334,November
2014-11-21,76.52,2014,11,4,0.8900000000000006,1.1767817003834447,79.40166666666667,November
2014-11-24,75.74,2014,11,4,-0.7800000000000011,-1.0193413486670133,79.06866666666666,November
2014-11-25,74.04,2014,11,4,-1.6999999999999886,-2.244520728809074,78.81266666666666,November
2014-11-26,73.7,2014,11,4,-0.3400000000000034,-0.4592112371690993,78.542,November
2014-11-28,65.94,2014,11,4,-7.760000000000005,-10.529172320217107,77.99566666666668,November
2014-12-01,68.98,2014,12,4,3.0400000000000063,4.610251744009708,77.53500000000001,December
2014-12-02,66.99,2014,12,4,-1.990000000000009,-2.884894172223851,77.00933333333333,December
2014-12-03,67.3,2014,12,4,0.3100000000000023,0.46275563516942064,76.47766666666666,December
2014-12-04,66.73,2014,12,4,-0.5699999999999932,-0.8469539375928536,76.018,December
2014-12-05,65.89,2014,12,4,-0.8400000000000034,-1.2588041360707347,75.454,December
2014-12-08,63.13,2014,12,4,-2.759999999999998,-4.188799514342079,74.84933333333333,December
2014-12-09,63.74,2014,12,4,0.6099999999999994,0.9662600982100367,74.26533333333333,December
2014-12-10,60.99,2014,12,4,-2.75,-4.314402259177907,73.58633333333334,December
2014-12-11,60.01,2014,12,4,-0.980000000000004,-1.606820790293495,72.845,December
2014-12-12,57.81,2014,12,4,-2.1999999999999957,-3.6660556573904324,72.07,December
2014-12-15,55.96,2014,12,4,-1.8500000000000014,-3.200138384362572,71.25099999999999,December
2014-12-16,55.97,2014,12,4,0.00999999999999801,0.01786990707648428,70.491,December
2014-12-17,56.43,2014,12,4,0.46000000000000085,0.8218688583169653,69.80033333333334,December
2014-12-18,54.18,2014,12,4,-2.25,-3.987240829346095,68.98266666666667,December
2014-12-19,56.91,2014,12,4,2.729999999999997,5.038759689922467,68.284,December
2014-12-22,55.25,2014,12,4,-1.6599999999999966,-2.916886311720257,67.502,December
2014-12-23,56.78,2014,12,4,1.5300000000000011,2.7692307692307683,66.81366666666666,December
2014-12-24,55.7,2014,12,4,-1.0799999999999983,-1.9020781965480738,66.07533333333333,December
2014-12-26,54.59,2014,12,4,-1.1099999999999994,-1.9928186714542218,65.32300000000001,December
2014-12-29,53.46,2014,12,4,-1.1300000000000026,-2.069976186114675,64.634,December
2014-12-30,54.14,2014,12,4,0.6799999999999997,1.2719790497568217,63.90833333333333,December
2014-12-31,53.45,2014,12,4,-0.6899999999999977,-1.2744735869966717,63.16866666666667,December
2015-01-02,52.72,2015,1,1,-0.730000000000004,-1.3657623947614717,62.441,January
2015-01-05,50.05,2015,1,1,-2.6700000000000017,-5.064491654021253,61.62433333333333,January
2015-01-06,47.98,2015,1,1,-2.0700000000000003,-4.135864135864131,60.702666666666666,January
2015-01-07,48.69,2015,1,1,0.7100000000000009,1.479783243017918,59.775,January
2015-01-08,48.8,2015,1,1,0.10999999999999943,0.22591907989319981,58.876999999999995,January
2015-01-09,48.35,2015,1,1,-0.44999999999999574,-0.9221311475409721,58.02066666666666,January
2015-01-12,46.06,2015,1,1,-2.289999999999999,-4.736297828335056,57.099333333333334,January
2015-01-13,45.92,2015,1,1,-0.14000000000000057,-0.3039513677811523,56.432,January
2015-01-14,48.49,2015,1,1,2.5700000000000003,5.596689895470375,55.749,January
2015-01-15,46.37,2015,1,1,-2.1200000000000045,-4.372035471231195,55.061666666666675,January
2015-01-16,48.49,2015,1,1,2.1200000000000045,4.571921500970455,54.43466666666667,January
2015-01-20,46.79,2015,1,1,-1.7000000000000028,-3.505877500515575,53.77,January
2015-01-21,47.85,2015,1,1,1.0600000000000023,2.265441333618301,53.16866666666667,January
2015-01-22,45.93,2015,1,1,-1.9200000000000017,-4.0125391849529795,52.595333333333336,January
2015-01-23,45.26,2015,1,1,-0.6700000000000017,-1.4587415632484224,51.97933333333334,January
2015-01-26,44.8,2015,1,1,-0.46000000000000085,-1.0163499779054397,51.43966666666667,January
2015-01-27,45.84,2015,1,1,1.0400000000000063,2.3214285714285854,50.967333333333336,January
2015-01-28,44.08,2015,1,1,-1.7600000000000051,-3.839441535776622,50.50966666666667,January
2015-01-29,44.12,2015,1,1,0.03999999999999915,0.09074410163338875,50.115,January
2015-01-30,47.79,2015,1,1,3.6700000000000017,8.318223028105166,49.842333333333336,January
2015-02-02,49.25,2015,2,1,1.4600000000000009,3.0550324335635093,49.602999999999994,February
2015-02-03,53.04,2015,2,1,3.789999999999999,7.695431472081227,49.565000000000005,February
2015-02-04,48.45,2015,2,1,-4.589999999999996,-8.653846153846146,49.283,February
2015-02-05,50.48,2015,2,1,2.029999999999994,4.189886480908145,49.124,February
2015-02-06,51.66,2015,2,1,1.1799999999999997,2.337559429477021,48.95333333333333,February
2015-02-09,52.99,2015,2,1,1.3300000000000054,2.574525745257472,48.86300000000001,February
2015-02-10,50.06,2015,2,1,-2.9299999999999997,-5.52934515946405,48.711999999999996,February
2015-02-11,48.8,2015,2,1,-1.2600000000000051,-2.516979624450666,48.55666666666666,February
2015-02-12,51.17,2015,2,1,2.3700000000000045,4.856557377049198,48.45766666666667,February
2015-02-13,52.66,2015,2,1,1.4899999999999949,2.9118624193863463,48.431333333333335,February
2015-02-17,53.56,2015,2,1,0.9000000000000057,1.7090770983668957,48.45933333333333,February
2015-02-18,52.13,2015,2,1,-1.4299999999999997,-2.669902912621358,48.528666666666666,February
2015-02-19,51.12,2015,2,1,-1.0100000000000051,-1.937464032227132,48.63333333333333,February
2015-02-20,49.95,2015,2,1,-1.1699999999999946,-2.2887323943661886,48.675333333333334,February
2015-02-23,49.56,2015,2,1,-0.39000000000000057,-0.7807807807807765,48.70066666666666,February
2015-02-24,48.48,2015,2,1,-1.0800000000000054,-2.1791767554479535,48.705000000000005,February
2015-02-25,50.25,2015,2,1,1.7700000000000031,3.65099009900991,48.84466666666667,February
2015-02-26,47.65,2015,2,1,-2.6000000000000014,-5.174129353233836,48.90233333333333,February
2015-02-27,49.84,2015,2,1,2.190000000000005,4.596012591815324,48.94733333333333,February
2015-03-02,49.59,2015,3,1,-0.25,-0.5016051364366003,49.05466666666666,March
2015-03-03,50.43,2015,3,1,0.8399999999999963,1.6938898971566863,49.11933333333333,March
2015-03-04,51.53,2015,3,1,1.1000000000000014,2.181241324608374,49.27733333333333,March
2015-03-05,50.76,2015,3,1,-0.7700000000000031,-1.4942751795070874,49.37433333333333,March
2015-03-06,49.61,2015,3,1,-1.1499999999999986,-2.2655634357761967,49.49699999999999,March
2015-03-09,49.95,2015,3,1,0.3400000000000034,0.6853456964321714,49.65333333333333,March
2015-03-10,48.42,2015,3,1,-1.5300000000000011,-3.063063063063065,49.774,March
2015-03-11,48.06,2015,3,1,-0.35999999999999943,-0.743494423791824,49.848,March
2015-03-12,47.12,2015,3,1,-0.9400000000000048,-1.9558884727424175,49.949333333333335,March
2015-03-13,44.88,2015,3,1,-2.239999999999995,-4.753820033955847,49.974666666666664,March
2015-03-16,43.93,2015,3,1,-0.9500000000000028,-2.116755793226388,49.846000000000004,March
2015-03-17,43.39,2015,3,1,-0.5399999999999991,-1.229228317778286,49.65066666666667,March
2015-03-18,44.63,2015,3,1,1.240000000000002,2.857801336713539,49.37033333333333,March
2015-03-19,44.02,2015,3,1,-0.6099999999999994,-1.3667936365673317,49.22266666666667,March
2015-03-20,46.0,2015,3,1,1.9799999999999969,4.497955474784177,49.07333333333334,March
2015-03-23,47.4,2015,3,1,1.3999999999999986,3.04347826086957,48.931333333333335,March
2015-03-24,47.03,2015,3,1,-0.36999999999999744,-0.7805907172995674,48.73266666666667,March
2015-03-25,48.75,2015,3,1,1.7199999999999989,3.6572400595364707,48.689,March
2015-03-26,51.41,2015,3,1,2.6599999999999966,5.45641025641026,48.776,March
2015-03-27,48.83,2015,3,1,-2.5799999999999983,-5.018478895156586,48.698,March
2015-03-30,48.66,2015,3,1,-0.1700000000000017,-0.34814663116936595,48.56466666666666,March
2015-03-31,47.72,2015,3,1,-0.9399999999999977,-1.9317714755445858,48.37,March
2015-04-01,50.12,2015,4,2,2.3999999999999986,5.029337803855816,48.303000000000004,April
2015-04-02,49.13,2015,4,2,-0.9899999999999949,-1.9752593774940097,48.236666666666665,April
2015-04-06,52.08,2015,4,2,2.9499999999999957,6.0044779157337524,48.30766666666667,April
2015-04-07,53.95,2015,4,2,1.8700000000000045,3.5906298003072212,48.45399999999999,April
2015-04-08,50.44,2015,4,2,-3.510000000000005,-6.506024096385554,48.51933333333333,April
2015-04-09,50.79,2015,4,2,0.3500000000000014,0.6938937351308461,48.53733333333333,April
2015-04-10,51.63,2015,4,2,0.8400000000000034,1.6538688718251704,48.67,April
2015-04-13,51.95,2015,4,2,0.3200000000000003,0.6197946930079468,48.74033333333333,April
2015-04-14,53.3,2015,4,2,1.3499999999999943,2.5986525505293345,48.864000000000004,April
2015-04-15,56.25,2015,4,2,2.950000000000003,5.53470919324579,49.058,April
2015-04-16,56.69,2015,4,2,0.4399999999999977,0.7822222222222175,49.230000000000004,April
2015-04-17,55.71,2015,4,2,-0.9799999999999969,-1.728699947080603,49.394999999999996,April
2015-04-20,56.37,2015,4,2,0.6599999999999966,1.184706515885825,49.62033333333333,April
2015-04-21,55.58,2015,4,2,-0.7899999999999991,-1.4014546744722356,49.808,April
2015-04-22,56.17,2015,4,2,0.5900000000000034,1.061532925512787,50.06633333333333,April
2015-04-23,56.59,2015,4,2,0.4200000000000017,0.7477301050382801,50.35066666666667,April
2015-04-24,55.98,2015,4,2,-0.6100000000000065,-1.0779289627142696,50.645999999999994,April
2015-04-27,55.56,2015,4,2,-0.4199999999999946,-0.7502679528402889,51.001999999999995,April
2015-04-28,57.05,2015,4,2,1.4899999999999949,2.6817854571634214,51.43933333333334,April
2015-04-29,58.55,2015,4,2,1.5,2.629272567922869,51.94466666666666,April
2015-04-30,59.62,2015,4,2,1.0700000000000003,1.8274978650725915,52.44433333333333,April
2015-05-01,59.1,2015,5,2,-0.519999999999996,-0.8721905400872143,52.947,May
2015-05-04,58.92,2015,5,2,-0.17999999999999972,-0.3045685279187804,53.37766666666666,May
2015-05-05,60.38,2015,5,2,1.4600000000000009,2.47793618465717,53.81033333333333,May
2015-05-06,60.93,2015,5,2,0.5499999999999972,0.910897648227893,54.27366666666667,May
2015-05-07,58.99,2015,5,2,-1.9399999999999977,-3.183981618250442,54.615,May
2015-05-08,59.41,2015,5,2,0.4199999999999946,0.7119850822173257,54.88166666666666,May
2015-05-11,59.23,2015,5,2,-0.17999999999999972,-0.3029792964147404,55.22833333333333,May
2015-05-12,60.72,2015,5,2,1.490000000000002,2.515617085936195,55.63033333333333,May
2015-05-13,60.5,2015,5,2,-0.21999999999999886,-0.36231884057971175,56.056333333333335,May
2015-05-14,59.89,2015,5,2,-0.6099999999999994,-1.0082644628099158,56.382,May
2015-05-15,59.73,2015,5,2,-0.1600000000000037,-0.26715645349808526,56.73533333333333,May
2015-05-18,59.44,2015,5,2,-0.28999999999999915,-0.48551816507617085,56.980666666666664,May
2015-05-19,57.3,2015,5,2,-2.1400000000000006,-3.600269179004034,57.092333333333336,May
2015-05-20,58.96,2015,5,2,1.6600000000000037,2.897033158813267,57.376333333333335,May
2015-05-21,60.18,2015,5,2,1.2199999999999989,2.069199457259163,57.68933333333334,May
2015-05-22,58.88,2015,5,2,-1.2999999999999972,-2.160186108341633,57.931000000000004,May
2015-05-26,57.29,2015,5,2,-1.5900000000000034,-2.700407608695654,58.109,May
2015-05-27,57.51,2015,5,2,0.21999999999999886,0.3840111712340777,58.24933333333333,May
2015-05-28,57.69,2015,5,2,0.17999999999999972,0.3129890453834161,58.29733333333333,May
2015-05-29,60.25,2015,5,2,2.5600000000000023,4.437510833766689,58.41599999999999,May
2015-06-01,60.24,2015,6,2,-0.00999999999999801,-0.016597510373439484,58.567,June
2015-06-02,61.3,2015,6,2,1.0599999999999952,1.7596281540504632,58.73133333333333,June
2015-06-03,59.67,2015,6,2,-1.6299999999999955,-2.6590538336052183,58.867666666666665,June
2015-06-04,58.0,2015,6,2,-1.6700000000000017,-2.7987263281380903,58.928666666666665,June
2015-06-05,59.11,2015,6,2,1.1099999999999994,1.9137931034482802,59.01266666666667,June
2015-06-08,58.15,2015,6,2,-0.9600000000000009,-1.6240906783962172,59.085,June
2015-06-09,60.15,2015,6,2,2.0,3.439380911435941,59.23800000000001,June
2015-06-10,61.36,2015,6,2,1.2100000000000009,2.011637572734837,59.38166666666666,June
2015-06-11,60.74,2015,6,2,-0.6199999999999974,-1.0104302477183746,59.45466666666666,June
2015-06-12,59.96,2015,6,2,-0.7800000000000011,-1.2841620019756306,59.466,June
2015-06-15,59.53,2015,6,2,-0.4299999999999997,-0.717144763175448,59.48033333333333,June
2015-06-16,60.01,2015,6,2,0.4799999999999969,0.8063161431210997,59.516666666666666,June
2015-06-17,59.89,2015,6,2,-0.11999999999999744,-0.19996667222129672,59.50033333333333,June
2015-06-18,60.41,2015,6,2,0.519999999999996,0.8682584738687549,59.483,June
2015-06-19,59.62,2015,6,2,-0.7899999999999991,-1.307730508194005,59.504,June
2015-06-22,60.01,2015,6,2,0.39000000000000057,0.6541429050654246,59.524,June
2015-06-23,61.05,2015,6,2,1.0399999999999991,1.733044492584579,59.584666666666664,June
2015-06-24,60.01,2015,6,2,-1.0399999999999991,-1.7035217035217043,59.561,June
2015-06-25,59.59,2015,6,2,-0.4199999999999946,-0.699883352774533,59.53066666666667,June
2015-06-26,59.41,2015,6,2,-0.18000000000000682,-0.30206410471557144,59.51466666666666,June
2015-06-29,58.34,2015,6,2,-1.0699999999999932,-1.8010435953543014,59.46833333333334,June
2015-06-30,59.48,2015,6,2,1.1399999999999935,1.9540623928693712,59.46966666666667,June
2015-07-01,56.94,2015,7,3,-2.539999999999999,-4.270342972427709,59.45766666666667,July
2015-07-02,56.93,2015,7,3,-0.00999999999999801,-0.017562346329469403,59.39,July
2015-07-06,52.48,2015,7,3,-4.450000000000003,-7.816616897944851,59.13333333333333,July
2015-07-07,52.33,2015,7,3,-0.14999999999999858,-0.2858231707317027,58.91499999999999,July
2015-07-08,51.61,2015,7,3,-0.7199999999999989,-1.375883814255685,58.72566666666667,July
2015-07-09,52.76,2015,7,3,1.1499999999999986,2.228250339081561,58.56733333333333,July
2015-07-10,52.74,2015,7,3,-0.01999999999999602,-0.03790750568611889,58.40233333333334,July
2015-07-13,52.19,2015,7,3,-0.5500000000000043,-1.0428517254455927,58.13366666666666,July
2015-07-14,53.05,2015,7,3,0.8599999999999994,1.647825253880053,57.894000000000005,July
2015-07-15,51.4,2015,7,3,-1.6499999999999986,-3.1102733270499505,57.56399999999999,July
2015-07-16,50.9,2015,7,3,-0.5,-0.9727626459143934,57.27166666666667,July
2015-07-17,50.88,2015,7,3,-0.01999999999999602,-0.03929273084478657,57.03433333333333,July
2015-07-20,50.11,2015,7,3,-0.7700000000000031,-1.5133647798742156,56.73433333333333,July
2015-07-21,50.59,2015,7,3,0.480000000000004,0.9578926362003637,56.48233333333334,July
2015-07-22,49.27,2015,7,3,-1.3200000000000003,-2.6092113065823264,56.11966666666667,July
2015-07-23,48.11,2015,7,3,-1.1600000000000037,-2.3543738583316487,55.678000000000004,July
2015-07-24,47.98,2015,7,3,-0.13000000000000256,-0.27021409270422403,55.25266666666667,July
2015-07-27,47.17,2015,7,3,-0.8099999999999952,-1.6882034180908612,54.82633333333333,July
2015-07-28,47.97,2015,7,3,0.7999999999999972,1.6959932160271363,54.441,July
2015-07-29,48.77,2015,7,3,0.8000000000000043,1.667708984782168,54.06633333333333,July
2015-07-30,48.53,2015,7,3,-0.240000000000002,-0.49210580274759996,53.687666666666665,July
2015-07-31,47.11,2015,7,3,-1.4200000000000017,-2.926025139089228,53.24433333333333,July
2015-08-03,45.25,2015,8,3,-1.8599999999999994,-3.9482063256208844,52.76533333333334,August
2015-08-04,45.75,2015,8,3,0.5,1.104972375690605,52.29,August
2015-08-05,45.13,2015,8,3,-0.6199999999999974,-1.3551912568305902,51.75933333333333,August
2015-08-06,44.69,2015,8,3,-0.44000000000000483,-0.9749612231331861,51.248666666666665,August
2015-08-07,43.87,2015,8,3,-0.8200000000000003,-1.834862385321101,50.724666666666664,August
2015-08-10,44.94,2015,8,3,1.0700000000000003,2.4390243902439046,50.242333333333335,August
2015-08-11,43.11,2015,8,3,-1.8299999999999983,-4.072096128170887,49.73466666666666,August
2015-08-12,43.22,2015,8,3,0.10999999999999943,0.2551612154952476,49.19266666666667,August
2015-08-13,42.27,2015,8,3,-0.9499999999999957,-2.1980564553447435,48.70366666666667,August
2015-08-14,42.45,2015,8,3,0.17999999999999972,0.42583392476933657,48.221000000000004,August
2015-08-17,41.93,2015,8,3,-0.5200000000000031,-1.2249705535924638,47.86933333333333,August
2015-08-18,42.58,2015,8,3,0.6499999999999986,1.550202718817073,47.54433333333334,August
2015-08-19,40.75,2015,8,3,-1.8299999999999983,-4.297792390793798,47.18233333333333,August
2015-08-20,41.0,2015,8,3,0.25,0.6134969325153339,46.790333333333336,August
2015-08-21,40.45,2015,8,3,-0.5499999999999972,-1.3414634146341364,46.38066666666666,August
2015-08-24,38.22,2015,8,3,-2.230000000000004,-5.512978986402972,45.915,August
2015-08-25,39.15,2015,8,3,0.9299999999999997,2.4332810047095865,45.45166666666667,August
2015-08-26,38.5,2015,8,3,-0.6499999999999986,-1.6602809706257937,45.02166666666667,August
2015-08-27,42.47,2015,8,3,3.969999999999999,10.311688311688316,44.74066666666667,August
2015-08-28,45.29,2015,8,3,2.8200000000000003,6.6399811631740135,44.55433333333334,August
2015-08-31,49.2,2015,8,3,3.9100000000000037,8.633252373592404,44.524,August
2015-09-01,45.38,2015,9,3,-3.8200000000000003,-7.764227642276422,44.35033333333333,September
2015-09-02,46.3,2015,9,3,0.9199999999999946,2.02732481269281,44.251333333333335,September
2015-09-03,46.75,2015,9,3,0.45000000000000284,0.9719222462203136,44.205999999999996,September
2015-09-04,46.02,2015,9,3,-0.7299999999999969,-1.5614973262031984,44.14066666666666,September
2015-09-08,45.92,2015,9,3,-0.10000000000000142,-0.21729682746631784,44.099000000000004,September
2015-09-09,44.13,2015,9,3,-1.7899999999999991,-3.8980836236933825,43.971000000000004,September
2015-09-10,45.85,2015,9,3,1.7199999999999989,3.8975753455699147,43.873666666666665,September
2015-09-11,44.75,2015,9,3,-1.1000000000000014,-2.399127589967287,43.74766666666667,September
2015-09-14,44.07,2015,9,3,-0.6799999999999997,-1.5195530726257012,43.64633333333333,September
2015-09-15,44.58,2015,9,3,0.509999999999998,1.1572498298161982,43.624,September
2015-09-16,47.12,2015,9,3,2.539999999999999,5.697622252130996,43.669666666666664,September
2015-09-17,46.93,2015,9,3,-0.18999999999999773,-0.40322580645161255,43.72966666666667,September
2015-09-18,44.71,2015,9,3,-2.219999999999999,-4.730449605795862,43.730333333333334,September
2015-09-21,46.67,2015,9,3,1.9600000000000009,4.383806754641029,43.82366666666666,September
2015-09-22,46.17,2015,9,3,-0.5,-1.0713520462824033,43.86466666666667,September
2015-09-23,44.53,2015,9,3,-1.6400000000000006,-3.5520901017977002,43.912,September
2015-09-24,44.94,2015,9,3,0.4099999999999966,0.9207275993712072,43.96933333333333,September
2015-09-25,45.55,2015,9,3,0.6099999999999994,1.3573653760569737,44.07866666666666,September
2015-09-28,44.4,2015,9,3,-1.1499999999999986,-2.524698133918768,44.14366666666667,September
2015-09-29,45.24,2015,9,3,0.8400000000000034,1.8918918918918948,44.254000000000005,September
2015-09-30,45.06,2015,9,3,-0.17999999999999972,-0.3978779840848823,44.336666666666666,September
2015-10-01,44.75,2015,10,4,-0.3100000000000023,-0.6879715934309805,44.47,October
2015-10-02,45.54,2015,10,4,0.7899999999999991,1.765363128491626,44.62133333333333,October
2015-10-05,46.28,2015,10,4,0.740000000000002,1.624945103205988,44.815666666666665,October
2015-10-06,48.53,2015,10,4,2.25,4.861711322385487,45.15933333333333,October
2015-10-07,47.86,2015,10,4,-0.6700000000000017,-1.3805893261899849,45.449666666666666,October
2015-10-08,49.46,2015,10,4,1.6000000000000014,3.343083994985374,45.815000000000005,October
2015-10-09,49.67,2015,10,4,0.21000000000000085,0.4245855236554741,46.05499999999999,October
2015-10-12,47.09,2015,10,4,-2.5799999999999983,-5.194282262935368,46.115,October
2015-10-13,46.7,2015,10,4,-0.39000000000000057,-0.8282013166277302,46.031666666666666,October
2015-10-14,46.63,2015,10,4,-0.07000000000000028,-0.14989293361884481,46.07333333333334,October
2015-10-15,46.38,2015,10,4,-0.25,-0.5361355350632646,46.07600000000001,October
2015-10-16,47.3,2015,10,4,0.9199999999999946,1.9836136265631632,46.09433333333334,October
2015-10-19,45.91,2015,10,4,-1.3900000000000006,-2.938689217758983,46.09066666666667,October
2015-10-20,45.84,2015,10,4,-0.06999999999999318,-0.15247222827269313,46.088,October
2015-10-21,45.22,2015,10,4,-0.6200000000000045,-1.3525305410122312,46.12433333333333,October
2015-10-22,44.9,2015,10,4,-0.3200000000000003,-0.7076514816452883,46.092666666666666,October
2015-10-23,43.91,2015,10,4,-0.990000000000002,-2.204899777282854,46.06466666666667,October
2015-10-26,43.19,2015,10,4,-0.7199999999999989,-1.6397176041903827,46.03533333333334,October
2015-10-27,43.21,2015,10,4,0.020000000000003126,0.04630701551284755,45.98966666666666,October
2015-10-28,45.93,2015,10,4,2.719999999999999,6.294839157602405,45.95,October
2015-10-29,46.02,2015,10,4,0.09000000000000341,0.19595035924233617,45.919666666666664,October
2015-10-30,46.6,2015,10,4,0.5799999999999983,1.260321599304648,45.98266666666667,October
2015-11-02,46.12,2015,11,4,-0.480000000000004,-1.0300429184549431,45.964333333333336,November
2015-11-03,47.88,2015,11,4,1.7600000000000051,3.8161318300086844,46.02133333333334,November
2015-11-04,46.32,2015,11,4,-1.5600000000000023,-3.2581453634085267,46.081,November
2015-11-05,45.27,2015,11,4,-1.0499999999999972,-2.266839378238339,46.092,November
2015-11-06,44.32,2015,11,4,-0.9500000000000028,-2.0985199911641272,46.051,November
2015-11-09,43.87,2015,11,4,-0.45000000000000284,-1.015342960288812,46.03333333333333,November
2015-11-10,44.23,2015,11,4,0.35999999999999943,0.8206063369044836,45.99966666666667,November
2015-11-11,42.95,2015,11,4,-1.279999999999994,-2.893963373276043,45.92933333333334,November
2015-11-12,41.74,2015,11,4,-1.2100000000000009,-2.817229336437721,45.82899999999999,November
2015-11-13,40.69,2015,11,4,-1.0500000000000043,-2.5155725922376693,45.66733333333333,November
2015-11-16,41.68,2015,11,4,0.990000000000002,2.433030228557387,45.514,November
2015-11-17,40.73,2015,11,4,-0.9500000000000028,-2.2792706333973234,45.254000000000005,November
2015-11-18,40.75,2015,11,4,0.020000000000003126,0.04910385465259903,45.017,November
2015-11-19,40.55,2015,11,4,-0.20000000000000284,-0.4907975460122782,44.72,November
2015-11-20,39.39,2015,11,4,-1.1599999999999966,-2.8606658446362454,44.37733333333334,November
2015-11-23,39.27,2015,11,4,-0.11999999999999744,-0.30464584920030235,44.11666666666667,November
2015-11-24,40.89,2015,11,4,1.6199999999999974,4.125286478227652,43.922999999999995,November
2015-11-25,41.22,2015,11,4,0.3299999999999983,0.807043286867204,43.742666666666665,November
2015-11-27,40.57,2015,11,4,-0.6499999999999986,-1.5769044153323586,43.54899999999999,November
2015-11-30,40.43,2015,11,4,-0.14000000000000057,-0.34508257333004666,43.32,November
2015-12-01,40.58,2015,12,4,0.14999999999999858,0.3710116250309037,43.14233333333333,December
2015-12-02,39.93,2015,12,4,-0.6499999999999986,-1.6017742730409013,42.94533333333333,December
2015-12-03,41.08,2015,12,4,1.1499999999999986,2.8800400701227025,42.807333333333325,December
2015-12-04,40.0,2015,12,4,-1.0799999999999983,-2.629016553067187,42.644000000000005,December
2015-12-07,37.64,2015,12,4,-2.3599999999999994,-5.899999999999994,42.434999999999995,December
2015-12-08,37.46,2015,12,4,-0.17999999999999972,-0.4782146652497321,42.244,December
2015-12-09,37.16,2015,12,4,-0.30000000000000426,-0.8008542445275046,42.04233333333334,December
2015-12-10,36.76,2015,12,4,-0.3999999999999986,-1.076426264800856,41.73666666666667,December
2015-12-11,35.65,2015,12,4,-1.1099999999999994,-3.019586507072902,41.391,December
2015-12-14,36.31,2015,12,4,0.6600000000000037,1.851332398316985,41.047999999999995,December
2015-12-15,37.32,2015,12,4,1.009999999999998,2.7816028642247304,40.75466666666667,December
2015-12-16,35.55,2015,12,4,-1.7700000000000031,-4.74276527331191,40.343666666666664,December
2015-12-17,34.98,2015,12,4,-0.5700000000000003,-1.6033755274261652,39.96566666666667,December
2015-12-18,34.72,2015,12,4,-0.259999999999998,-0.7432818753573378,39.614000000000004,December
2015-12-21,34.55,2015,12,4,-0.1700000000000017,-0.48963133640553824,39.288333333333334,December
2015-12-22,36.12,2015,12,4,1.5700000000000003,4.5441389290882706,39.029999999999994,December
2015-12-23,36.76,2015,12,4,0.6400000000000006,1.7718715393133966,38.78099999999999,December
2015-12-24,37.62,2015,12,4,0.8599999999999994,2.3394994559303495,38.60333333333333,December
2015-12-28,36.36,2015,12,4,-1.259999999999998,-3.349282296650713,38.424,December
2015-12-29,37.88,2015,12,4,1.5200000000000031,4.180418041804179,38.330333333333336,December
2015-12-30,36.59,2015,12,4,-1.2899999999999991,-3.4054910242872216,38.160666666666664,December
2015-12-31,37.13,2015,12,4,0.5399999999999991,1.4758130636785882,38.04066666666667,December
2016-01-04,36.81,2016,1,1,-0.3200000000000003,-0.8618367896579548,37.90933333333333,January
2016-01-05,35.97,2016,1,1,-0.8400000000000034,-2.2819885900570602,37.75666666666667,January
2016-01-06,33.97,2016,1,1,-2.0,-5.560189046427578,37.576,January
2016-01-07,33.29,2016,1,1,-0.6799999999999997,-2.0017662643509015,37.376666666666665,January
2016-01-08,33.2,2016,1,1,-0.0899999999999963,-0.2703514568939469,37.120333333333335,January
2016-01-11,31.42,2016,1,1,-1.7800000000000011,-5.361445783132535,36.79366666666667,January
2016-01-12,30.42,2016,1,1,-1.0,-3.1826861871419476,36.455333333333336,January
2016-01-13,30.42,2016,1,1,0.0,0.0,36.12166666666667,January
2016-01-14,31.22,2016,1,1,0.7999999999999972,2.6298487836949214,35.80966666666667,January
2016-01-15,29.45,2016,1,1,-1.7699999999999996,-5.669442664958357,35.46033333333333,January
2016-01-19,28.47,2016,1,1,-0.9800000000000004,-3.3276740237691005,35.04,January
2016-01-20,26.68,2016,1,1,-1.7899999999999991,-6.287319985950123,34.596,January
2016-01-21,29.55,2016,1,1,2.870000000000001,10.75712143928036,34.32633333333333,January
2016-01-22,32.07,2016,1,1,2.5199999999999996,8.527918781725896,34.14666666666666,January
2016-01-25,30.31,2016,1,1,-1.7600000000000016,-5.487995010913627,33.91833333333333,January
2016-01-26,29.54,2016,1,1,-0.7699999999999996,-2.5404157043879882,33.67766666666667,January
2016-01-27,32.32,2016,1,1,2.780000000000001,9.410968178740697,33.56666666666667,January
2016-01-28,33.21,2016,1,1,0.8900000000000006,2.7537128712871395,33.46333333333333,January
2016-01-29,33.66,2016,1,1,0.44999999999999574,1.3550135501354976,33.34133333333333,January
2016-02-01,31.62,2016,2,1,-2.0399999999999956,-6.060606060606045,33.21033333333333,February
2016-02-02,29.9,2016,2,1,-1.7200000000000024,-5.43959519291588,33.041,February
2016-02-03,32.29,2016,2,1,2.3900000000000006,7.993311036789308,32.96,February
2016-02-04,31.63,2016,2,1,-0.6600000000000001,-2.0439764633013335,32.86266666666667,February
2016-02-05,30.86,2016,2,1,-0.7699999999999996,-2.4343977236800485,32.687333333333335,February
2016-02-08,29.71,2016,2,1,-1.1499999999999986,-3.726506804925467,32.45233333333333,February
2016-02-09,27.96,2016,2,1,-1.75,-5.8902726354762684,32.13033333333333,February
2016-02-10,27.54,2016,2,1,-0.4200000000000017,-1.5021459227467893,31.836333333333332,February
2016-02-11,26.19,2016,2,1,-1.3499999999999979,-4.901960784313719,31.446666666666665,February
2016-02-12,29.32,2016,2,1,3.129999999999999,11.951126384116062,31.204333333333334,February
2016-02-16,29.05,2016,2,1,-0.2699999999999996,-0.9208731241473367,30.935000000000002,February
2016-02-17,30.68,2016,2,1,1.629999999999999,5.611015490533555,30.730666666666664,February
2016-02-18,30.77,2016,2,1,0.08999999999999986,0.2933507170795213,30.55733333333333,February
2016-02-19,29.59,2016,2,1,-1.1799999999999997,-3.83490412739681,30.411333333333335,February
2016-02-22,31.37,2016,2,1,1.7800000000000011,6.015545792497479,30.34733333333333,February
2016-02-23,31.84,2016,2,1,0.46999999999999886,1.498246732547015,30.302000000000003,February
2016-02-24,30.35,2016,2,1,-1.4899999999999984,-4.679648241206024,30.266333333333332,February
2016-02-25,31.4,2016,2,1,1.0499999999999972,3.4596375617792274,30.299,February
2016-02-26,31.65,2016,2,1,0.25,0.79617834394905,30.34,February
2016-02-29,32.74,2016,2,1,1.0900000000000034,3.4439178515007995,30.390666666666668,February
2016-03-01,34.39,2016,3,1,1.6499999999999986,5.039706780696385,30.555333333333333,March
2016-03-02,34.57,2016,3,1,0.17999999999999972,0.5234079674323988,30.758666666666667,March
2016-03-03,34.56,2016,3,1,-0.00999999999999801,-0.028926815157648278,31.021333333333335,March
2016-03-04,35.91,2016,3,1,1.3499999999999943,3.906249999999978,31.233333333333334,March
2016-03-07,37.9,2016,3,1,1.990000000000002,5.541631857421336,31.427666666666664,March
2016-03-08,36.67,2016,3,1,-1.2299999999999969,-3.245382585751966,31.639666666666667,March
2016-03-09,37.62,2016,3,1,0.9499999999999957,2.5906735751295207,31.909,March
2016-03-10,37.77,2016,3,1,0.15000000000000568,0.3987240829346206,32.09066666666667,March
2016-03-11,38.51,2016,3,1,0.7399999999999949,1.959226899655797,32.26733333333333,March
2016-03-14,37.2,2016,3,1,-1.3099999999999952,-3.4017138405608827,32.385333333333335,March
2016-03-15,36.32,2016,3,1,-0.8800000000000026,-2.3655913978494647,32.542,March
2016-03-16,38.43,2016,3,1,2.1099999999999994,5.809471365638763,32.82633333333334,March
2016-03-17,40.17,2016,3,1,1.740000000000002,4.527712724434041,33.089,March
2016-03-18,39.47,2016,3,1,-0.7000000000000028,-1.7425939756036901,33.35033333333333,March
2016-03-21,39.91,2016,3,1,0.4399999999999977,1.1147707119331107,33.652,March
2016-03-22,41.45,2016,3,1,1.5400000000000063,3.8586820345778206,34.04333333333334,March
2016-03-23,38.28,2016,3,1,-3.1700000000000017,-7.647768395657417,34.38733333333333,March
2016-03-24,38.14,2016,3,1,-0.14000000000000057,-0.36572622779519337,34.74066666666667,March
2016-03-28,37.99,2016,3,1,-0.14999999999999858,-0.3932878867330847,35.134,March
2016-03-29,36.91,2016,3,1,-1.0800000000000054,-2.8428533824690794,35.38700000000001,March
2016-03-30,36.91,2016,3,1,0.0,0.0,35.649,March
2016-03-31,36.94,2016,3,1,0.030000000000001137,0.08127878623680473,35.85766666666667,March
2016-04-01,35.36,2016,4,2,-1.5799999999999983,-4.277206280454782,36.010666666666665,April
2016-04-04,34.3,2016,4,2,-1.0600000000000023,-2.9977375565610975,36.16766666666667,April
2016-04-05,34.52,2016,4,2,0.22000000000000597,0.6413994169096382,36.272666666666666,April
2016-04-06,37.74,2016,4,2,3.219999999999999,9.3279258400927,36.46933333333334,April
2016-04-07,37.3,2016,4,2,-0.44000000000000483,-1.1658717541070618,36.701,April
2016-04-08,39.74,2016,4,2,2.440000000000005,6.541554959785545,36.979000000000006,April
2016-04-11,40.46,2016,4,2,0.7199999999999989,1.8117765475591296,37.272666666666666,April
2016-04-12,42.12,2016,4,2,1.6599999999999966,4.102817597627273,37.58533333333333,April
2016-04-13,41.7,2016,4,2,-0.4199999999999946,-0.9971509971509862,37.829,April
2016-04-14,41.45,2016,4,2,-0.25,-0.5995203836930418,38.05833333333333,April
2016-04-15,40.4,2016,4,2,-1.0500000000000043,-2.533172496984326,38.253,April
2016-04-18,39.74,2016,4,2,-0.6599999999999966,-1.633663366336624,38.38066666666666,April
2016-04-19,40.88,2016,4,2,1.1400000000000006,2.868646200301961,38.480000000000004,April
2016-04-20,42.72,2016,4,2,1.8399999999999963,4.500978473581196,38.681666666666665,April
2016-04-21,43.18,2016,4,2,0.46000000000000085,1.0767790262172339,38.867,April
2016-04-22,42.76,2016,4,2,-0.4200000000000017,-0.9726725335803654,39.03333333333333,April
2016-04-25,41.67,2016,4,2,-1.0899999999999963,-2.549111318989705,39.13866666666666,April
2016-04-26,42.52,2016,4,2,0.8500000000000014,2.0398368130549516,39.316,April
2016-04-27,45.29,2016,4,2,2.769999999999996,6.514581373471295,39.614999999999995,April
2016-04-28,46.03,2016,4,2,0.740000000000002,1.6339147714727442,39.86833333333334,April
2016-04-29,45.98,2016,4,2,-0.05000000000000426,-0.10862480990658785,40.062,April
2016-05-02,44.75,2016,5,2,-1.2299999999999969,-2.675076120052189,40.23799999999999,May
2016-05-03,43.65,2016,5,2,-1.1000000000000014,-2.4581005586592264,40.36266666666666,May
2016-05-04,43.77,2016,5,2,0.12000000000000455,0.27491408934710027,40.440000000000005,May
2016-05-05,44.33,2016,5,2,0.5599999999999952,1.2794151245145047,40.641666666666666,May
2016-05-06,44.58,2016,5,2,0.25,0.563952176855409,40.85633333333333,May
2016-05-09,43.45,2016,5,2,-1.1299999999999955,-2.5347689546881935,41.038333333333334,May
2016-05-10,44.68,2016,5,2,1.2299999999999969,2.8308400460299143,41.29733333333333,May
2016-05-11,46.21,2016,5,2,1.5300000000000011,3.4243509400179173,41.60733333333334,May
2016-05-12,46.64,2016,5,2,0.4299999999999997,0.9305345163384438,41.93066666666667,May
2016-05-13,46.22,2016,5,2,-0.4200000000000017,-0.9005145797598701,42.292666666666676,May
2016-05-16,47.72,2016,5,2,1.5,3.245348334054521,42.739999999999995,May
2016-05-17,48.29,2016,5,2,0.5700000000000003,1.19446772841576,43.199,May
2016-05-18,48.12,2016,5,2,-0.1700000000000017,-0.3520397597846392,43.544999999999995,May
2016-05-19,48.16,2016,5,2,0.03999999999999915,0.08312551953448821,43.907000000000004,May
2016-05-20,47.67,2016,5,2,-0.4899999999999949,-1.017441860465107,44.17133333333333,May
2016-05-23,48.12,2016,5,2,0.44999999999999574,0.9439899307740696,44.42666666666666,May
2016-05-24,48.04,2016,5,2,-0.0799999999999983,-0.16625103906898753,44.624,May
2016-05-25,49.1,2016,5,2,1.0600000000000023,2.206494587843477,44.870666666666665,May
2016-05-26,49.0,2016,5,2,-0.10000000000000142,-0.20366598778004397,45.12233333333333,May
2016-05-27,49.36,2016,5,2,0.35999999999999943,0.7346938775510292,45.42100000000001,May
2016-05-31,49.1,2016,5,2,-0.259999999999998,-0.5267423014586714,45.733,May
2016-06-01,49.07,2016,6,2,-0.030000000000001137,-0.06109979633401874,46.006,June
2016-06-02,49.14,2016,6,2,0.07000000000000028,0.14265335235377208,46.22,June
2016-06-03,48.69,2016,6,2,-0.45000000000000284,-0.9157509157509236,46.40366666666667,June
2016-06-06,49.71,2016,6,2,1.0200000000000031,2.0948860135551417,46.63533333333333,June
2016-06-07,50.37,2016,6,2,0.6599999999999966,1.3277006638503286,46.925333333333334,June
2016-06-08,51.23,2016,6,2,0.8599999999999994,1.707365495334523,47.21566666666667,June
2016-06-09,50.52,2016,6,2,-0.7099999999999937,-1.3859066952957133,47.39,June
2016-06-10,49.09,2016,6,2,-1.4299999999999997,-2.830562153602534,47.492,June
2016-06-13,48.89,2016,6,2,-0.20000000000000284,-0.40741495212874845,47.589000000000006,June
2016-06-14,48.49,2016,6,2,-0.3999999999999986,-0.8181632235630953,47.71366666666667,June
2016-06-15,47.92,2016,6,2,-0.5700000000000003,-1.1755001031140466,47.856,June
2016-06-16,46.14,2016,6,2,-1.7800000000000011,-3.7145242070116935,47.934999999999995,June
2016-06-17,48.0,2016,6,2,1.8599999999999994,4.031209362808852,48.05733333333333,June
2016-06-20,49.4,2016,6,2,1.3999999999999986,2.9166666666666563,48.217999999999996,June
2016-06-21,48.95,2016,6,2,-0.44999999999999574,-0.910931174089058,48.40133333333333,June
2016-06-22,49.16,2016,6,2,0.20999999999999375,0.42900919305413066,48.550666666666665,June
2016-06-23,49.34,2016,6,2,0.18000000000000682,0.3661513425549323,48.655,June
2016-06-24,46.7,2016,6,2,-2.6400000000000006,-5.350628293473858,48.657000000000004,June
2016-06-27,45.8,2016,6,2,-0.9000000000000057,-1.927194860813719,48.643,June
2016-06-28,47.93,2016,6,2,2.1300000000000026,4.65065502183406,48.65,June
2016-06-29,49.85,2016,6,2,1.9200000000000017,4.0058418527018524,48.702,June
2016-06-30,48.27,2016,6,2,-1.5799999999999983,-3.1695085255767252,48.707,June
2016-07-01,49.02,2016,7,3,0.75,1.5537600994406375,48.73566666666667,July
2016-07-05,46.73,2016,7,3,-2.2900000000000063,-4.671562627498993,48.70433333333334,July
2016-07-06,47.37,2016,7,3,0.6400000000000006,1.3695698694628833,48.67933333333333,July
2016-07-07,45.22,2016,7,3,-2.1499999999999986,-4.538737597635634,48.58533333333333,July
2016-07-08,45.37,2016,7,3,0.14999999999999858,0.33171163202123655,48.461000000000006,July
2016-07-11,44.73,2016,7,3,-0.6400000000000006,-1.410623760193963,48.31866666666667,July
2016-07-12,46.82,2016,7,3,2.0900000000000034,4.6724793203666515,48.234,July
2016-07-13,44.87,2016,7,3,-1.9500000000000028,-4.164886800512613,48.092999999999996,July
2016-07-14,45.64,2016,7,3,0.7700000000000031,1.7160686427457161,47.97866666666666,July
2016-07-15,45.93,2016,7,3,0.28999999999999915,0.6354075372480228,47.87166666666667,July
2016-07-18,45.23,2016,7,3,-0.7000000000000028,-1.5240583496625382,47.75633333333334,July
2016-07-19,44.64,2016,7,3,-0.5899999999999963,-1.3044439531284424,47.587333333333326,July
2016-07-20,44.96,2016,7,3,0.3200000000000003,0.7168458781362075,47.407000000000004,July
2016-07-21,43.96,2016,7,3,-1.0,-2.2241992882562234,47.16466666666667,July
2016-07-22,43.41,2016,7,3,-0.5500000000000043,-1.2511373976342277,46.92766666666667,July
2016-07-25,42.4,2016,7,3,-1.009999999999998,-2.3266528449665924,46.70466666666666,July
2016-07-26,42.16,2016,7,3,-0.240000000000002,-0.5660377358490565,46.480333333333334,July
2016-07-27,41.9,2016,7,3,-0.259999999999998,-0.6166982922201081,46.260666666666665,July
2016-07-28,41.13,2016,7,3,-0.769999999999996,-1.837708830548912,46.03433333333333,July
2016-07-29,41.54,2016,7,3,0.4099999999999966,0.9968392900559175,45.881,July
2016-08-01,40.05,2016,8,3,-1.490000000000002,-3.5869041887337527,45.616,August
2016-08-02,39.5,2016,8,3,-0.5499999999999972,-1.3732833957552981,45.285999999999994,August
2016-08-03,40.8,2016,8,3,1.2999999999999972,3.2911392405063244,45.014333333333326,August
2016-08-04,41.92,2016,8,3,1.1200000000000045,2.7450980392156987,44.773,August
2016-08-05,41.83,2016,8,3,-0.09000000000000341,-0.21469465648855657,44.52266666666666,August
2016-08-08,43.06,2016,8,3,1.230000000000004,2.9404733444896136,44.40133333333333,August
2016-08-09,42.78,2016,8,3,-0.28000000000000114,-0.6502554575011588,44.300666666666665,August
2016-08-10,41.75,2016,8,3,-1.0300000000000011,-2.4076671341748512,44.09466666666667,August
2016-08-11,43.51,2016,8,3,1.759999999999998,4.215568862275454,43.88333333333333,August
2016-08-12,44.47,2016,8,3,0.9600000000000009,2.206389335784875,43.75666666666667,August
2016-08-15,45.72,2016,8,3,1.25,2.8108837418484356,43.64666666666667,August
2016-08-16,46.57,2016,8,3,0.8500000000000014,1.8591426071741024,43.641333333333336,August
2016-08-17,46.81,2016,8,3,0.240000000000002,0.5153532316942266,43.62266666666667,August
2016-08-18,48.2,2016,8,3,1.3900000000000006,2.9694509720145312,43.722,August
2016-08-19,48.48,2016,8,3,0.27999999999999403,0.5809128630705374,43.82566666666666,August
2016-08-22,46.8,2016,8,3,-1.6799999999999997,-3.4653465346534684,43.894666666666666,August
2016-08-23,47.54,2016,8,3,0.740000000000002,1.5811965811965756,43.91866666666667,August
2016-08-24,46.29,2016,8,3,-1.25,-2.6293647454774915,43.966,August
2016-08-25,46.97,2016,8,3,0.6799999999999997,1.4689997839706148,44.01033333333333,August
2016-08-26,47.64,2016,8,3,0.6700000000000017,1.426442410048967,44.06733333333333,August
2016-08-29,46.97,2016,8,3,-0.6700000000000017,-1.4063811922754077,44.12533333333333,August
2016-08-30,46.32,2016,8,3,-0.6499999999999986,-1.383862039599737,44.181333333333335,August
2016-08-31,44.68,2016,8,3,-1.6400000000000006,-3.540587219343694,44.172000000000004,August
2016-09-01,43.17,2016,9,3,-1.509999999999998,-3.379588182632043,44.14566666666666,September
2016-09-02,44.39,2016,9,3,1.2199999999999989,2.826036599490389,44.178333333333335,September
2016-09-06,44.85,2016,9,3,0.46000000000000085,1.0362694300518172,44.26,September
2016-09-07,45.47,2016,9,3,0.6199999999999974,1.3823857302118103,44.37033333333333,September
2016-09-08,47.63,2016,9,3,2.1600000000000037,4.750384869144497,44.56133333333334,September
2016-09-09,45.88,2016,9,3,-1.75,-3.674154944362795,44.71966666666666,September
2016-09-12,46.28,2016,9,3,0.3999999999999986,0.8718395815169977,44.87766666666666,September
2016-09-13,44.91,2016,9,3,-1.3700000000000045,-2.9602420051858314,45.03966666666667,September
2016-09-14,43.62,2016,9,3,-1.2899999999999991,-2.872411489645954,45.177,September
2016-09-15,43.85,2016,9,3,0.23000000000000398,0.5272810637322323,45.27866666666667,September
2016-09-16,43.04,2016,9,3,-0.8100000000000023,-1.8472063854047982,45.316,September
2016-09-19,43.34,2016,9,3,0.30000000000000426,0.6970260223048363,45.36633333333334,September
2016-09-20,43.85,2016,9,3,0.509999999999998,1.1767420396862072,45.39266666666666,September
2016-09-21,45.33,2016,9,3,1.4799999999999969,3.3751425313568895,45.477666666666664,September
2016-09-22,46.1,2016,9,3,0.7700000000000031,1.6986543128171272,45.62266666666666,September
2016-09-23,44.36,2016,9,3,-1.740000000000002,-3.774403470715837,45.650999999999996,September
2016-09-26,45.6,2016,9,3,1.240000000000002,2.7953110910730494,45.68866666666666,September
2016-09-27,44.65,2016,9,3,-0.9500000000000028,-2.083333333333337,45.653,September
2016-09-28,47.07,2016,9,3,2.4200000000000017,5.419932810750283,45.669666666666664,September
2016-09-29,47.72,2016,9,3,0.6499999999999986,1.3809220310176284,45.7,September
2016-09-30,47.72,2016,9,3,0.0,0.0,45.684,September
2016-10-03,48.8,2016,10,4,1.0799999999999983,2.2632020117351104,45.69466666666666,October
2016-10-04,48.67,2016,10,4,-0.12999999999999545,-0.2663934426229364,45.757,October
2016-10-05,49.75,2016,10,4,1.0799999999999983,2.219026094103138,45.830666666666666,October
2016-10-06,50.44,2016,10,4,0.6899999999999977,1.3869346733668353,45.96900000000001,October
2016-10-07,49.76,2016,10,4,-0.6799999999999997,-1.3481363996827866,46.062000000000005,October
2016-10-10,49.76,2016,10,4,0.0,0.0,46.132666666666665,October
2016-10-11,50.72,2016,10,4,0.9600000000000009,1.9292604501607746,46.257666666666665,October
2016-10-12,50.14,2016,10,4,-0.5799999999999983,-1.143533123028384,46.385,October
2016-10-13,50.47,2016,10,4,0.3299999999999983,0.6581571599521219,46.577999999999996,October
2016-10-14,50.35,2016,10,4,-0.11999999999999744,-0.2377650089161798,46.81733333333333,October
2016-10-17,49.97,2016,10,4,-0.38000000000000256,-0.7547169811320753,47.00333333333333,October
2016-10-18,50.3,2016,10,4,0.3299999999999983,0.6603962377426331,47.184999999999995,October
2016-10-19,51.59,2016,10,4,1.2900000000000063,2.564612326043747,47.389,October
2016-10-20,50.31,2016,10,4,-1.2800000000000011,-2.481100988563678,47.47833333333333,October
2016-10-21,50.61,2016,10,4,0.29999999999999716,0.5963029218843063,47.635999999999996,October
2016-10-24,50.18,2016,10,4,-0.4299999999999997,-0.8496344595929628,47.766,October
2016-10-25,49.45,2016,10,4,-0.7299999999999969,-1.4547628537265767,47.91733333333333,October
2016-10-26,48.75,2016,10,4,-0.7000000000000028,-1.4155712841253831,48.08833333333334,October
2016-10-27,49.71,2016,10,4,0.9600000000000009,1.9692307692307676,48.28366666666667,October
2016-10-28,48.72,2016,10,4,-0.990000000000002,-1.991550995775504,48.473,October
2016-10-31,46.83,2016,10,4,-1.8900000000000006,-3.879310344827591,48.589333333333336,October
2016-11-01,46.66,2016,11,4,-0.1700000000000017,-0.36301516122144717,48.683,November
2016-11-02,45.32,2016,11,4,-1.3399999999999963,-2.871838834119156,48.68266666666667,November
2016-11-03,44.66,2016,11,4,-0.6600000000000037,-1.456310679611661,48.634666666666675,November
2016-11-04,44.07,2016,11,4,-0.5899999999999963,-1.321092700403037,48.625,November
2016-11-07,44.88,2016,11,4,0.8100000000000023,1.8379850238257278,48.601,November
2016-11-08,44.96,2016,11,4,0.0799999999999983,0.17825311942958333,48.61133333333333,November
2016-11-09,45.2,2016,11,4,0.240000000000002,0.5338078291815096,48.549,November
2016-11-10,44.62,2016,11,4,-0.5800000000000054,-1.2831858407079788,48.44566666666666,November
2016-11-11,43.39,2016,11,4,-1.2299999999999969,-2.7566113850291285,48.30133333333333,November
2016-11-14,43.29,2016,11,4,-0.10000000000000142,-0.23046784973496104,48.117666666666665,November
2016-11-15,45.86,2016,11,4,2.5700000000000003,5.936705936705944,48.024,November
2016-11-16,45.56,2016,11,4,-0.29999999999999716,-0.6541648495420826,47.88433333333333,November
2016-11-17,45.37,2016,11,4,-0.19000000000000483,-0.4170324846356599,47.71533333333333,November
2016-11-18,45.69,2016,11,4,0.3200000000000003,0.7053118800969704,47.57966666666666,November
2016-11-21,47.48,2016,11,4,1.7899999999999991,3.917706281462019,47.50366666666666,November
2016-11-22,48.07,2016,11,4,0.5900000000000034,1.2426284751474448,47.41533333333333,November
2016-11-23,46.72,2016,11,4,-1.3500000000000014,-2.808404410235077,47.30133333333333,November
2016-11-25,46.72,2016,11,4,0.0,0.0,47.17633333333333,November
2016-11-28,45.66,2016,11,4,-1.0600000000000023,-2.2688356164383583,47.02,November
2016-11-29,45.29,2016,11,4,-0.36999999999999744,-0.810337275514672,46.864000000000004,November
2016-11-30,49.41,2016,11,4,4.119999999999997,9.096930889821152,46.83433333333333,November
2016-12-01,51.08,2016,12,4,1.6700000000000017,3.3798826148552896,46.81733333333333,December
2016-12-02,51.7,2016,12,4,0.6200000000000045,1.2137823022709604,46.86366666666667,December
2016-12-05,51.72,2016,12,4,0.01999999999999602,0.03868471953578645,46.900666666666666,December
2016-12-06,50.95,2016,12,4,-0.769999999999996,-1.4887857695282225,46.92633333333333,December
2016-12-07,49.85,2016,12,4,-1.1000000000000014,-2.158979391560356,46.93966666666667,December
2016-12-08,50.84,2016,12,4,0.990000000000002,1.9859578736208583,47.00933333333333,December
2016-12-09,51.51,2016,12,4,0.6699999999999946,1.3178599527930546,47.06933333333333,December
2016-12-12,52.74,2016,12,4,1.230000000000004,2.3878858474082776,47.20333333333333,December
2016-12-13,52.99,2016,12,4,0.25,0.4740235115661795,47.40866666666667,December
2016-12-14,51.01,2016,12,4,-1.980000000000004,-3.7365540668050645,47.553666666666665,December
2016-12-15,50.9,2016,12,4,-0.10999999999999943,-0.21564399137423695,47.73966666666667,December
2016-12-16,51.93,2016,12,4,1.0300000000000011,2.0235756385068804,47.98199999999999,December
2016-12-19,52.13,2016,12,4,0.20000000000000284,0.38513383400733403,48.25066666666667,December
2016-12-20,52.22,2016,12,4,0.0899999999999963,0.17264530980241055,48.495333333333335,December
2016-12-21,51.44,2016,12,4,-0.7800000000000011,-1.4936805821524346,48.711333333333336,December
2016-12-22,51.98,2016,12,4,0.5399999999999991,1.0497667185070059,48.93733333333333,December
2016-12-23,52.01,2016,12,4,0.030000000000001137,0.0577145055790762,49.18366666666667,December
2016-12-27,52.82,2016,12,4,0.8100000000000023,1.5573928090751865,49.498000000000005,December
2016-12-28,54.01,2016,12,4,1.1899999999999977,2.2529344945096508,49.855333333333334,December
2016-12-29,53.8,2016,12,4,-0.21000000000000085,-0.3888168857619001,50.12,December
2016-12-30,53.75,2016,12,4,-0.04999999999999716,-0.09293680297397522,50.393,December
2017-01-03,52.36,2017,1,1,-1.3900000000000006,-2.586046511627904,50.626,January
2017-01-04,53.26,2017,1,1,0.8999999999999986,1.7188693659281773,50.87833333333333,January
2017-01-05,53.77,2017,1,1,0.5100000000000051,0.9575666541494554,51.088,January
2017-01-06,53.98,2017,1,1,0.20999999999999375,0.3905523526129606,51.285,January
2017-01-09,51.95,2017,1,1,-2.029999999999994,-3.7606520933679,51.45933333333333,January
2017-01-10,50.82,2017,1,1,-1.1300000000000026,-2.175168431183838,51.596000000000004,January
2017-01-11,52.19,2017,1,1,1.3699999999999974,2.695789059425424,51.81366666666666,January
2017-01-12,53.01,2017,1,1,0.8200000000000003,1.5711822188158697,52.071,January
2017-01-13,52.36,2017,1,1,-0.6499999999999986,-1.226183738917186,52.16933333333334,January
2017-01-17,52.45,2017,1,1,0.09000000000000341,0.1718869365928244,52.215,January
2017-01-18,51.12,2017,1,1,-1.3300000000000054,-2.535748331744525,52.19566666666666,January
2017-01-19,51.39,2017,1,1,0.2700000000000031,0.528169014084523,52.18466666666667,January
2017-01-20,52.33,2017,1,1,0.9399999999999977,1.8291496400077767,52.23066666666667,January
2017-01-23,52.77,2017,1,1,0.44000000000000483,0.8408178864895977,52.327999999999996,January
2017-01-24,52.38,2017,1,1,-0.39000000000000057,-0.7390562819784008,52.379333333333335,January
2017-01-25,52.14,2017,1,1,-0.240000000000002,-0.45819014891179677,52.400333333333336,January
2017-01-26,53.24,2017,1,1,1.1000000000000014,2.1097046413502074,52.417,January
2017-01-27,53.18,2017,1,1,-0.060000000000002274,-0.11269722013523831,52.42333333333333,January
2017-01-30,52.63,2017,1,1,-0.5499999999999972,-1.03422339225272,52.477333333333334,January
2017-01-31,52.75,2017,1,1,0.11999999999999744,0.22800684020520823,52.538999999999994,January
2017-02-01,53.9,2017,2,1,1.1499999999999986,2.180094786729847,52.60466666666667,February
2017-02-02,53.55,2017,2,1,-0.3500000000000014,-0.6493506493506551,52.652,February
2017-02-03,53.81,2017,2,1,0.2600000000000051,0.48552754435109424,52.705,February
2017-02-06,53.01,2017,2,1,-0.8000000000000043,-1.486712506968968,52.75733333333333,February
2017-02-07,52.19,2017,2,1,-0.8200000000000003,-1.5468779475570682,52.76433333333333,February
2017-02-08,52.37,2017,2,1,0.17999999999999972,0.3448936577888473,52.77633333333334,February
2017-02-09,52.99,2017,2,1,0.6200000000000045,1.1838839029979065,52.782000000000004,February
2017-02-10,53.84,2017,2,1,0.8500000000000014,1.6040762408001452,52.77633333333333,February
2017-02-13,52.96,2017,2,1,-0.8800000000000026,-1.634472511144136,52.748333333333335,February
2017-02-14,53.21,2017,2,1,0.25,0.4720543806646438,52.730333333333334,February
2017-02-15,53.11,2017,2,1,-0.10000000000000142,-0.18793459875963148,52.75533333333333,February
2017-02-16,53.41,2017,2,1,0.29999999999999716,0.5648653737525766,52.76033333333334,February
2017-02-17,53.41,2017,2,1,0.0,0.0,52.74833333333333,February
2017-02-21,54.02,2017,2,1,0.6100000000000065,1.1421082194345678,52.74966666666667,February
2017-02-22,53.61,2017,2,1,-0.4100000000000037,-0.7589781562384323,52.805,February
2017-02-23,54.48,2017,2,1,0.8699999999999974,1.6228315612758726,52.927,February
2017-02-24,53.99,2017,2,1,-0.4899999999999949,-0.8994126284875059,52.987,February
2017-02-27,54.04,2017,2,1,0.04999999999999716,0.0926097425449024,53.02133333333334,February
2017-02-28,54.0,2017,2,1,-0.03999999999999915,-0.07401924500369805,53.076,February
2017-03-01,53.82,2017,3,1,-0.17999999999999972,-0.33333333333332993,53.12166666666666,March
2017-03-02,52.63,2017,3,1,-1.1899999999999977,-2.2110739502043786,53.172000000000004,March
2017-03-03,53.33,2017,3,1,0.6999999999999957,1.330039901197022,53.236666666666665,March
2017-03-06,53.19,2017,3,1,-0.14000000000000057,-0.26251640727545933,53.26533333333334,March
2017-03-07,52.68,2017,3,1,-0.509999999999998,-0.958826847151717,53.26233333333333,March
2017-03-08,49.83,2017,3,1,-2.8500000000000014,-5.4100227790432776,53.17733333333333,March
2017-03-09,48.75,2017,3,1,-1.0799999999999983,-2.1673690547862723,53.06433333333334,March
2017-03-10,48.05,2017,3,1,-0.7000000000000028,-1.4358974358974375,52.891333333333336,March
2017-03-13,47.95,2017,3,1,-0.09999999999999432,-0.20811654526533552,52.717,March
2017-03-14,47.24,2017,3,1,-0.7100000000000009,-1.4807090719499483,52.537333333333336,March
2017-03-15,48.34,2017,3,1,1.1000000000000014,2.328535139712118,52.39033333333334,March
2017-03-16,48.3,2017,3,1,-0.04000000000000625,-0.08274720728176366,52.20366666666666,March
2017-03-17,48.34,2017,3,1,0.04000000000000625,0.08281573498967187,52.03,March
2017-03-20,47.79,2017,3,1,-0.5500000000000043,-1.1377741001241337,51.82933333333334,March
2017-03-21,47.02,2017,3,1,-0.769999999999996,-1.611215735509508,51.62966666666667,March
2017-03-22,47.29,2017,3,1,0.269999999999996,0.5742237345810253,51.46633333333333,March
2017-03-23,47.0,2017,3,1,-0.28999999999999915,-0.6132374709240884,51.28733333333333,March
2017-03-24,47.3,2017,3,1,0.29999999999999716,0.6382978723404209,51.09766666666666,March
2017-03-27,47.02,2017,3,1,-0.27999999999999403,-0.5919661733615134,50.87033333333333,March
2017-03-28,48.36,2017,3,1,1.3399999999999963,2.8498511271799254,50.717,March
2017-03-29,49.47,2017,3,1,1.1099999999999994,2.29528535980148,50.592333333333336,March
2017-03-30,50.3,2017,3,1,0.8299999999999983,1.677784515868197,50.498666666666665,March
2017-03-31,50.54,2017,3,1,0.240000000000002,0.4771371769383803,50.403,March
2017-04-03,50.25,2017,4,2,-0.28999999999999915,-0.5738029283735679,50.29766666666667,April
2017-04-04,50.99,2017,4,2,0.740000000000002,1.4726368159204029,50.19666666666667,April
2017-04-05,51.14,2017,4,2,0.14999999999999858,0.29417532849578265,50.114333333333335,April
2017-04-06,51.69,2017,4,2,0.5499999999999972,1.0754790770433953,50.02133333333333,April
2017-04-07,52.25,2017,4,2,0.5600000000000023,1.0833816985877487,49.96333333333333,April
2017-04-10,53.06,2017,4,2,0.8100000000000023,1.5502392344497684,49.93066666666667,April
2017-04-11,53.38,2017,4,2,0.3200000000000003,0.6030908405578517,49.91,April
2017-04-12,53.12,2017,4,2,-0.2600000000000051,-0.4870738104158945,49.88666666666667,April
2017-04-13,53.19,2017,4,2,0.07000000000000028,0.13177710843372825,49.90533333333333,April
2017-04-17,52.62,2017,4,2,-0.5700000000000003,-1.0716300056401562,49.88166666666667,April
2017-04-18,52.46,2017,4,2,-0.1599999999999966,-0.3040668947168368,49.85733333333334,April
2017-04-19,50.49,2017,4,2,-1.9699999999999989,-3.7552420892108196,49.78433333333334,April
2017-04-20,50.26,2017,4,2,-0.23000000000000398,-0.4555357496534018,49.79866666666667,April
2017-04-21,49.64,2017,4,2,-0.6199999999999974,-1.233585356148026,49.82833333333333,April
2017-04-24,48.9,2017,4,2,-0.740000000000002,-1.490733279613221,49.85666666666667,April
2017-04-25,49.22,2017,4,2,0.3200000000000003,0.6543967280163709,49.899,April
2017-04-26,49.22,2017,4,2,0.0,0.0,49.965,April
2017-04-27,48.96,2017,4,2,-0.259999999999998,-0.5282405526208844,49.98566666666667,April
2017-04-28,49.31,2017,4,2,0.3500000000000014,0.7148692810457602,50.019333333333336,April
2017-05-01,48.83,2017,5,2,-0.480000000000004,-0.9734333806530215,50.035666666666664,May
2017-05-02,47.65,2017,5,2,-1.1799999999999997,-2.416547204587338,50.031,May
2017-05-03,47.79,2017,5,2,0.14000000000000057,0.2938090241343172,50.056666666666665,May
2017-05-04,45.55,2017,5,2,-2.240000000000002,-4.687173048754978,49.998666666666665,May
2017-05-05,46.23,2017,5,2,0.6799999999999997,1.4928649835345809,49.973,May
2017-05-08,46.46,2017,5,2,0.23000000000000398,0.4975124378109541,49.94500000000001,May
2017-05-09,45.84,2017,5,2,-0.6199999999999974,-1.334481274214372,49.90566666666667,May
2017-05-10,47.28,2017,5,2,1.4399999999999977,3.141361256544495,49.86966666666667,May
2017-05-11,47.81,2017,5,2,0.5300000000000011,1.1209813874788477,49.81433333333333,May
2017-05-12,47.83,2017,5,2,0.01999999999999602,0.0418322526668069,49.732,May
2017-05-15,48.86,2017,5,2,1.0300000000000011,2.1534601714405133,49.676,May
2017-05-16,48.64,2017,5,2,-0.21999999999999886,-0.4502660663119107,49.62233333333334,May
2017-05-17,49.04,2017,5,2,0.3999999999999986,0.8223684210526327,49.55733333333333,May
2017-05-18,49.36,2017,5,2,0.3200000000000003,0.6525285481239873,49.498,May
2017-05-19,50.32,2017,5,2,0.9600000000000009,1.944894651539708,49.452333333333335,May
2017-05-22,50.81,2017,5,2,0.490000000000002,0.973767885532606,49.404333333333334,May
2017-05-23,51.12,2017,5,2,0.30999999999999517,0.6101161188742266,49.33966666666666,May
2017-05-24,50.99,2017,5,2,-0.12999999999999545,-0.25430359937401725,49.26,May
2017-05-25,48.57,2017,5,2,-2.4200000000000017,-4.746028633065313,49.108333333333334,May
2017-05-26,49.58,2017,5,2,1.009999999999998,2.079472925674275,48.98800000000001,May
2017-05-30,49.63,2017,5,2,0.05000000000000426,0.1008471157724955,48.88833333333333,May
2017-05-31,48.29,2017,5,2,-1.3400000000000034,-2.699979850896639,48.74933333333333,May
2017-06-01,48.32,2017,6,2,0.030000000000001137,0.062124663491403,48.677,June
2017-06-02,47.68,2017,6,2,-0.6400000000000006,-1.3245033112582738,48.591,June
2017-06-05,47.4,2017,6,2,-0.28000000000000114,-0.5872483221476488,48.516333333333336,June
2017-06-06,48.13,2017,6,2,0.730000000000004,1.5400843881856696,48.49066666666667,June
2017-06-07,45.8,2017,6,2,-2.3300000000000054,-4.841055474755884,48.376666666666665,June
2017-06-08,45.68,2017,6,2,-0.11999999999999744,-0.26200873362445254,48.25866666666666,June
2017-06-09,45.82,2017,6,2,0.14000000000000057,0.3064798598949148,48.154,June
2017-06-12,46.1,2017,6,2,0.28000000000000114,0.6110868616324705,48.047,June
2017-06-13,46.41,2017,6,2,0.30999999999999517,0.6724511930585653,47.96633333333333,June
2017-06-14,44.79,2017,6,2,-1.6199999999999974,-3.4906270200387834,47.870999999999995,June
2017-06-15,44.47,2017,6,2,-0.3200000000000003,-0.714445188658186,47.76033333333333,June
2017-06-16,44.73,2017,6,2,0.259999999999998,0.584663818304465,47.733,June
2017-06-19,44.24,2017,6,2,-0.4899999999999949,-1.0954616588419341,47.666666666666664,June
2017-06-20,43.34,2017,6,2,-0.8999999999999986,-2.0343580470162714,47.562666666666665,June
2017-06-21,42.48,2017,6,2,-0.8600000000000065,-1.9843101061375323,47.45066666666666,June
2017-06-22,42.53,2017,6,2,0.05000000000000426,0.11770244821094344,47.29233333333333,June
2017-06-23,42.86,2017,6,2,0.3299999999999983,0.7759228779684824,47.12733333333334,June
2017-06-26,43.24,2017,6,2,0.38000000000000256,0.8866075594960332,46.974333333333334,June
2017-06-27,44.25,2017,6,2,1.009999999999998,2.33580018501387,46.82066666666667,June
2017-06-28,44.74,2017,6,2,0.490000000000002,1.107344632768359,46.690666666666665,June
2017-06-29,44.88,2017,6,2,0.14000000000000057,0.3129190880643673,46.552,June
2017-06-30,46.02,2017,6,2,1.1400000000000006,2.540106951871657,46.440666666666665,June
2017-07-05,45.11,2017,7,3,-0.9100000000000037,-1.9774011299435124,46.267,July
2017-07-06,45.52,2017,7,3,0.4100000000000037,0.908889381511857,46.09066666666667,July
2017-07-07,44.25,2017,7,3,-1.2700000000000031,-2.789982425307569,45.86166666666667,July
2017-07-10,44.4,2017,7,3,0.14999999999999858,0.3389830508474523,45.642,July
2017-07-11,45.06,2017,7,3,0.6600000000000037,1.4864864864865046,45.525,July
2017-07-12,45.48,2017,7,3,0.4199999999999946,0.9320905459387463,45.38833333333333,July
2017-07-13,46.06,2017,7,3,0.5800000000000054,1.2752858399296407,45.269333333333336,July
2017-07-14,46.53,2017,7,3,0.46999999999999886,1.0204081632652962,45.21066666666666,July
2017-07-17,46.02,2017,7,3,-0.509999999999998,-1.0960670535138606,45.134,July
2017-07-18,46.4,2017,7,3,0.37999999999999545,0.8257279443720122,45.09133333333333,July
2017-07-19,47.1,2017,7,3,0.7000000000000028,1.5086206896551824,45.08133333333333,July
2017-07-20,46.73,2017,7,3,-0.37000000000000455,-0.7855626326964016,45.034666666666666,July
2017-07-21,45.78,2017,7,3,-0.9499999999999957,-2.0329552749839386,45.034,July
2017-07-24,46.21,2017,7,3,0.4299999999999997,0.9392747924858114,45.05166666666666,July
2017-07-25,47.77,2017,7,3,1.5600000000000023,3.3758926639255726,45.11666666666667,July
2017-07-26,48.58,2017,7,3,0.8099999999999952,1.6956248691647469,45.199333333333335,July
2017-07-27,49.05,2017,7,3,0.46999999999999886,0.9674763277068621,45.28733333333333,July
2017-07-28,49.72,2017,7,3,0.6700000000000017,1.3659531090723709,45.45166666666667,July
2017-07-31,50.21,2017,7,3,0.490000000000002,0.9855189058728842,45.643,July
2017-08-01,49.19,2017,8,3,-1.0200000000000031,-2.031467835092615,45.791666666666664,August
2017-08-02,49.6,2017,8,3,0.4100000000000037,0.8335027444602572,45.97033333333333,August
2017-08-03,49.03,2017,8,3,-0.5700000000000003,-1.1491935483870952,46.16,August
2017-08-04,49.57,2017,8,3,0.5399999999999991,1.1013665102998171,46.39633333333334,August
2017-08-07,49.37,2017,8,3,-0.20000000000000284,-0.40346984062942237,46.62433333333333,August
2017-08-08,49.07,2017,8,3,-0.29999999999999716,-0.6076564715414179,46.831333333333326,August
2017-08-09,49.59,2017,8,3,0.5200000000000031,1.059710617485221,47.043,August
2017-08-10,48.54,2017,8,3,-1.0500000000000043,-2.1173623714458634,47.186,August
2017-08-11,48.81,2017,8,3,0.2700000000000031,0.5562422744128659,47.321666666666665,August
2017-08-14,47.59,2017,8,3,-1.2199999999999989,-2.499487809875023,47.412000000000006,August
2017-08-15,47.57,2017,8,3,-0.020000000000003126,-0.04202563563774353,47.46366666666667,August
2017-08-16,46.8,2017,8,3,-0.7700000000000031,-1.6186672272440639,47.519999999999996,August
2017-08-17,47.07,2017,8,3,0.2700000000000031,0.5769230769230749,47.571666666666665,August
2017-08-18,48.59,2017,8,3,1.5200000000000031,3.229233057148928,47.71633333333333,August
2017-08-21,47.39,2017,8,3,-1.2000000000000028,-2.469643959662493,47.816,August
2017-08-22,47.65,2017,8,3,0.259999999999998,0.5486389533656766,47.90233333333333,August
2017-08-23,48.45,2017,8,3,0.8000000000000043,1.6789087093389332,48.00133333333334,August
2017-08-24,47.24,2017,8,3,-1.2100000000000009,-2.49742002063984,48.04066666666667,August
2017-08-25,47.65,2017,8,3,0.4099999999999966,0.8679085520745033,48.077999999999996,August
2017-08-28,46.4,2017,8,3,-1.25,-2.6232948583420734,48.09066666666667,August
2017-08-29,46.46,2017,8,3,0.060000000000002274,0.1293103448275934,48.092666666666666,August
2017-08-30,45.96,2017,8,3,-0.5,-1.076194575979339,48.05466666666667,August
2017-08-31,47.26,2017,8,3,1.2999999999999972,2.828546562228018,48.07233333333333,August
2017-09-01,47.32,2017,9,3,0.060000000000002274,0.12695725772324806,48.123666666666665,September
2017-09-05,48.63,2017,9,3,1.3100000000000023,2.768385460693157,48.20433333333333,September
2017-09-06,49.13,2017,9,3,0.5,1.0281719103434117,48.24966666666667,September
2017-09-07,49.1,2017,9,3,-0.030000000000001137,-0.06106248727865138,48.267,September
2017-09-08,47.44,2017,9,3,-1.6600000000000037,-3.3808553971486854,48.21333333333334,September
2017-09-11,48.06,2017,9,3,0.6200000000000045,1.3069139966273235,48.158,September
2017-09-12,48.21,2017,9,3,0.14999999999999858,0.3121098626716501,48.09133333333333,September
2017-09-13,49.3,2017,9,3,1.0899999999999963,2.260941713337483,48.095,September
2017-09-14,49.86,2017,9,3,0.5600000000000023,1.1359026369168301,48.10366666666667,September
2017-09-15,49.9,2017,9,3,0.03999999999999915,0.08022462896108973,48.132666666666665,September
2017-09-18,49.88,2017,9,3,-0.01999999999999602,-0.04008016032063244,48.143,September
2017-09-19,49.54,2017,9,3,-0.3400000000000034,-0.6816359262229454,48.14866666666667,September
2017-09-20,50.29,2017,9,3,0.75,1.5139281388776737,48.18933333333334,September
2017-09-21,50.58,2017,9,3,0.28999999999999915,0.5766553986876088,48.22233333333334,September
2017-09-22,50.33,2017,9,3,-0.25,-0.4942665085013842,48.282000000000004,September
2017-09-25,51.85,2017,9,3,1.5200000000000031,3.020067554142658,48.38333333333333,September
2017-09-26,51.59,2017,9,3,-0.259999999999998,-0.5014464802314378,48.516666666666666,September
2017-09-27,52.14,2017,9,3,0.5499999999999972,1.0660980810234477,48.669,September
2017-09-28,51.62,2017,9,3,-0.5200000000000031,-0.9973149213655552,48.82966666666667,September
2017-09-29,51.67,2017,9,3,0.05000000000000426,0.09686168151878949,48.983,September
2017-10-02,50.59,2017,10,4,-1.0799999999999983,-2.090187729823878,49.04966666666667,October
2017-10-03,50.44,2017,10,4,-0.15000000000000568,-0.2965012848389126,49.15133333333333,October
2017-10-04,50.0,2017,10,4,-0.4399999999999977,-0.8723235527359208,49.22966666666666,October
2017-10-05,50.79,2017,10,4,0.7899999999999991,1.5800000000000036,49.30766666666667,October
2017-10-06,49.34,2017,10,4,-1.4499999999999957,-2.85489269541247,49.37766666666666,October
2017-10-09,49.58,2017,10,4,0.23999999999999488,0.4864207539521548,49.442,October
2017-10-10,50.93,2017,10,4,1.3500000000000014,2.722872125857201,49.592999999999996,October
2017-10-11,51.3,2017,10,4,0.36999999999999744,0.726487335558601,49.75433333333333,October
2017-10-12,50.61,2017,10,4,-0.6899999999999977,-1.3450292397660824,49.90933333333333,October
2017-10-13,51.43,2017,10,4,0.8200000000000003,1.6202331555028593,50.048333333333325,October
2017-10-16,51.86,2017,10,4,0.4299999999999997,0.8360878864476007,50.199666666666666,October
2017-10-17,51.87,2017,10,4,0.00999999999999801,0.019282684149635188,50.30766666666667,October
2017-10-18,52.05,2017,10,4,0.17999999999999972,0.3470213996529692,50.404999999999994,October
2017-10-19,51.29,2017,10,4,-0.759999999999998,-1.4601344860710852,50.478,October
2017-10-20,51.63,2017,10,4,0.3400000000000034,0.66289725092612,50.617666666666665,October
2017-10-23,51.91,2017,10,4,0.27999999999999403,0.5423203563819312,50.746,October
2017-10-24,52.32,2017,10,4,0.4100000000000037,0.7898285494124524,50.883,October
2017-10-25,51.97,2017,10,4,-0.3500000000000014,-0.66896024464832,50.972,October
2017-10-26,52.41,2017,10,4,0.4399999999999977,0.8466422936309392,51.057,October
2017-10-27,53.92,2017,10,4,1.5100000000000051,2.8811295554283634,51.191,October
2017-10-30,54.11,2017,10,4,0.18999999999999773,0.3523738872403426,51.332,October
2017-10-31,54.36,2017,10,4,0.25,0.46202180742931365,51.492666666666665,October
2017-11-01,54.32,2017,11,4,-0.03999999999999915,-0.07358351729211954,51.626999999999995,November
2017-11-02,54.55,2017,11,4,0.22999999999999687,0.42341678939616934,51.75933333333333,November
2017-11-03,55.63,2017,11,4,1.0800000000000054,1.979835013748854,51.936,November
2017-11-06,57.34,2017,11,4,1.7100000000000009,3.073880999460732,52.11900000000001,November
2017-11-07,57.19,2017,11,4,-0.15000000000000568,-0.2615974886641226,52.30566666666666,November
2017-11-08,56.82,2017,11,4,-0.36999999999999744,-0.6469662528413966,52.46166666666667,November
2017-11-09,57.16,2017,11,4,0.3399999999999963,0.5983808518127409,52.64633333333333,November
2017-11-10,56.75,2017,11,4,-0.4099999999999966,-0.7172848145556299,52.815666666666665,November
2017-11-13,56.77,2017,11,4,0.020000000000003126,0.03524229074889362,53.02166666666666,November
2017-11-14,55.67,2017,11,4,-1.1000000000000014,-1.9376431213669165,53.196000000000005,November
2017-11-15,55.28,2017,11,4,-0.39000000000000057,-0.7005568528830608,53.372,November
2017-11-16,55.14,2017,11,4,-0.14000000000000057,-0.25325615050650896,53.517,November
2017-11-17,56.21,2017,11,4,1.0700000000000003,1.9405150525934056,53.745999999999995,November
2017-11-20,56.21,2017,11,4,0.0,0.0,53.967,November
2017-11-21,56.84,2017,11,4,0.6300000000000026,1.1207970112079746,54.164,November
2017-11-22,57.88,2017,11,4,1.0399999999999991,1.8296973961998475,54.38333333333333,November
2017-11-24,58.94,2017,11,4,1.0599999999999952,1.8313752591568644,54.660999999999994,November
2017-11-27,58.1,2017,11,4,-0.8399999999999963,-1.4251781472684022,54.88333333333333,November
2017-11-28,57.96,2017,11,4,-0.14000000000000057,-0.24096385542168308,55.086666666666666,November
2017-11-29,57.25,2017,11,4,-0.7100000000000009,-1.224982746721881,55.266,November
2017-11-30,57.4,2017,11,4,0.14999999999999858,0.26200873362445254,55.44433333333334,November
2017-12-01,58.35,2017,12,4,0.9500000000000028,1.6550522648083765,55.67966666666666,December
2017-12-04,57.48,2017,12,4,-0.8700000000000045,-1.4910025706941,55.87466666666667,December
2017-12-05,57.66,2017,12,4,0.17999999999999972,0.31315240083507057,56.06633333333333,December
2017-12-06,55.79,2017,12,4,-1.8699999999999974,-3.2431494970516783,56.182,December
2017-12-07,56.5,2017,12,4,0.7100000000000009,1.2726295034952484,56.333,December
2017-12-08,57.15,2017,12,4,0.6499999999999986,1.1504424778761013,56.491,December
2017-12-11,57.84,2017,12,4,0.6900000000000048,1.207349081364839,56.62166666666667,December
2017-12-12,57.12,2017,12,4,-0.720000000000006,-1.2448132780083054,56.721999999999994,December
2017-12-13,56.59,2017,12,4,-0.529999999999994,-0.9278711484593694,56.79633333333334,December
2017-12-14,57.0,2017,12,4,0.4099999999999966,0.724509630676784,56.88566666666667,December
2017-12-15,57.29,2017,12,4,0.28999999999999915,0.5087719298245696,56.977,December
2017-12-18,57.17,2017,12,4,-0.11999999999999744,-0.20946063885494137,57.028333333333336,December
2017-12-19,57.49,2017,12,4,0.3200000000000003,0.5597341262900235,57.03333333333334,December
2017-12-20,58.09,2017,12,4,0.6000000000000014,1.043659766915983,57.06333333333334,December
2017-12-21,58.34,2017,12,4,0.25,0.43036667240488047,57.114,December
2017-12-22,58.25,2017,12,4,-0.09000000000000341,-0.1542680836475907,57.150333333333336,December
2017-12-26,59.55,2017,12,4,1.2999999999999972,2.2317596566523656,57.24366666666666,December
2017-12-27,59.67,2017,12,4,0.12000000000000455,0.2015113350126052,57.340333333333334,December
2017-12-28,59.84,2017,12,4,0.1700000000000017,0.2849002849002913,57.47933333333334,December
2017-12-29,60.46,2017,12,4,0.6199999999999974,1.0360962566844822,57.652,December
2018-01-02,60.37,2018,1,1,-0.09000000000000341,-0.14885874958651124,57.82633333333333,January
2018-01-03,61.61,2018,1,1,1.240000000000002,2.054000331290373,58.00633333333334,January
2018-01-04,61.98,2018,1,1,0.36999999999999744,0.6005518584645264,58.19866666666667,January
2018-01-05,61.49,2018,1,1,-0.4899999999999949,-0.7905776056792435,58.35366666666666,January
2018-01-08,61.73,2018,1,1,0.23999999999999488,0.39030736705154556,58.482,January
2018-01-09,62.92,2018,1,1,1.1900000000000048,1.927749878503171,58.61466666666667,January
2018-01-10,63.6,2018,1,1,0.6799999999999997,1.0807374443738027,58.798,January
2018-01-11,63.81,2018,1,1,0.21000000000000085,0.33018867924528017,58.993,January
2018-01-12,64.22,2018,1,1,0.4099999999999966,0.6425325184140407,59.22533333333333,January
2018-01-16,63.82,2018,1,1,-0.3999999999999986,-0.6228589224540615,59.43933333333334,January
2018-01-17,63.92,2018,1,1,0.10000000000000142,0.1566906925728695,59.625,January
2018-01-18,63.96,2018,1,1,0.03999999999999915,0.06257822277846437,59.841,January
2018-01-19,63.38,2018,1,1,-0.5799999999999983,-0.906816760475293,60.031666666666666,January
2018-01-22,63.66,2018,1,1,0.27999999999999403,0.44177974124328667,60.294,January
2018-01-23,64.45,2018,1,1,0.7900000000000063,1.2409676405906511,60.559,January
2018-01-24,65.69,2018,1,1,1.2399999999999949,1.923972071373159,60.843666666666664,January
2018-01-25,65.62,2018,1,1,-0.06999999999999318,-0.10656112041405041,61.102999999999994,January
2018-01-26,66.27,2018,1,1,0.6499999999999915,0.9905516610789311,61.408,January
2018-01-29,65.71,2018,1,1,-0.5600000000000023,-0.8450279161008045,61.711999999999996,January
2018-01-30,64.64,2018,1,1,-1.0699999999999932,-1.6283670674174355,61.96666666666667,January
2018-01-31,64.82,2018,1,1,0.1799999999999926,0.27846534653463983,62.217666666666666,January
2018-02-01,65.92,2018,2,1,1.1000000000000085,1.6970070965751427,62.50933333333333,February
2018-02-02,65.5,2018,2,1,-0.4200000000000017,-0.637135922330101,62.77633333333333,February
2018-02-05,64.18,2018,2,1,-1.3199999999999932,-2.0152671755725104,62.97933333333333,February
2018-02-06,63.48,2018,2,1,-0.70000000000001,-1.0906824555936612,63.150666666666666,February
2018-02-07,61.91,2018,2,1,-1.5700000000000003,-2.473219911783242,63.272666666666666,February
2018-02-08,61.3,2018,2,1,-0.6099999999999994,-0.9853012437409103,63.331,February
2018-02-09,59.2,2018,2,1,-2.0999999999999943,-3.425774877650889,63.315333333333335,February
2018-02-12,59.41,2018,2,1,0.20999999999999375,0.35472972972971917,63.301,February
2018-02-13,59.33,2018,2,1,-0.0799999999999983,-0.13465746507321796,63.263333333333335,February
2018-02-14,60.7,2018,2,1,1.3700000000000045,2.309118489802797,63.27433333333333,February
2018-02-15,61.48,2018,2,1,0.779999999999994,1.2850082372322769,63.27,February
2018-02-16,61.89,2018,2,1,0.4100000000000037,0.6668835393623951,63.267,February
2018-02-20,61.91,2018,2,1,0.01999999999999602,0.03231539828727481,63.281,February
2018-02-21,61.73,2018,2,1,-0.17999999999999972,-0.29074462930059886,63.281,February
2018-02-22,62.72,2018,2,1,0.990000000000002,1.6037583022841417,63.27433333333333,February
2018-02-23,63.52,2018,2,1,0.8000000000000043,1.2755102040816313,63.27166666666667,February
2018-02-26,63.81,2018,2,1,0.28999999999999915,0.4565491183879056,63.27166666666667,February
2018-02-27,62.94,2018,2,1,-0.8700000000000045,-1.3634226610249267,63.229000000000006,February
2018-02-28,61.43,2018,2,1,-1.509999999999998,-2.3991102637432427,63.149333333333324,February
2018-03-01,60.98,2018,3,1,-0.45000000000000284,-0.7325411036952723,63.05133333333333,March
2018-03-02,61.19,2018,3,1,0.21000000000000085,0.34437520498524776,62.958999999999996,March
2018-03-05,62.49,2018,3,1,1.3000000000000043,2.1245301519856152,62.92933333333333,March
2018-03-06,62.54,2018,3,1,0.04999999999999716,0.08001280204832373,62.892,March
2018-03-07,61.09,2018,3,1,-1.4499999999999957,-2.318516149664207,62.78,March
2018-03-08,60.13,2018,3,1,-0.9600000000000009,-1.5714519561302986,62.59466666666666,March
2018-03-09,62.02,2018,3,1,1.8900000000000006,3.143189755529696,62.474666666666664,March
2018-03-12,61.35,2018,3,1,-0.6700000000000017,-1.0802966784908108,62.31066666666667,March
2018-03-13,60.69,2018,3,1,-0.6600000000000037,-1.0757946210269043,62.14333333333333,March
2018-03-14,60.89,2018,3,1,0.20000000000000284,0.3295435821387471,62.01833333333333,March
2018-03-15,61.16,2018,3,1,0.269999999999996,0.44342256528164814,61.89633333333333,March
2018-03-16,62.29,2018,3,1,1.1300000000000026,1.8476128188358532,61.775333333333336,March
2018-03-19,62.01,2018,3,1,-0.28000000000000114,-0.4495103547921042,61.659,March
2018-03-20,63.37,2018,3,1,1.3599999999999994,2.193194646024832,61.632,March
2018-03-21,65.1,2018,3,1,1.7299999999999969,2.7299984219662177,61.686,March
2018-03-22,64.25,2018,3,1,-0.8499999999999943,-1.3056835637480724,61.764,March
2018-03-23,65.8,2018,3,1,1.5499999999999972,2.4124513618676957,61.914,March
2018-03-26,65.49,2018,3,1,-0.3100000000000023,-0.47112462006079214,62.123666666666665,March
2018-03-27,65.21,2018,3,1,-0.28000000000000114,-0.4275461902580546,62.31699999999999,March
2018-03-28,64.3,2018,3,1,-0.9099999999999966,-1.3954914890354164,62.48266666666667,March
2018-03-29,64.87,2018,3,1,0.5700000000000074,0.8864696734059319,62.62166666666666,March
2018-04-02,63.05,2018,4,2,-1.8200000000000074,-2.8056112224449037,62.67399999999999,April
2018-04-03,63.41,2018,4,2,0.35999999999999943,0.570975416336239,62.724666666666664,April
2018-04-04,63.35,2018,4,2,-0.05999999999999517,-0.09462229932186705,62.77266666666666,April
2018-04-05,63.53,2018,4,2,0.17999999999999972,0.28413575374901523,62.83266666666666,April
2018-04-06,62.03,2018,4,2,-1.5,-2.36108924917362,62.809666666666665,April
2018-04-09,63.4,2018,4,2,1.3699999999999974,2.2086087377075625,62.80566666666666,April
2018-04-10,65.48,2018,4,2,2.0800000000000054,3.280757097791809,62.86133333333333,April
2018-04-11,66.81,2018,4,2,1.3299999999999983,2.03115455100793,62.990333333333325,April
2018-04-12,67.07,2018,4,2,0.2599999999999909,0.3891632989073246,63.178333333333335,April
2018-04-13,67.35,2018,4,2,0.28000000000000114,0.4174742806023479,63.39066666666667,April
2018-04-16,66.23,2018,4,2,-1.1199999999999903,-1.662954714179643,63.55866666666667,April
2018-04-17,66.5,2018,4,2,0.269999999999996,0.40767024007246633,63.69233333333333,April
2018-04-18,68.44,2018,4,2,1.9399999999999977,2.917293233082696,63.889,April
2018-04-19,68.3,2018,4,2,-0.14000000000000057,-0.20455873758036258,64.12933333333334,April
2018-04-20,68.26,2018,4,2,-0.03999999999999204,-0.05856515373351412,64.40033333333334,April
2018-04-23,67.61,2018,4,2,-0.6500000000000057,-0.9522414298271387,64.58666666666666,April
2018-04-24,67.66,2018,4,2,0.04999999999999716,0.07395355716610652,64.797,April
2018-04-25,68.0,2018,4,2,0.3400000000000034,0.5025125628140836,65.04066666666667,April
2018-04-26,68.18,2018,4,2,0.18000000000000682,0.2647058823529447,65.28366666666666,April
2018-04-27,68.11,2018,4,2,-0.07000000000000739,-0.10266940451746365,65.51533333333333,April
2018-04-30,68.56,2018,4,2,0.45000000000000284,0.6606959330494933,65.72433333333332,April
2018-05-01,67.28,2018,5,2,-1.2800000000000011,-1.8669778296382722,65.9,May
2018-05-02,67.91,2018,5,2,0.6299999999999955,0.9363852556480312,66.05133333333333,May
2018-05-03,68.45,2018,5,2,0.5400000000000063,0.7951700780444826,66.163,May
2018-05-04,69.71,2018,5,2,1.259999999999991,1.8407596785974922,66.345,May
2018-05-07,70.74,2018,5,2,1.0300000000000011,1.4775498493759809,66.50966666666666,May
2018-05-08,68.83,2018,5,2,-1.9099999999999966,-2.70002827254735,66.621,May
2018-05-09,71.16,2018,5,2,2.3299999999999983,3.385151823332855,66.81933333333333,May
2018-05-10,71.36,2018,5,2,0.20000000000000284,0.28105677346823565,67.05466666666666,May
2018-05-11,70.69,2018,5,2,-0.6700000000000017,-0.9389013452914874,67.24866666666667,May
2018-05-14,71.01,2018,5,2,0.3200000000000074,0.4526807186306492,67.514,May
2018-05-15,71.34,2018,5,2,0.3299999999999983,0.4647232784114941,67.77833333333334,May
2018-05-16,71.43,2018,5,2,0.09000000000000341,0.1261564339781307,68.04766666666667,May
2018-05-17,71.47,2018,5,2,0.03999999999999204,0.05599888002238984,68.31233333333333,May
2018-05-18,71.23,2018,5,2,-0.23999999999999488,-0.33580523296486975,68.61899999999999,May
2018-05-21,72.26,2018,5,2,1.0300000000000011,1.4460199354204617,68.91433333333333,May
2018-05-22,72.09,2018,5,2,-0.1700000000000017,-0.23526155549404848,69.13466666666666,May
2018-05-23,71.85,2018,5,2,-0.2400000000000091,-0.33291718684977933,69.30266666666667,May
2018-05-24,70.77,2018,5,2,-1.0799999999999983,-1.5031315240083498,69.42599999999999,May
2018-05-25,67.92,2018,5,2,-2.8499999999999943,-4.0271301398897785,69.445,May
2018-05-29,66.8,2018,5,2,-1.1200000000000045,-1.6489988221437102,69.464,May
2018-05-30,68.24,2018,5,2,1.4399999999999977,2.1556886227544814,69.52199999999999,May
2018-05-31,66.98,2018,5,2,-1.259999999999991,-1.8464243845251915,69.47333333333333,May
2018-06-01,65.81,2018,6,2,-1.1700000000000017,-1.7467900865930197,69.39033333333333,June
2018-06-04,64.76,2018,6,2,-1.0499999999999972,-1.5955022033125599,69.27366666666667,June
2018-06-05,65.51,2018,6,2,0.75,1.1581222977146366,69.20366666666668,June
2018-06-06,64.75,2018,6,2,-0.7600000000000051,-1.1601282246985312,69.10666666666665,June
2018-06-07,65.96,2018,6,2,1.2099999999999937,1.8687258687258623,69.03866666666666,June
2018-06-08,65.77,2018,6,2,-0.18999999999999773,-0.28805336567616635,68.95833333333333,June
2018-06-11,66.1,2018,6,2,0.3299999999999983,0.5017485175611958,68.89133333333334,June
2018-06-12,66.38,2018,6,2,0.28000000000000114,0.4236006051437258,68.81866666666666,June
2018-06-13,66.63,2018,6,2,0.25,0.37661946369389465,68.797,June
2018-06-14,66.91,2018,6,2,0.28000000000000114,0.42023112711990773,68.76366666666667,June
2018-06-15,65.01,2018,6,2,-1.8999999999999915,-2.83963533104169,68.64899999999999,June
2018-06-18,65.91,2018,6,2,0.8999999999999915,1.384402399630802,68.52233333333334,June
2018-06-19,65.09,2018,6,2,-0.8199999999999932,-1.2441207707479807,68.334,June
2018-06-20,65.92,2018,6,2,0.8299999999999983,1.2751574742664085,68.23700000000001,June
2018-06-21,65.68,2018,6,2,-0.23999999999999488,-0.3640776699029069,68.05433333333333,June
2018-06-22,69.02,2018,6,2,3.339999999999989,5.08526187576126,67.97633333333333,June
2018-06-25,69.91,2018,6,2,0.8900000000000006,1.2894813097652946,67.95033333333333,June
2018-06-26,75.23,2018,6,2,5.320000000000007,7.609784008010312,68.091,June
2018-06-27,77.41,2018,6,2,2.1799999999999926,2.8977801409012294,68.29333333333334,June
2018-06-28,73.45,2018,6,2,-3.9599999999999937,-5.115618137191569,68.36066666666667,June
2018-06-29,74.13,2018,6,2,0.6799999999999926,0.9257998638529497,68.44933333333333,June
2018-07-02,73.89,2018,7,3,-0.23999999999999488,-0.32375556454875554,68.538,July
2018-07-03,74.19,2018,7,3,0.29999999999999716,0.406008932196511,68.60233333333333,July
2018-07-05,73.05,2018,7,3,-1.1400000000000006,-1.5365952284674522,68.63433333333334,July
2018-07-06,73.78,2018,7,3,0.730000000000004,0.9993155373032137,68.69866666666667,July
2018-07-09,73.93,2018,7,3,0.15000000000000568,0.20330712930334283,68.804,July
2018-07-10,74.11,2018,7,3,0.1799999999999926,0.24347355606653132,69.01033333333334,July
2018-07-11,70.47,2018,7,3,-3.6400000000000006,-4.911617865335316,69.13266666666667,July
2018-07-12,70.28,2018,7,3,-0.18999999999999773,-0.269618277281114,69.20066666666666,July
2018-07-13,71.03,2018,7,3,0.75,1.0671599317017666,69.33566666666665,July
2018-07-16,68.22,2018,7,3,-2.8100000000000023,-3.9560748979304505,69.416,July
2018-07-17,68.03,2018,7,3,-0.18999999999999773,-0.27851070067428374,69.525,July
2018-07-18,68.78,2018,7,3,0.75,1.1024547993532252,69.634,July
2018-07-19,69.42,2018,7,3,0.6400000000000006,0.9305030532131386,69.78966666666666,July
2018-07-20,70.31,2018,7,3,0.8900000000000006,1.2820512820512775,69.93466666666667,July
2018-07-23,67.9,2018,7,3,-2.4099999999999966,-3.4276774285307843,70.00566666666667,July
2018-07-24,70.77,2018,7,3,2.8699999999999903,4.226804123711325,70.16133333333333,July
2018-07-25,71.13,2018,7,3,0.35999999999999943,0.5086901229334417,70.31966666666668,July
2018-07-26,71.59,2018,7,3,0.46000000000000796,0.6467032194573452,70.485,July
2018-07-27,68.66,2018,7,3,-2.930000000000007,-4.092750384131872,70.54333333333334,July
2018-07-30,71.19,2018,7,3,2.530000000000001,3.6848237692979957,70.74933333333334,July
2018-07-31,69.88,2018,7,3,-1.3100000000000023,-1.8401460879337028,70.88166666666666,July
2018-08-01,68.8,2018,8,3,-1.0799999999999983,-1.5455065827132186,71.00533333333334,August
2018-08-02,68.95,2018,8,3,0.15000000000000568,0.21802325581397053,71.10633333333334,August
2018-08-03,68.49,2018,8,3,-0.46000000000000796,-0.6671501087744836,71.2,August
2018-08-06,69.01,2018,8,3,0.5200000000000102,0.7592349248065622,71.19966666666666,August
2018-08-07,69.17,2018,8,3,0.1599999999999966,0.23185045645557345,71.175,August
2018-08-08,66.92,2018,8,3,-2.25,-3.2528552840826896,70.898,August
2018-08-09,66.81,2018,8,3,-0.10999999999999943,-0.16437537358039433,70.54466666666667,August
2018-08-10,67.61,2018,8,3,0.7999999999999972,1.1974255350995389,70.35,August
2018-08-13,67.25,2018,8,3,-0.35999999999999943,-0.5324656115959114,70.12066666666666,August
2018-08-14,67.04,2018,8,3,-0.20999999999999375,-0.31226765799255984,69.89233333333333,August
2018-08-15,65.07,2018,8,3,-1.970000000000013,-2.9385441527446488,69.58833333333334,August
2018-08-16,65.44,2018,8,3,0.37000000000000455,0.5686184109420678,69.33466666666666,August
2018-08-17,65.93,2018,8,3,0.4900000000000091,0.7487775061124857,69.07300000000001,August
2018-08-20,66.5,2018,8,3,0.5699999999999932,0.8645533141210304,68.82533333333335,August
2018-08-21,67.32,2018,8,3,0.8199999999999932,1.233082706766897,68.59899999999999,August
2018-08-22,67.85,2018,8,3,0.5300000000000011,0.7872846108140319,68.51166666666667,August
2018-08-23,69.13,2018,8,3,1.2800000000000011,1.8865143699336784,68.47333333333333,August
2018-08-24,69.71,2018,8,3,0.5799999999999983,0.8389989874150183,68.42933333333333,August
2018-08-27,69.97,2018,8,3,0.2600000000000051,0.372973748386185,68.48766666666667,August
2018-08-28,68.54,2018,8,3,-1.4299999999999926,-2.043733028440753,68.50466666666667,August
2018-08-29,69.68,2018,8,3,1.1400000000000006,1.663262328567261,68.53466666666667,August
2018-08-30,70.25,2018,8,3,0.5699999999999932,0.8180252583237513,68.56233333333333,August
2018-08-31,69.84,2018,8,3,-0.4099999999999966,-0.5836298932384243,68.54666666666667,August
2018-09-04,69.82,2018,9,3,-0.020000000000010232,-0.0286368843069984,68.61066666666667,September
2018-09-05,68.69,2018,9,3,-1.1299999999999955,-1.6184474362646695,68.54133333333334,September
2018-09-06,67.81,2018,9,3,-0.8799999999999955,-1.2811180666763677,68.43066666666667,September
2018-09-07,67.73,2018,9,3,-0.0799999999999983,-0.11797669960182944,68.30199999999999,September
2018-09-10,67.55,2018,9,3,-0.18000000000000682,-0.2657611102908741,68.265,September
2018-09-11,69.29,2018,9,3,1.740000000000009,2.575869726128799,68.20166666666667,September
2018-09-12,70.37,2018,9,3,1.0799999999999983,1.5586664742387013,68.218,September
2018-09-13,68.6,2018,9,3,-1.7700000000000102,-2.515276396191568,68.21133333333334,September
2018-09-14,68.98,2018,9,3,0.38000000000000966,0.5539358600583189,68.21233333333333,September
2018-09-17,68.86,2018,9,3,-0.12000000000000455,-0.1739634676718005,68.22466666666666,September
2018-09-18,69.87,2018,9,3,1.0100000000000051,1.4667441185013175,68.25333333333334,September
2018-09-19,71.08,2018,9,3,1.2099999999999937,1.73178760555317,68.31700000000001,September
2018-09-20,70.77,2018,9,3,-0.3100000000000023,-0.4361283061339316,68.44533333333334,September
2018-09-21,70.8,2018,9,3,0.030000000000001137,0.042390843577799764,68.57833333333333,September
2018-09-24,73.23,2018,9,3,2.430000000000007,3.4322033898305238,68.76566666666668,September
2018-09-25,73.4,2018,9,3,0.1700000000000017,0.23214529564385966,68.97066666666666,September
2018-09-26,72.22,2018,9,3,-1.1800000000000068,-1.6076294277929226,69.14333333333335,September
2018-09-27,72.18,2018,9,3,-0.03999999999999204,-0.05538631957905382,69.38033333333333,September
2018-09-28,73.16,2018,9,3,0.9799999999999898,1.357716819063448,69.63766666666668,September
2018-10-01,75.37,2018,10,4,2.210000000000008,3.0207763805358168,69.95233333333334,October
2018-10-02,75.16,2018,10,4,-0.21000000000000796,-0.27862544779090337,70.241,October
2018-10-03,76.4,2018,10,4,1.240000000000009,1.6498137307078276,70.54366666666667,October
2018-10-04,74.44,2018,10,4,-1.960000000000008,-2.565445026178026,70.76333333333334,October
2018-10-05,74.26,2018,10,4,-0.1799999999999926,-0.2418054809242287,70.93433333333333,October
2018-10-08,74.27,2018,10,4,0.009999999999990905,0.013466199838396697,71.08633333333333,October
2018-10-09,74.95,2018,10,4,0.6800000000000068,0.9155782954086478,71.25233333333334,October
2018-10-10,73.18,2018,10,4,-1.769999999999996,-2.361574382921938,71.407,October
2018-10-11,70.97,2018,10,4,-2.210000000000008,-3.0199508062312197,71.45,October
2018-10-12,71.41,2018,10,4,0.4399999999999977,0.6199802733549253,71.48866666666666,October
2018-10-15,71.84,2018,10,4,0.4300000000000068,0.602156560705791,71.55533333333334,October
2018-10-16,71.93,2018,10,4,0.09000000000000341,0.1252783964365234,71.62566666666666,October
2018-10-17,69.63,2018,10,4,-2.3000000000000114,-3.1975531766995857,71.657,October
2018-10-18,68.63,2018,10,4,-1.0,-1.4361625736033279,71.68433333333333,October
2018-10-19,69.16,2018,10,4,0.5300000000000011,0.7722570304531606,71.732,October
2018-10-22,69.25,2018,10,4,0.09000000000000341,0.13013302486988287,71.78866666666667,October
2018-10-23,66.49,2018,10,4,-2.760000000000005,-3.9855595667870114,71.69533333333334,October
2018-10-24,66.56,2018,10,4,0.07000000000000739,0.10527898932171098,71.56833333333333,October
2018-10-25,67.25,2018,10,4,0.6899999999999977,1.0366586538461453,71.52333333333333,October
2018-10-26,67.58,2018,10,4,0.3299999999999983,0.49070631970260514,71.47666666666667,October
2018-10-29,67.0,2018,10,4,-0.5799999999999983,-0.8582420834566395,71.41466666666665,October
2018-10-30,66.18,2018,10,4,-0.8199999999999932,-1.2238805970149147,71.29166666666667,October
2018-10-31,65.31,2018,10,4,-0.8700000000000045,-1.3145965548504113,71.09933333333333,October
2018-11-01,63.67,2018,11,4,-1.6400000000000006,-2.511100903383867,70.86266666666667,November
2018-11-02,63.12,2018,11,4,-0.5500000000000043,-0.8638291188943104,70.60666666666665,November
2018-11-05,63.12,2018,11,4,0.0,0.0,70.26966666666667,November
2018-11-06,62.16,2018,11,4,-0.9600000000000009,-1.520912547528519,69.895,November
2018-11-07,61.69,2018,11,4,-0.46999999999999886,-0.7561132561132555,69.544,November
2018-11-08,60.71,2018,11,4,-0.9799999999999969,-1.5885881017993153,69.16166666666666,November
2018-11-09,60.19,2018,11,4,-0.5200000000000031,-0.8565310492505418,68.72933333333334,November
2018-11-12,59.85,2018,11,4,-0.3399999999999963,-0.5648778866921389,68.212,November
2018-11-13,55.63,2018,11,4,-4.219999999999999,-7.050960735171263,67.561,November
2018-11-14,56.16,2018,11,4,0.529999999999994,0.9527233507100386,66.88633333333333,November
2018-11-15,56.45,2018,11,4,0.29000000000000625,0.5163817663817794,66.28666666666666,November
2018-11-16,56.49,2018,11,4,0.03999999999999915,0.07085916740479092,65.69433333333333,November
2018-11-19,57.16,2018,11,4,0.6699999999999946,1.1860506284298022,65.124,November
2018-11-20,53.39,2018,11,4,-3.769999999999996,-6.595521343596911,64.40533333333333,November
2018-11-21,54.41,2018,11,4,1.019999999999996,1.910470125491659,63.77966666666667,November
2018-11-26,51.46,2018,11,4,-2.9499999999999957,-5.421797463701516,63.129333333333335,November
2018-11-27,51.31,2018,11,4,-0.14999999999999858,-0.29148853478430103,62.45933333333333,November
2018-11-28,50.06,2018,11,4,-1.25,-2.436172286104077,61.733333333333334,November
2018-11-29,51.46,2018,11,4,1.3999999999999986,2.7966440271673942,61.051,November
2018-11-30,50.78,2018,11,4,-0.6799999999999997,-1.3214146910221491,60.42266666666667,November
2018-12-03,52.98,2018,12,4,2.1999999999999957,4.332414336352897,59.900999999999996,December
2018-12-04,53.21,2018,12,4,0.23000000000000398,0.4341260853152118,59.36933333333333,December
2018-12-05,52.64,2018,12,4,-0.5700000000000003,-1.0712272129299039,58.81566666666666,December
2018-12-06,51.54,2018,12,4,-1.1000000000000014,-2.0896656534954428,58.31733333333334,December
2018-12-07,52.76,2018,12,4,1.2199999999999989,2.3670935195964304,57.85733333333334,December
2018-12-10,51.07,2018,12,4,-1.6899999999999977,-3.2031842304776292,57.318,December
2018-12-11,51.65,2018,12,4,0.5799999999999983,1.1356961033875068,56.787,December
2018-12-12,51.04,2018,12,4,-0.6099999999999994,-1.1810261374636921,56.255,December
2018-12-13,52.69,2018,12,4,1.6499999999999986,3.2327586206896575,55.80533333333333,December
2018-12-14,51.26,2018,12,4,-1.4299999999999997,-2.713987473903967,55.336999999999996,December
2018-12-17,49.8,2018,12,4,-1.4600000000000009,-2.848224736636751,54.87466666666667,December
2018-12-18,46.12,2018,12,4,-3.6799999999999997,-7.3895582329317255,54.308,December
2018-12-19,47.96,2018,12,4,1.8400000000000034,3.98959236773635,53.80266666666667,December
2018-12-20,45.64,2018,12,4,-2.3200000000000003,-4.837364470391991,53.251999999999995,December
2018-12-21,45.38,2018,12,4,-0.259999999999998,-0.5696757230499561,52.708333333333336,December
2018-12-26,46.04,2018,12,4,0.6599999999999966,1.4543851917144135,52.21933333333333,December
2018-12-27,44.48,2018,12,4,-1.5600000000000023,-3.3883579496090444,51.69566666666666,December
2018-12-28,45.15,2018,12,4,0.6700000000000017,1.506294964028787,51.205666666666666,December
2019-01-02,46.31,2019,1,1,1.1600000000000037,2.5692137320044273,50.894999999999996,January
2019-01-03,46.92,2019,1,1,0.6099999999999994,1.317210105808675,50.587,January
2019-01-04,47.76,2019,1,1,0.8399999999999963,1.7902813299232712,50.297333333333334,January
2019-01-07,48.27,2019,1,1,0.5100000000000051,1.0678391959799027,50.02333333333333,January
2019-01-08,49.58,2019,1,1,1.3099999999999952,2.7139009736896424,49.77066666666666,January
2019-01-09,52.19,2019,1,1,2.6099999999999994,5.264219443323914,49.73066666666667,January
2019-01-10,52.42,2019,1,1,0.23000000000000398,0.4406974516190987,49.664333333333325,January
2019-01-11,51.44,2019,1,1,-0.980000000000004,-1.8695154521175206,49.663666666666664,January
2019-01-14,50.31,2019,1,1,-1.1299999999999955,-2.196734059097971,49.630333333333326,January
2019-01-15,51.8,2019,1,1,1.4899999999999949,2.9616378453587666,49.68833333333334,January
2019-01-16,52.08,2019,1,1,0.28000000000000114,0.540540540540535,49.708999999999996,January
2019-01-17,51.83,2019,1,1,-0.25,-0.480030721966207,49.744,January
2019-01-18,53.6,2019,1,1,1.7700000000000031,3.4150106116149104,49.76466666666667,January
2019-01-22,52.59,2019,1,1,-1.009999999999998,-1.8843283582089532,49.744,January
2019-01-23,52.44,2019,1,1,-0.15000000000000568,-0.28522532800914213,49.73733333333334,January
2019-01-24,52.94,2019,1,1,0.5,0.9534706331044918,49.784,January
2019-01-25,53.53,2019,1,1,0.5900000000000034,1.114469210426905,49.809666666666665,January
2019-01-28,51.79,2019,1,1,-1.740000000000002,-3.250513730618354,49.833666666666666,January
2019-01-29,53.07,2019,1,1,1.2800000000000011,2.471519598378058,49.881,January
2019-01-30,54.18,2019,1,1,1.1099999999999994,2.091577162238556,49.98566666666667,January
2019-01-31,53.84,2019,1,1,-0.3399999999999963,-0.627537836840153,50.024,January
2019-02-01,55.29,2019,2,1,1.4499999999999957,2.693164933135206,50.15833333333333,February
2019-02-04,54.57,2019,2,1,-0.7199999999999989,-1.302224633749316,50.31733333333333,February
2019-02-05,53.69,2019,2,1,-0.8800000000000026,-1.6126076598863892,50.56966666666666,February
2019-02-06,53.94,2019,2,1,0.25,0.46563605885638903,50.769,February
2019-02-07,52.68,2019,2,1,-1.259999999999998,-2.3359288097886455,51.00366666666667,February
2019-02-08,52.75,2019,2,1,0.07000000000000028,0.13287775246773048,51.24933333333333,February
2019-02-11,52.43,2019,2,1,-0.3200000000000003,-0.6066350710900448,51.46233333333334,February
2019-02-12,53.14,2019,2,1,0.7100000000000009,1.3541865344268489,51.751,February
2019-02-13,53.84,2019,2,1,0.7000000000000028,1.3172751223184065,52.04066666666666,February
2019-02-14,54.4,2019,2,1,0.5599999999999952,1.0401188707280795,52.31033333333333,February
2019-02-15,55.58,2019,2,1,1.1799999999999997,2.169117647058827,52.599,February
2019-02-19,56.12,2019,2,1,0.5399999999999991,0.9715725080964299,52.87766666666666,February
2019-02-20,56.9,2019,2,1,0.7800000000000011,1.3898788310762633,53.16533333333333,February
2019-02-21,56.95,2019,2,1,0.05000000000000426,0.08787346221441616,53.410999999999994,February
2019-02-22,57.01,2019,2,1,0.05999999999999517,0.10535557506583526,53.571666666666665,February
2019-02-25,55.32,2019,2,1,-1.6899999999999977,-2.9643922118926413,53.66833333333334,February
2019-02-26,55.4,2019,2,1,0.0799999999999983,0.1446131597975464,53.800333333333334,February
2019-02-27,56.92,2019,2,1,1.5200000000000031,2.743682310469331,54.02066666666667,February
2019-02-28,57.21,2019,2,1,0.28999999999999915,0.5094869992972484,54.201,February
2019-03-01,55.76,2019,3,1,-1.4500000000000028,-2.5345219367243543,54.32366666666667,March
2019-03-04,56.6,2019,3,1,0.8400000000000034,1.5064562410330051,54.48266666666667,March
2019-03-05,56.55,2019,3,1,-0.05000000000000426,-0.08833922261485272,54.580999999999996,March
2019-03-06,56.22,2019,3,1,-0.3299999999999983,-0.5835543766578244,54.702,March
2019-03-07,56.6,2019,3,1,0.38000000000000256,0.6759160441124124,54.84066666666667,March
2019-03-08,55.77,2019,3,1,-0.8299999999999983,-1.466431095406362,54.934999999999995,March
2019-03-11,56.79,2019,3,1,1.019999999999996,1.8289402904787533,55.04366666666667,March
2019-03-12,56.89,2019,3,1,0.10000000000000142,0.17608733932030773,55.21366666666666,March
2019-03-13,58.27,2019,3,1,1.3800000000000026,2.425733872385316,55.38700000000001,March
2019-03-14,58.59,2019,3,1,0.3200000000000003,0.5491676677535695,55.534,March
2019-03-15,58.51,2019,3,1,-0.0800000000000054,-0.13654207202594693,55.68966666666667,March
2019-03-18,59.09,2019,3,1,0.5800000000000054,0.991283541275001,55.81633333333333,March
2019-03-19,59.12,2019,3,1,0.02999999999999403,0.050770011846323904,55.967999999999996,March
2019-03-20,60.12,2019,3,1,1.0,1.691474966170503,56.18233333333333,March
2019-03-21,59.98,2019,3,1,-0.14000000000000057,-0.23286759813706537,56.38366666666666,March
2019-03-22,58.87,2019,3,1,-1.1099999999999994,-1.8506168722907668,56.59,March
2019-03-25,58.71,2019,3,1,-0.1599999999999966,-0.27178528962119586,56.788666666666664,March
2019-03-26,59.87,2019,3,1,1.1599999999999966,1.9758133197070205,57.03666666666666,March
2019-03-27,59.39,2019,3,1,-0.4799999999999969,-0.8017370970435866,57.245,March
2019-03-28,59.29,2019,3,1,-0.10000000000000142,-0.16837851490150157,57.42666666666666,March
2019-03-29,60.19,2019,3,1,0.8999999999999986,1.5179625569236022,57.61966666666667,March
2019-04-01,61.59,2019,4,2,1.4000000000000057,2.325967768732351,57.82000000000001,April
2019-04-02,62.53,2019,4,2,0.9399999999999977,1.5262217892515029,58.03366666666667,April
2019-04-03,62.46,2019,4,2,-0.07000000000000028,-0.11194626579241751,58.21900000000001,April
2019-04-04,62.12,2019,4,2,-0.3400000000000034,-0.5443483829650986,58.391333333333336,April
2019-04-05,63.1,2019,4,2,0.980000000000004,1.577591757887964,58.59433333333334,April
2019-04-08,64.37,2019,4,2,1.2700000000000031,2.012678288431058,58.895999999999994,April
2019-04-09,64.05,2019,4,2,-0.3200000000000074,-0.4971259903681968,59.184333333333335,April
2019-04-10,64.62,2019,4,2,0.5700000000000074,0.8899297423887731,59.441,April
2019-04-11,63.61,2019,4,2,-1.0100000000000051,-1.5629835964097838,59.65433333333333,April
2019-04-12,63.86,2019,4,2,0.25,0.3930199654142541,59.92433333333334,April
2019-04-15,63.43,2019,4,2,-0.4299999999999997,-0.6733479486376481,60.152,April
2019-04-16,64.01,2019,4,2,0.5800000000000054,0.914393819959014,60.400666666666666,April
2019-04-17,63.74,2019,4,2,-0.2700000000000031,-0.4218090923293283,60.65133333333333,April
2019-04-18,64.02,2019,4,2,0.27999999999999403,0.43928459366173733,60.89866666666667,April
2019-04-22,65.66,2019,4,2,1.6400000000000006,2.5616994689159567,61.22833333333333,April
2019-04-23,66.24,2019,4,2,0.5799999999999983,0.8833384099908637,61.54333333333333,April
2019-04-24,65.96,2019,4,2,-0.28000000000000114,-0.4227053140096637,61.84566666666667,April
2019-04-25,65.23,2019,4,2,-0.7299999999999898,-1.1067313523347333,62.077666666666666,April
2019-04-26,63.29,2019,4,2,-1.9400000000000048,-2.9740916756093916,62.23433333333333,April
2019-04-29,63.39,2019,4,2,0.10000000000000142,0.15800284405118603,62.397000000000006,April
2019-04-30,63.83,2019,4,2,0.4399999999999977,0.6941157911342533,62.555,April
2019-05-01,63.55,2019,5,2,-0.28000000000000114,-0.4386652044493178,62.702666666666666,May
2019-05-02,61.75,2019,5,2,-1.7999999999999972,-2.8324154209284025,62.757,May
2019-05-03,61.98,2019,5,2,0.22999999999999687,0.3724696356275148,62.82366666666667,May
2019-05-06,62.3,2019,5,2,0.3200000000000003,0.516295579219106,62.937999999999995,May
2019-05-07,61.41,2019,5,2,-0.8900000000000006,-1.4285714285714346,63.028000000000006,May
2019-05-08,62.13,2019,5,2,0.720000000000006,1.172447484123107,63.10333333333333,May
2019-05-09,61.58,2019,5,2,-0.5500000000000043,-0.8852406244970301,63.17633333333334,May
2019-05-10,61.65,2019,5,2,0.07000000000000028,0.11367327054239151,63.254999999999995,May
2019-05-13,60.97,2019,5,2,-0.6799999999999997,-1.1030008110300082,63.281,May
2019-05-14,61.82,2019,5,2,0.8500000000000014,1.3941282597998983,63.288666666666664,May
2019-05-15,62.03,2019,5,2,0.21000000000000085,0.33969589129732025,63.272,May
2019-05-16,62.93,2019,5,2,0.8999999999999986,1.4509108495889045,63.28766666666666,May
2019-05-17,62.77,2019,5,2,-0.1599999999999966,-0.2542507548069284,63.309333333333335,May
2019-05-20,63.12,2019,5,2,0.3499999999999943,0.5575912059901045,63.309999999999995,May
2019-05-21,63.02,2019,5,2,-0.09999999999999432,-0.15842839036754874,63.265,May
2019-05-22,61.42,2019,5,2,-1.6000000000000014,-2.5388765471278996,63.17733333333334,May
2019-05-23,57.65,2019,5,2,-3.770000000000003,-6.138065776619994,62.945,May
2019-05-24,58.4,2019,5,2,0.75,1.300954032957513,62.77133333333334,May
2019-05-28,58.91,2019,5,2,0.509999999999998,0.8732876712328697,62.606333333333325,May
2019-05-29,58.84,2019,5,2,-0.06999999999999318,-0.11882532676963375,62.45333333333334,May
2019-05-30,56.47,2019,5,2,-2.3700000000000045,-4.0278721957851875,62.202000000000005,May
2019-05-31,53.49,2019,5,2,-2.979999999999997,-5.277138303523987,61.86033333333334,May
2019-06-03,53.25,2019,6,2,-0.240000000000002,-0.44868199663489206,61.501333333333335,June
2019-06-04,53.5,2019,6,2,0.25,0.46948356807512415,61.096000000000004,June
2019-06-05,51.57,2019,6,2,-1.9299999999999997,-3.6074766355140175,60.607,June
2019-06-06,52.59,2019,6,2,1.0200000000000031,1.9778941244909864,60.16133333333333,June
2019-06-07,53.95,2019,6,2,1.3599999999999994,2.5860429739494206,59.785333333333334,June
2019-06-10,53.33,2019,6,2,-0.6200000000000045,-1.1492122335495902,59.45333333333333,June
2019-06-11,53.3,2019,6,2,-0.030000000000001137,-0.0562535158447397,59.117,June
2019-06-12,51.13,2019,6,2,-2.1699999999999946,-4.071294559099425,58.693666666666665,June
2019-06-13,52.38,2019,6,2,1.25,2.4447486798357065,58.321333333333335,June
2019-06-14,52.47,2019,6,2,0.0899999999999963,0.1718213058419238,58.01199999999999,June
2019-06-17,51.94,2019,6,2,-0.5300000000000011,-1.0101010101010166,57.67733333333333,June
2019-06-18,53.86,2019,6,2,1.9200000000000017,3.6965729688101634,57.396,June
2019-06-19,53.74,2019,6,2,-0.11999999999999744,-0.2227998514667595,57.14033333333334,June
2019-06-20,56.88,2019,6,2,3.1400000000000006,5.842947525120956,56.965333333333334,June
2019-06-21,57.35,2019,6,2,0.46999999999999886,0.8263009845288272,56.824333333333335,June
2019-06-24,57.73,2019,6,2,0.37999999999999545,0.6625980819529032,56.693666666666665,June
2019-06-25,57.63,2019,6,2,-0.09999999999999432,-0.17322016282694808,56.58233333333333,June
2019-06-26,59.17,2019,6,2,1.5399999999999991,2.6722193302099573,56.49400000000001,June
2019-06-27,59.18,2019,6,2,0.00999999999999801,0.016900456312307632,56.399,June
2019-06-28,58.2,2019,6,2,-0.9799999999999969,-1.6559648529908655,56.24133333333334,June
2019-07-01,58.91,2019,7,3,0.7099999999999937,1.219931271477659,56.11266666666667,July
2019-07-02,56.0,2019,7,3,-2.9099999999999966,-4.9397385842811055,55.87533333333333,July
2019-07-03,57.06,2019,7,3,1.0600000000000023,1.8928571428571406,55.67666666666666,July
2019-07-08,57.35,2019,7,3,0.28999999999999915,0.5082369435681633,55.541000000000004,July
2019-07-09,57.57,2019,7,3,0.21999999999999886,0.38360941586748076,55.538333333333334,July
2019-07-10,60.28,2019,7,3,2.710000000000001,4.7073128365468175,55.601,July
2019-07-11,59.93,2019,7,3,-0.3500000000000014,-0.5806237558062421,55.635000000000005,July
2019-07-12,59.99,2019,7,3,0.060000000000002274,0.10011680293675607,55.67333333333333,July
2019-07-15,59.3,2019,7,3,-0.6900000000000048,-1.1501916986164429,55.76766666666666,July
2019-07-16,57.44,2019,7,3,-1.8599999999999994,-3.1365935919055676,55.89933333333333,July
2019-07-17,56.5,2019,7,3,-0.9399999999999977,-1.6364902506963763,56.007666666666665,July
2019-07-18,55.08,2019,7,3,-1.4200000000000017,-2.513274336283189,56.06033333333333,July
2019-07-19,55.42,2019,7,3,0.3400000000000034,0.6172839506172867,56.18866666666667,July
2019-07-22,55.87,2019,7,3,0.44999999999999574,0.8119812342114674,56.298,July
2019-07-23,56.58,2019,7,3,0.7100000000000009,1.2708072310721352,56.385666666666665,July
2019-07-24,55.9,2019,7,3,-0.6799999999999997,-1.2018381053375715,56.471333333333334,July
2019-07-25,55.88,2019,7,3,-0.01999999999999602,-0.03577817531305039,56.557333333333325,July
2019-07-26,56.04,2019,7,3,0.1599999999999966,0.28632784538296097,56.721000000000004,July
2019-07-29,56.85,2019,7,3,0.8100000000000023,1.4453961456102782,56.87,July
2019-07-30,58.04,2019,7,3,1.1899999999999977,2.0932277924362364,57.05566666666667,July
2019-07-31,58.53,2019,7,3,0.490000000000002,0.8442453480358436,57.275333333333336,July
2019-08-01,53.64,2019,8,3,-4.890000000000001,-8.354689902614043,57.268,August
2019-08-02,55.67,2019,8,3,2.030000000000001,3.7844891871737563,57.33233333333333,August
2019-08-05,54.63,2019,8,3,-1.0399999999999991,-1.8681516076881621,57.257333333333335,August
2019-08-06,53.6,2019,8,3,-1.0300000000000011,-1.8854109463664726,57.13233333333333,August
2019-08-07,51.14,2019,8,3,-2.460000000000001,-4.589552238805972,56.912666666666674,August
2019-08-08,52.6,2019,8,3,1.4600000000000009,2.8549080954243244,56.745,August
2019-08-09,54.41,2019,8,3,1.8099999999999952,3.4410646387832644,56.58633333333333,August
2019-08-12,54.98,2019,8,3,0.5700000000000003,1.0476015438338537,56.446333333333335,August
2019-08-13,57.05,2019,8,3,2.0700000000000003,3.7650054565296465,56.408,August
2019-08-14,55.16,2019,8,3,-1.8900000000000006,-3.312883435582825,56.283,August
2019-08-15,54.51,2019,8,3,-0.6499999999999986,-1.1783901377809936,56.233333333333334,August
2019-08-16,54.83,2019,8,3,0.3200000000000003,0.5870482480278882,56.159,August
2019-08-19,56.24,2019,8,3,1.4100000000000037,2.5715848987780454,56.122,August
2019-08-20,56.18,2019,8,3,-0.060000000000002274,-0.10668563300142431,56.07566666666666,August
2019-08-21,55.65,2019,8,3,-0.5300000000000011,-0.9433962264150941,55.92133333333333,August
2019-08-22,55.33,2019,8,3,-0.3200000000000003,-0.5750224618149113,55.768,August
2019-08-23,54.08,2019,8,3,-1.25,-2.259172239291518,55.571,August
2019-08-26,53.54,2019,8,3,-0.5399999999999991,-0.9985207100591698,55.379,August
2019-08-27,54.99,2019,8,3,1.4500000000000028,2.708255509899149,55.29733333333333,August
2019-08-28,55.76,2019,8,3,0.769999999999996,1.4002545917439546,55.27266666666666,August
2019-08-29,56.67,2019,8,3,0.9100000000000037,1.6319942611190852,55.32566666666666,August
2019-08-30,55.07,2019,8,3,-1.6000000000000014,-2.823363331568729,55.31399999999999,August
2019-09-03,53.91,2019,9,3,-1.1600000000000037,-2.106410023606331,55.248666666666665,September
2019-09-04,56.22,2019,9,3,2.3100000000000023,4.284919309961044,55.23666666666667,September
2019-09-05,56.33,2019,9,3,0.10999999999999943,0.1956599075062293,55.251,September
2019-09-06,56.45,2019,9,3,0.12000000000000455,0.2130303568258496,55.27,September
2019-09-09,57.88,2019,9,3,1.4299999999999997,2.533215234720987,55.331333333333326,September
2019-09-10,57.37,2019,9,3,-0.5100000000000051,-0.8811333794056742,55.34866666666667,September
2019-09-11,55.66,2019,9,3,-1.7100000000000009,-2.980651908663068,55.26933333333333,September
2019-09-12,55.13,2019,9,3,-0.529999999999994,-0.9522098454904704,55.156,September
2019-09-13,54.76,2019,9,3,-0.37000000000000455,-0.6711409395973256,55.193333333333335,September
2019-09-16,63.1,2019,9,3,8.340000000000003,15.230094959824703,55.440999999999995,September
2019-09-17,59.26,2019,9,3,-3.8400000000000034,-6.085578446909667,55.59533333333333,September
2019-09-18,58.19,2019,9,3,-1.0700000000000003,-1.8056024299696216,55.748333333333335,September
2019-09-19,58.19,2019,9,3,0.0,0.0,55.983333333333334,September
2019-09-20,57.92,2019,9,3,-0.269999999999996,-0.46399725038666073,56.16066666666667,September
2019-09-23,58.69,2019,9,3,0.769999999999996,1.3294198895027476,56.30333333333333,September
2019-09-24,57.22,2019,9,3,-1.4699999999999989,-2.50468563639461,56.378,September
2019-09-25,56.38,2019,9,3,-0.8399999999999963,-1.468018175463115,56.35566666666667,September
2019-09-26,56.24,2019,9,3,-0.14000000000000057,-0.24831500532103146,56.391666666666666,September
2019-09-27,55.95,2019,9,3,-0.28999999999999915,-0.5156472261735434,56.43966666666667,September
2019-09-30,54.09,2019,9,3,-1.8599999999999994,-3.324396782841821,56.415,September
2019-10-01,53.6,2019,10,4,-0.490000000000002,-0.9058975781105594,56.327,October
2019-10-02,52.67,2019,10,4,-0.9299999999999997,-1.7350746268656736,56.21,October
2019-10-03,52.41,2019,10,4,-0.2600000000000051,-0.49363964306057273,56.102000000000004,October
2019-10-04,52.84,2019,10,4,0.4300000000000068,0.8204541118107311,56.019,October
2019-10-07,52.76,2019,10,4,-0.0800000000000054,-0.15140045420137804,55.975,October
2019-10-08,52.64,2019,10,4,-0.11999999999999744,-0.22744503411674666,55.94500000000001,October
2019-10-09,52.63,2019,10,4,-0.00999999999999801,-0.01899696048631716,55.86633333333334,October
2019-10-10,53.57,2019,10,4,0.9399999999999977,1.7860535816074385,55.79333333333333,October
2019-10-11,54.76,2019,10,4,1.1899999999999977,2.221392570468539,55.72966666666666,October
2019-10-14,53.57,2019,10,4,-1.1899999999999977,-2.1731190650109533,55.67966666666667,October
2019-10-15,52.81,2019,10,4,-0.759999999999998,-1.418704498786627,55.643,October
2019-10-16,53.42,2019,10,4,0.6099999999999994,1.1550842643438752,55.54966666666667,October
2019-10-17,53.89,2019,10,4,0.46999999999999886,0.8798202920254461,55.468333333333334,October
2019-10-18,53.75,2019,10,4,-0.14000000000000057,-0.259788457969945,55.37833333333333,October
2019-10-21,53.28,2019,10,4,-0.46999999999999886,-0.8744186046511615,55.225,October
2019-10-22,54.21,2019,10,4,0.9299999999999997,1.745495495495497,55.11966666666667,October
2019-10-23,55.9,2019,10,4,1.6899999999999977,3.1175059952038398,55.12766666666667,October
2019-10-24,56.11,2019,10,4,0.21000000000000085,0.3756708407871123,55.160333333333334,October
2019-10-25,56.52,2019,10,4,0.4100000000000037,0.7307075387631423,55.219,October
2019-10-28,55.6,2019,10,4,-0.9200000000000017,-1.6277423920736056,54.96900000000001,October
2019-10-29,55.34,2019,10,4,-0.259999999999998,-0.4676258992805771,54.83833333333334,October
2019-10-30,54.85,2019,10,4,-0.490000000000002,-0.8854354897000372,54.727,October
2019-10-31,54.02,2019,10,4,-0.8299999999999983,-1.5132178669097551,54.588,October
2019-11-01,56.04,2019,11,4,2.019999999999996,3.739355794150301,54.525333333333336,November
2019-11-04,56.33,2019,11,4,0.28999999999999915,0.5174875089221986,54.44666666666667,November
2019-11-05,57.04,2019,11,4,0.7100000000000009,1.2604296112195934,54.440666666666665,November
2019-11-06,56.15,2019,11,4,-0.8900000000000006,-1.5603085553997253,54.433,November
2019-11-07,56.91,2019,11,4,0.759999999999998,1.3535173642030163,54.45533333333333,November
2019-11-08,57.02,2019,11,4,0.11000000000000654,0.19328764716219915,54.491,November
2019-11-12,56.67,2019,11,4,-0.3500000000000014,-0.6138197123816247,54.577,November
2019-11-13,56.88,2019,11,4,0.21000000000000085,0.37056643726840477,54.68633333333334,November
2019-11-14,56.57,2019,11,4,-0.3100000000000023,-0.5450070323488099,54.81633333333333,November
2019-11-15,57.54,2019,11,4,0.9699999999999989,1.7146897648930404,54.98733333333333,November
2019-11-18,56.82,2019,11,4,-0.7199999999999989,-1.2513034410844615,55.12,November
2019-11-19,54.93,2019,11,4,-1.8900000000000006,-3.3262935586061304,55.19233333333333,November
2019-11-20,56.71,2019,11,4,1.7800000000000011,3.240487893682875,55.327999999999996,November
2019-11-21,58.36,2019,11,4,1.6499999999999986,2.9095397637101117,55.519,November
2019-11-22,57.68,2019,11,4,-0.6799999999999997,-1.1651816312542862,55.656,November
2019-11-25,57.79,2019,11,4,0.10999999999999943,0.19070735090152002,55.757,November
2019-11-26,58.25,2019,11,4,0.46000000000000085,0.795985464613258,55.913,November
2019-11-27,58.12,2019,11,4,-0.13000000000000256,-0.22317596566524545,56.09,November
2019-11-29,58.12,2019,11,4,0.0,0.0,56.24666666666666,November
2019-12-02,55.97,2019,12,4,-2.1499999999999986,-3.6992429456297327,56.316,December
2019-12-03,56.15,2019,12,4,0.17999999999999972,0.32160085760228885,56.396,December
2019-12-04,58.46,2019,12,4,2.3100000000000023,4.113980409617102,56.56866666666667,December
2019-12-05,58.42,2019,12,4,-0.03999999999999915,-0.06842285323297448,56.708999999999996,December
2019-12-06,59.2,2019,12,4,0.7800000000000011,1.3351591920575112,56.818999999999996,December
2019-12-09,58.99,2019,12,4,-0.21000000000000085,-0.35472972972973027,56.915,December
2019-12-10,59.22,2019,12,4,0.22999999999999687,0.3898965926428133,57.005,December
2019-12-11,58.74,2019,12,4,-0.4799999999999969,-0.8105369807497431,57.10966666666666,December
2019-12-12,59.18,2019,12,4,0.4399999999999977,0.7490636704119868,57.23766666666667,December
2019-12-13,60.11,2019,12,4,0.9299999999999997,1.5714768502872678,57.413000000000004,December
2019-12-16,60.21,2019,12,4,0.10000000000000142,0.16636167027117565,57.61933333333333,December
2019-12-17,60.88,2019,12,4,0.6700000000000017,1.112771964789916,57.78066666666666,December
2019-12-18,60.93,2019,12,4,0.04999999999999716,0.08212877792377338,57.934,December
2019-12-19,61.3,2019,12,4,0.36999999999999744,0.6072542261611691,58.076,December
2019-12-20,60.43,2019,12,4,-0.8699999999999974,-1.419249592169658,58.218666666666664,December
2019-12-23,60.51,2019,12,4,0.0799999999999983,0.13238457719675356,58.33866666666667,December
2019-12-24,61.17,2019,12,4,0.6600000000000037,1.0907288051561714,58.477,December
2019-12-26,61.72,2019,12,4,0.5499999999999972,0.89913356220368,58.64533333333334,December
2019-12-27,61.76,2019,12,4,0.03999999999999915,0.06480881399870686,58.808,December
2019-12-30,61.66,2019,12,4,-0.10000000000000142,-0.16191709844559643,58.977666666666664,December
2019-12-31,61.14,2019,12,4,-0.519999999999996,-0.8433344145312938,59.09766666666667,December
2020-01-02,61.17,2020,1,1,0.030000000000001137,0.04906771344455052,59.24266666666667,January
2020-01-03,63.0,2020,1,1,1.8299999999999983,2.9916625796959195,59.51166666666667,January
2020-01-06,63.27,2020,1,1,0.2700000000000031,0.4285714285714226,59.730333333333334,January
2020-01-07,62.7,2020,1,1,-0.5700000000000003,-0.9009009009009028,59.875,January
2020-01-08,59.65,2020,1,1,-3.0500000000000043,-4.864433811802238,59.940666666666665,January
2020-01-09,59.56,2020,1,1,-0.0899999999999963,-0.1508801341156718,59.99966666666667,January
2020-01-10,59.02,2020,1,1,-0.5399999999999991,-0.9066487575554061,60.025333333333336,January
2020-01-13,58.17,2020,1,1,-0.8500000000000014,-1.4401897661809548,60.027,January
2020-01-14,58.34,2020,1,1,0.1700000000000017,0.2922468626439745,60.03433333333333,January
2020-01-15,57.86,2020,1,1,-0.480000000000004,-0.8227631127871171,60.09733333333334,January
2020-01-16,58.52,2020,1,1,0.6600000000000037,1.1406844106463865,60.17633333333333,January
2020-01-17,58.55,2020,1,1,0.02999999999999403,0.051264524948724244,60.17933333333333,January
2020-01-21,58.25,2020,1,1,-0.29999999999999716,-0.5123825789923098,60.17366666666667,January
2020-01-22,56.76,2020,1,1,-1.490000000000002,-2.5579399141630987,60.092333333333336,January
2020-01-23,55.51,2020,1,1,-1.25,-2.2022551092318543,59.97633333333333,January
2020-01-24,54.09,2020,1,1,-1.4199999999999946,-2.558097640064838,59.80533333333334,January
2020-01-27,53.09,2020,1,1,-1.0,-1.8487705675725663,59.617,January
2020-01-28,53.33,2020,1,1,0.23999999999999488,0.45206253531737683,59.422,January
2020-01-29,53.29,2020,1,1,-0.03999999999999915,-0.07500468779298997,59.19466666666666,January
2020-01-30,52.19,2020,1,1,-1.1000000000000014,-2.0641771439294465,58.92733333333333,January
2020-01-31,51.58,2020,1,1,-0.6099999999999994,-1.1688062847288738,58.61733333333334,January
2020-02-03,50.06,2020,2,1,-1.519999999999996,-2.9468786351298903,58.255,February
2020-02-04,49.59,2020,2,1,-0.46999999999999886,-0.9388733519776205,57.86466666666667,February
2020-02-05,50.87,2020,2,1,1.279999999999994,2.581165557572085,57.54600000000001,February
2020-02-06,50.94,2020,2,1,0.07000000000000028,0.13760566149008113,57.227,February
2020-02-07,50.34,2020,2,1,-0.5999999999999943,-1.1778563015311994,56.866,February
2020-02-10,49.59,2020,2,1,-0.75,-1.489868891537549,56.461666666666666,February
2020-02-11,50.0,2020,2,1,0.4099999999999966,0.8267795926597987,56.06966666666666,February
2020-02-12,51.13,2020,2,1,1.1300000000000026,2.2599999999999953,55.71866666666667,February
2020-02-13,51.41,2020,2,1,0.27999999999999403,0.5476237042831844,55.39433333333333,February
2020-02-14,52.03,2020,2,1,0.6200000000000045,1.2059910523244621,55.08966666666666,February
2020-02-18,52.1,2020,2,1,0.07000000000000028,0.1345377666730707,54.72633333333333,February
2020-02-19,53.31,2020,2,1,1.2100000000000009,2.3224568138195734,54.39433333333333,February
2020-02-20,53.77,2020,2,1,0.46000000000000085,0.8628775089101426,54.09666666666667,February
2020-02-21,53.36,2020,2,1,-0.4100000000000037,-0.7625069741491575,53.88700000000001,February
2020-02-24,51.36,2020,2,1,-2.0,-3.748125937031488,53.61366666666667,February
2020-02-25,49.78,2020,2,1,-1.5799999999999983,-3.0763239875389425,53.30566666666667,February
2020-02-26,48.67,2020,2,1,-1.1099999999999994,-2.2298111691442357,52.989000000000004,February
2020-02-27,47.17,2020,2,1,-1.5,-3.081980686254371,52.616666666666674,February
2020-02-28,44.83,2020,2,1,-2.3400000000000034,-4.960780156879374,52.18233333333333,February
2020-03-02,46.78,2020,3,1,1.9500000000000028,4.349765781842518,51.791000000000004,March
2020-03-03,47.27,2020,3,1,0.490000000000002,1.0474561778537783,51.415,March
2020-03-04,46.78,2020,3,1,-0.490000000000002,-1.0365982652845385,51.032666666666664,March
2020-03-05,45.9,2020,3,1,-0.8800000000000026,-1.8811457887986327,50.67066666666667,March
2020-03-06,41.14,2020,3,1,-4.759999999999998,-10.370370370370363,50.19166666666667,March
2020-03-09,31.05,2020,3,1,-10.09,-24.526008750607676,49.42366666666667,March
2020-03-10,34.47,2020,3,1,3.419999999999998,11.014492753623184,48.803,March
2020-03-11,33.13,2020,3,1,-1.3399999999999963,-3.8874383521902978,48.12966666666667,March
2020-03-12,31.56,2020,3,1,-1.5700000000000038,-4.7389073347419375,47.40533333333334,March
2020-03-13,31.72,2020,3,1,0.16000000000000014,0.5069708491761693,46.723,March
2020-03-16,28.96,2020,3,1,-2.759999999999998,-8.701134930643118,45.969,March
2020-03-17,26.96,2020,3,1,-2.0,-6.906077348066297,45.199,March
2020-03-18,20.48,2020,3,1,-6.48,-24.03560830860534,44.22866666666667,March
2020-03-19,25.09,2020,3,1,4.609999999999999,22.509765625,43.36933333333333,March
2020-03-20,19.48,2020,3,1,-5.609999999999999,-22.359505779194897,42.32066666666667,March
2020-03-23,23.33,2020,3,1,3.849999999999998,19.763860369609844,41.42033333333333,March
2020-03-24,21.03,2020,3,1,-2.299999999999997,-9.858551221603074,40.468333333333334,March
2020-03-25,20.75,2020,3,1,-0.28000000000000114,-1.3314312886352875,39.49333333333333,March
2020-03-26,16.6,2020,3,1,-4.149999999999999,-19.999999999999996,38.342333333333336,March
2020-03-27,15.48,2020,3,1,-1.120000000000001,-6.746987951807237,37.14466666666667,March
2020-03-30,14.1,2020,3,1,-1.3800000000000008,-8.914728682170548,35.88033333333333,March
2020-03-31,20.51,2020,3,1,6.410000000000002,45.46099290780143,34.82733333333333,March
2020-04-01,20.28,2020,4,2,-0.23000000000000043,-1.1214041930765473,33.726333333333336,April
2020-04-02,25.18,2020,4,2,4.899999999999999,24.16173570019724,32.77333333333333,April
2020-04-03,28.36,2020,4,2,3.1799999999999997,12.629070691024612,31.94,April
2020-04-06,26.21,2020,4,2,-2.1499999999999986,-7.581100141043717,31.10166666666667,April
2020-04-07,23.54,2020,4,2,-2.6700000000000017,-10.186951545211754,30.227,April
2020-04-08,24.97,2020,4,2,1.4299999999999997,6.074766355140193,29.437,April
2020-04-09,22.9,2020,4,2,-2.0700000000000003,-8.289947937525033,28.628,April
2020-04-13,22.36,2020,4,2,-0.5399999999999991,-2.358078602620084,27.879,April
2020-04-14,20.15,2020,4,2,-2.210000000000001,-9.883720930232565,26.991333333333333,April
2020-04-15,19.96,2020,4,2,-0.18999999999999773,-0.9429280397022177,26.081000000000003,April
2020-04-16,19.82,2020,4,2,-0.14000000000000057,-0.7014028056112287,25.182333333333336,April
2020-04-17,18.31,2020,4,2,-1.5100000000000016,-7.618567103935425,24.262666666666668,April
2020-04-20,-36.98,2020,4,2,-55.28999999999999,-301.9661387220098,21.658666666666665,April
2020-04-21,8.91,2020,4,2,45.89,-124.09410492157924,20.920666666666666,April
2020-04-22,13.64,2020,4,2,4.73,53.08641975308643,20.226333333333333,April
2020-04-23,15.06,2020,4,2,1.42,10.410557184750724,19.624000000000002,April
2020-04-24,15.99,2020,4,2,0.9299999999999997,6.175298804780871,19.105000000000004,April
2020-04-27,12.17,2020,4,2,-3.8200000000000003,-23.889931207004377,18.453333333333333,April
2020-04-28,12.4,2020,4,2,0.23000000000000043,1.8898931799506968,17.901333333333334,April
2020-04-29,15.04,2020,4,2,2.639999999999999,21.29032258064516,17.504,April
2020-04-30,19.23,2020,4,2,4.190000000000001,27.859042553191493,17.462333333333333,April
2020-05-01,19.72,2020,5,2,0.48999999999999844,2.548101924076951,17.283333333333335,May
2020-05-04,20.47,2020,5,2,0.75,3.8032454361054846,17.316333333333333,May
2020-05-05,24.56,2020,5,2,4.09,19.980459208597946,17.357333333333333,May
2020-05-06,23.88,2020,5,2,-0.6799999999999997,-2.7687296416938123,17.452333333333332,May
2020-05-07,23.68,2020,5,2,-0.1999999999999993,-0.8375209380234505,17.55,May
2020-05-08,24.73,2020,5,2,1.0500000000000007,4.434121621621623,17.821,May
2020-05-11,24.02,2020,5,2,-0.7100000000000009,-2.8710068742418104,18.105666666666664,May
2020-05-12,25.76,2020,5,2,1.740000000000002,7.243963363863459,18.49433333333333,May
2020-05-13,25.37,2020,5,2,-0.39000000000000057,-1.513975155279501,18.656333333333333,May
2020-05-14,27.4,2020,5,2,2.0299999999999976,8.001576665352772,18.893666666666668,May
2020-05-15,29.44,2020,5,2,2.0400000000000027,7.445255474452561,19.035666666666664,May
2020-05-18,31.83,2020,5,2,2.389999999999997,8.118206521739113,19.151333333333337,May
2020-05-19,32.3,2020,5,2,0.46999999999999886,1.4765944077913984,19.354333333333333,May
2020-05-20,33.56,2020,5,2,1.2600000000000051,3.900928792569669,19.688333333333336,May
2020-05-21,34.3,2020,5,2,0.7399999999999949,2.205005959475548,19.999333333333333,May
2020-05-22,33.49,2020,5,2,-0.8099999999999952,-2.3615160349854114,20.352333333333334,May
2020-05-26,34.7,2020,5,2,1.2100000000000009,3.6130188115855555,20.76366666666667,May
2020-05-27,32.8,2020,5,2,-1.9000000000000057,-5.475504322766589,21.185333333333336,May
2020-05-28,33.67,2020,5,2,0.8700000000000045,2.652439024390252,21.642333333333333,May
2020-05-29,35.57,2020,5,2,1.8999999999999986,5.643005643005639,22.167333333333332,May
2020-06-01,35.49,2020,6,2,-0.0799999999999983,-0.22490863086870316,22.740000000000002,June
2020-06-02,36.88,2020,6,2,1.3900000000000006,3.9165962242885266,25.202,June
2020-06-03,37.33,2020,6,2,0.44999999999999574,1.2201735357917354,26.149333333333335,June
2020-06-04,37.42,2020,6,2,0.09000000000000341,0.2410929547281171,26.942,June
2020-06-05,39.49,2020,6,2,2.0700000000000003,5.5318011758417995,27.756333333333334,June
2020-06-08,38.17,2020,6,2,-1.3200000000000003,-3.3426183844011192,28.49566666666667,June
2020-06-09,38.98,2020,6,2,0.8099999999999952,2.122085407387986,29.389333333333333,June
2020-06-10,39.54,2020,6,2,0.5600000000000023,1.4366341713699438,30.293999999999997,June
2020-06-11,36.43,2020,6,2,-3.1099999999999994,-7.865452706120379,31.007,June
2020-06-12,36.24,2020,6,2,-0.18999999999999773,-0.5215481745813877,31.574,June
2020-06-15,37.07,2020,6,2,0.8299999999999983,2.290286975717426,32.15233333333333,June
2020-06-16,38.26,2020,6,2,1.1899999999999977,3.2101429727542374,32.745333333333335,June
2020-06-17,37.91,2020,6,2,-0.3500000000000014,-0.9147935180345068,33.190333333333335,June
2020-06-18,38.79,2020,6,2,0.8800000000000026,2.3212872592983436,33.687333333333335,June
2020-06-19,39.72,2020,6,2,0.9299999999999997,2.3975251353441696,34.222,June
2020-06-22,40.6,2020,6,2,0.8800000000000026,2.2155085599194324,34.751,June
2020-06-23,40.4,2020,6,2,-0.20000000000000284,-0.49261083743843415,35.297000000000004,June
2020-06-24,37.91,2020,6,2,-2.490000000000002,-6.163366336633668,35.702,June
2020-06-25,38.66,2020,6,2,0.75,1.9783698232656244,36.144999999999996,June
2020-06-26,38.53,2020,6,2,-0.12999999999999545,-0.3362648732539997,36.516,June
2020-06-29,39.67,2020,6,2,1.1400000000000006,2.958733454451079,36.857,June
2020-06-30,39.27,2020,6,2,-0.3999999999999986,-1.0083186286866663,37.105000000000004,June
2020-07-01,39.88,2020,7,3,0.6099999999999994,1.553348612172134,37.35766666666667,July
2020-07-02,40.57,2020,7,3,0.6899999999999977,1.730190571715129,37.59133333333333,July
2020-07-06,40.51,2020,7,3,-0.060000000000002274,-0.14789253142717396,37.79833333333333,July
2020-07-07,40.59,2020,7,3,0.0800000000000054,0.19748210318442094,38.035,July
2020-07-08,40.91,2020,7,3,0.3199999999999932,0.7883715200788233,38.242,July
2020-07-09,39.64,2020,7,3,-1.269999999999996,-3.1043754583231387,38.47,July
2020-07-10,40.56,2020,7,3,0.9200000000000017,2.320887991927356,38.699666666666666,July
2020-07-13,40.06,2020,7,3,-0.5,-1.2327416173570027,38.849333333333334,July
2020-07-14,40.3,2020,7,3,0.23999999999999488,0.599101347978026,39.00966666666667,July
2020-07-15,41.2,2020,7,3,0.9000000000000057,2.2332506203474045,39.15366666666667,July
2020-07-16,40.74,2020,7,3,-0.46000000000000085,-1.1165048543689382,39.26733333333333,July
2020-07-17,40.55,2020,7,3,-0.19000000000000483,-0.4663721158566614,39.37166666666667,July
2020-07-20,40.83,2020,7,3,0.28000000000000114,0.6905055487053113,39.416333333333334,July
2020-07-21,41.76,2020,7,3,0.9299999999999997,2.2777369581190365,39.535999999999994,July
2020-07-22,41.88,2020,7,3,0.12000000000000455,0.287356321839094,39.632666666666665,July
2020-07-23,40.99,2020,7,3,-0.8900000000000006,-2.1251193887297015,39.681000000000004,July
2020-07-24,41.23,2020,7,3,0.23999999999999488,0.5855086606489257,39.841,July
2020-07-27,41.46,2020,7,3,0.23000000000000398,0.5578462284744123,40.015,July
2020-07-28,40.89,2020,7,3,-0.5700000000000003,-1.374819102749636,40.14233333333333,July
2020-07-29,41.13,2020,7,3,0.240000000000002,0.5869405722670695,40.23800000000001,July
2020-07-30,39.85,2020,7,3,-1.2800000000000011,-3.1120836372477534,40.30266666666667,July
2020-07-31,40.1,2020,7,3,0.25,0.6273525721455453,40.346333333333334,July
2020-08-03,40.83,2020,8,3,0.7299999999999969,1.8204488778054806,40.38333333333333,August
2020-08-04,41.67,2020,8,3,0.8400000000000034,2.0573108008817176,40.419000000000004,August
2020-08-05,42.25,2020,8,3,0.5799999999999983,1.3918886489080906,40.48066666666667,August
2020-08-06,41.93,2020,8,3,-0.3200000000000003,-0.7573964497041397,40.61466666666667,August
2020-08-07,41.16,2020,8,3,-0.7700000000000031,-1.8363939899833093,40.698,August
2020-08-10,41.94,2020,8,3,0.7800000000000011,1.895043731778423,40.811666666666675,August
2020-08-11,41.53,2020,8,3,-0.4099999999999966,-0.9775870290891664,40.873666666666665,August
2020-08-12,42.6,2020,8,3,1.0700000000000003,2.576450758487847,40.98466666666666,August
2020-08-13,42.26,2020,8,3,-0.3400000000000034,-0.7981220657277022,41.06399999999999,August
2020-08-14,42.05,2020,8,3,-0.21000000000000085,-0.4969238050165692,41.11333333333333,August
2020-08-17,42.89,2020,8,3,0.8400000000000034,1.9976218787158162,41.19266666666667,August
2020-08-18,42.89,2020,8,3,0.0,0.0,41.26933333333333,August
2020-08-19,42.91,2020,8,3,0.01999999999999602,0.04663091629748539,41.336,August
2020-08-20,42.62,2020,8,3,-0.28999999999999915,-0.6758331391284012,41.43533333333334,August
2020-08-21,42.32,2020,8,3,-0.29999999999999716,-0.7038948850304982,41.494,August
2020-08-24,42.44,2020,8,3,0.11999999999999744,0.2835538752362865,41.57333333333334,August
2020-08-25,43.17,2020,8,3,0.730000000000004,1.7200754005655128,41.669,August
2020-08-26,43.21,2020,8,3,0.03999999999999915,0.09265693768820693,41.736,August
2020-08-27,42.88,2020,8,3,-0.3299999999999983,-0.7637121036797034,41.80733333333333,August
2020-08-28,42.96,2020,8,3,0.0799999999999983,0.1865671641791078,41.88766666666667,August
2020-08-31,42.61,2020,8,3,-0.3500000000000014,-0.8147113594040967,41.947,August
2020-09-01,42.76,2020,9,3,0.14999999999999858,0.35203003989674464,41.980333333333334,September
2020-09-02,42.76,2020,9,3,0.0,0.0,42.00966666666667,September
2020-09-03,41.39,2020,9,3,-1.3699999999999974,-3.203928905519171,42.023,September
2020-09-04,39.69,2020,9,3,-1.7000000000000028,-4.107272287992281,41.971666666666664,September
2020-09-08,36.87,2020,9,3,-2.8200000000000003,-7.105064247921389,41.818666666666665,September
2020-09-09,38.05,2020,9,3,1.1799999999999997,3.200433957146731,41.724000000000004,September
2020-09-10,37.25,2020,9,3,-0.7999999999999972,-2.1024967148488782,41.59466666666666,September
2020-09-11,37.33,2020,9,3,0.0799999999999983,0.21476510067113264,41.510666666666665,September
2020-09-14,37.23,2020,9,3,-0.10000000000000142,-0.2678810608090054,41.41499999999999,September
2020-09-15,38.29,2020,9,3,1.0600000000000023,2.847166263765777,41.33033333333333,September
2020-09-16,40.17,2020,9,3,1.8800000000000026,4.909898145729952,41.28033333333333,September
2020-09-17,40.99,2020,9,3,0.8200000000000003,2.04132437142146,41.23833333333333,September
2020-09-18,41.09,2020,9,3,0.10000000000000142,0.24396194193705423,41.21033333333333,September
2020-09-21,39.26,2020,9,3,-1.8300000000000054,-4.4536383548308685,41.147,September
2020-09-22,39.55,2020,9,3,0.28999999999999915,0.7386653082017247,41.06733333333333,September
2020-09-23,39.92,2020,9,3,0.37000000000000455,0.935524652338815,41.01366666666666,September
2020-09-24,40.11,2020,9,3,0.18999999999999773,0.4759519038076032,40.93066666666667,September
2020-09-25,40.06,2020,9,3,-0.04999999999999716,-0.12465719272001241,40.85733333333334,September
2020-09-28,40.47,2020,9,3,0.4099999999999966,1.0234648027958038,40.80466666666667,September
2020-09-29,39.03,2020,9,3,-1.4399999999999977,-3.55819125277983,40.676,September
2020-09-30,40.05,2020,9,3,1.019999999999996,2.613374327440421,40.581333333333326,September
2020-10-01,38.51,2020,10,4,-1.5399999999999991,-3.8451935081148525,40.434666666666665,October
2020-10-02,36.9,2020,10,4,-1.6099999999999994,-4.180732277330568,40.244,October
2020-10-05,39.12,2020,10,4,2.219999999999999,6.016260162601617,40.13733333333333,October
2020-10-06,40.52,2020,10,4,1.4000000000000057,3.5787321063394772,40.07333333333333,October
2020-10-07,39.82,2020,10,4,-0.7000000000000028,-1.727541954590328,39.96166666666667,October
2020-10-08,41.04,2020,10,4,1.2199999999999989,3.0637870416875934,39.88933333333333,October
2020-10-09,40.44,2020,10,4,-0.6000000000000014,-1.4619883040935755,39.808,October
2020-10-12,39.22,2020,10,4,-1.2199999999999989,-3.0168150346191913,39.68333333333332,October
2020-10-13,40.03,2020,10,4,0.8100000000000023,2.065272819989805,39.59733333333334,October
2020-10-14,40.86,2020,10,4,0.8299999999999983,2.073444916312761,39.534,October
2020-10-15,40.84,2020,10,4,-0.01999999999999602,-0.04894762604013003,39.47,October
2020-10-16,40.7,2020,10,4,-0.14000000000000057,-0.3428011753183191,39.446999999999996,October
2020-10-19,40.69,2020,10,4,-0.010000000000005116,-0.02457002457003643,39.480333333333334,October
2020-10-20,41.37,2020,10,4,0.6799999999999997,1.6711722782010385,39.630333333333326,October
2020-10-21,39.88,2020,10,4,-1.4899999999999949,-3.601643703166535,39.69133333333333,October
2020-10-22,40.46,2020,10,4,0.5799999999999983,1.4543630892678072,39.79833333333333,October
2020-10-23,39.73,2020,10,4,-0.730000000000004,-1.8042511122095983,39.87833333333334,October
2020-10-26,38.39,2020,10,4,-1.3399999999999963,-3.372766171658692,39.917,October
2020-10-27,39.34,2020,10,4,0.9500000000000028,2.4746027611357135,39.952000000000005,October
2020-10-28,37.27,2020,10,4,-2.0700000000000003,-5.261820030503306,39.855333333333334,October
2020-10-29,35.94,2020,10,4,-1.3300000000000054,-3.568553796619278,39.687,October
2020-10-30,35.64,2020,10,4,-0.29999999999999716,-0.8347245409014992,39.50533333333333,October
2020-11-02,36.6,2020,11,4,0.9600000000000009,2.6936026936027035,39.416666666666664,November
2020-11-03,37.44,2020,11,4,0.8399999999999963,2.2950819672131084,39.34633333333333,November
2020-11-04,38.97,2020,11,4,1.5300000000000011,4.086538461538458,39.31466666666667,November
2020-11-05,38.56,2020,11,4,-0.4099999999999966,-1.052091352322293,39.263,November
2020-11-06,36.97,2020,11,4,-1.5900000000000034,-4.123443983402497,39.16,November
2020-11-09,40.05,2020,11,4,3.0799999999999983,8.331079253448737,39.145999999999994,November
2020-11-10,41.18,2020,11,4,1.1300000000000026,2.8214731585518127,39.217666666666666,November
2020-11-11,41.23,2020,11,4,0.04999999999999716,0.12141816415736084,39.257,November
2020-11-12,40.9,2020,11,4,-0.3299999999999983,-0.8003880669415486,39.33666666666667,November
2020-11-13,39.93,2020,11,4,-0.9699999999999989,-2.3716381418092847,39.437666666666665,November
2020-11-16,41.14,2020,11,4,1.2100000000000009,3.0303030303030276,39.505,November
2020-11-17,41.24,2020,11,4,0.10000000000000142,0.2430724355858116,39.529,November
2020-11-18,41.64,2020,11,4,0.3999999999999986,0.9699321047526688,39.58966666666666,November
2020-11-19,41.57,2020,11,4,-0.07000000000000028,-0.1681075888568695,39.60733333333334,November
2020-11-20,41.99,2020,11,4,0.4200000000000017,1.0103439980755358,39.659,November
2020-11-23,42.91,2020,11,4,0.9199999999999946,2.190997856632526,39.782000000000004,November
2020-11-24,44.71,2020,11,4,1.8000000000000043,4.194826380797023,39.937999999999995,November
2020-11-25,45.58,2020,11,4,0.8699999999999974,1.9458734063967809,40.09533333333333,November
2020-11-30,45.2,2020,11,4,-0.37999999999999545,-0.8336989907854253,40.24066666666667,November
2020-12-01,44.54,2020,12,4,-0.6600000000000037,-1.4601769911504525,40.36866666666666,December
2020-12-02,45.23,2020,12,4,0.6899999999999977,1.5491692860350126,40.519999999999996,December
2020-12-03,45.65,2020,12,4,0.4200000000000017,0.9285872208711021,40.662666666666674,December
2020-12-04,46.23,2020,12,4,0.5799999999999983,1.270536692223434,40.87433333333333,December
2020-12-07,45.72,2020,12,4,-0.509999999999998,-1.10317975340688,41.04966666666667,December
2020-12-08,45.64,2020,12,4,-0.0799999999999983,-0.17497812773402677,41.24666666666666,December
2020-12-09,45.48,2020,12,4,-0.1600000000000037,-0.35056967572305586,41.483,December
2020-12-10,46.76,2020,12,4,1.2800000000000011,2.8144239226033374,41.73033333333333,December
2020-12-11,46.59,2020,12,4,-0.1699999999999946,-0.36355859709151783,42.041000000000004,December
2020-12-14,47.02,2020,12,4,0.4299999999999997,0.9229448379480587,42.41033333333334,December
2020-12-15,47.58,2020,12,4,0.5599999999999952,1.1909825606124969,42.80833333333333,December
2020-12-16,47.86,2020,12,4,0.28000000000000114,0.5884825556956796,43.18366666666667,December
2020-12-17,48.34,2020,12,4,0.480000000000004,1.00292519849563,43.547000000000004,December
2020-12-18,49.04,2020,12,4,0.6999999999999957,1.4480761274306975,43.882666666666665,December
2020-12-21,47.79,2020,12,4,-1.25,-2.5489396411092935,44.190333333333335,December
2020-12-22,47.02,2020,12,4,-0.769999999999996,-1.611215735509508,44.525333333333336,December
2020-12-23,47.94,2020,12,4,0.9199999999999946,1.9566142067205305,44.788333333333334,December
2020-12-24,48.18,2020,12,4,0.240000000000002,0.5006257822277815,45.02166666666667,December
2020-12-28,47.5,2020,12,4,-0.6799999999999997,-1.411374014113742,45.23066666666667,December
2020-12-29,47.85,2020,12,4,0.3500000000000014,0.7368421052631691,45.462333333333326,December
2020-12-30,48.24,2020,12,4,0.39000000000000057,0.8150470219435713,45.739333333333335,December
2020-12-31,48.35,2020,12,4,0.10999999999999943,0.2280265339966725,45.97966666666666,December
2021-01-04,47.47,2021,1,1,-0.8800000000000026,-1.8200620475698037,46.18733333333333,January
2021-01-05,49.78,2021,1,1,2.3100000000000023,4.866231303981472,46.458666666666666,January
2021-01-06,50.45,2021,1,1,0.6700000000000017,1.3459220570510189,46.754666666666665,January
2021-01-07,50.63,2021,1,1,0.17999999999999972,0.356788899900895,47.04266666666667,January
2021-01-08,52.14,2021,1,1,1.509999999999998,2.9824214892356204,47.35033333333333,January
2021-01-11,52.15,2021,1,1,0.00999999999999801,0.01917913310318653,47.598333333333336,January
2021-01-12,53.08,2021,1,1,0.9299999999999997,1.7833173537871616,47.848333333333336,January
2021-01-13,52.81,2021,1,1,-0.269999999999996,-0.5086661642803247,48.102,January
2021-01-14,53.47,2021,1,1,0.6599999999999966,1.2497633024048493,48.39966666666667,January
2021-01-15,52.25,2021,1,1,-1.2199999999999989,-2.281653263512251,48.63366666666666,January
2021-01-19,52.87,2021,1,1,0.6199999999999974,1.1866028708134024,48.87433333333333,January
2021-01-20,53.16,2021,1,1,0.28999999999999915,0.5485152260261028,49.10533333333333,January
2021-01-21,53.0,2021,1,1,-0.1599999999999966,-0.3009781790820121,49.34799999999999,January
2021-01-22,52.28,2021,1,1,-0.7199999999999989,-1.3584905660377289,49.56933333333334,January
2021-01-25,52.78,2021,1,1,0.5,0.9563886763580776,49.81266666666667,January
2021-01-26,52.61,2021,1,1,-0.1700000000000017,-0.3220917014020497,50.007666666666665,January
2021-01-27,52.81,2021,1,1,0.20000000000000284,0.38015586390420797,50.214999999999996,January
2021-01-28,52.26,2021,1,1,-0.5500000000000043,-1.0414694186707152,50.38966666666666,January
2021-01-29,52.16,2021,1,1,-0.10000000000000142,-0.19135093761959432,50.54233333333333,January
2021-02-01,53.55,2021,2,1,1.3900000000000006,2.6648773006134885,50.732,February
2021-02-02,54.77,2021,2,1,1.220000000000006,2.2782446311858218,50.94633333333333,February
2021-02-03,55.67,2021,2,1,0.8999999999999986,1.6432353478181394,51.16733333333333,February
2021-02-04,56.19,2021,2,1,0.519999999999996,0.9340758038440811,51.44733333333333,February
2021-02-05,56.8,2021,2,1,0.6099999999999994,1.0856024203594883,51.77333333333333,February
2021-02-08,57.95,2021,2,1,1.1500000000000057,2.0246478873239493,52.107,February
2021-02-09,58.34,2021,2,1,0.39000000000000057,0.6729939603106194,52.44566666666666,February
2021-02-10,58.69,2021,2,1,0.3499999999999943,0.5999314364072639,52.818666666666665,February
2021-02-11,58.22,2021,2,1,-0.46999999999999886,-0.8008178565343305,53.16433333333334,February
2021-02-12,59.5,2021,2,1,1.2800000000000011,2.198557196839568,53.53966666666667,February
2021-02-16,60.07,2021,2,1,0.5700000000000003,0.957983193277312,53.93033333333334,February
2021-02-17,61.09,2021,2,1,1.0200000000000031,1.6980189778591726,54.38433333333333,February
2021-02-18,60.4,2021,2,1,-0.6900000000000048,-1.129481093468665,54.73833333333334,February
2021-02-19,59.12,2021,2,1,-1.2800000000000011,-2.119205298013249,55.02733333333334,February
2021-02-22,61.67,2021,2,1,2.5500000000000043,4.313261163734783,55.39533333333333,February
2021-02-23,61.66,2021,2,1,-0.010000000000005116,-0.01621533971137845,55.71266666666667,February
2021-02-24,63.21,2021,2,1,1.5500000000000043,2.513785274083702,56.08133333333333,February
2021-02-25,63.43,2021,2,1,0.21999999999999886,0.34804619522226243,56.42633333333333,February
2021-02-26,61.55,2021,2,1,-1.8800000000000026,-2.963897209522315,56.71766666666667,February
2021-03-01,60.54,2021,3,1,-1.009999999999998,-1.640942323314376,56.95333333333334,March
2021-03-02,59.7,2021,3,1,-0.8399999999999963,-1.3875123885034646,57.201666666666675,March
2021-03-03,61.33,2021,3,1,1.6299999999999955,2.7303182579564433,57.483666666666664,March
2021-03-04,63.81,2021,3,1,2.480000000000004,4.0436980270667,57.83866666666667,March
2021-03-05,66.08,2021,3,1,2.269999999999996,3.557436138536274,58.27466666666667,March
2021-03-08,65.03,2021,3,1,-1.0499999999999972,-1.5889830508474478,58.69966666666666,March
2021-03-09,64.02,2021,3,1,-1.0100000000000051,-1.5531293249269607,59.074333333333335,March
2021-03-10,64.45,2021,3,1,0.4300000000000068,0.671665104654795,59.469,March
2021-03-11,66.02,2021,3,1,1.5699999999999932,2.435996896819237,59.90933333333333,March
2021-03-12,65.59,2021,3,1,-0.4299999999999926,-0.6513177824901462,60.35366666666667,March
2021-03-15,65.36,2021,3,1,-0.23000000000000398,-0.3506632108553176,60.79366666666667,March
2021-03-16,64.82,2021,3,1,-0.5400000000000063,-0.8261933904528895,61.169333333333334,March
2021-03-17,64.55,2021,3,1,-0.269999999999996,-0.4165381055229789,61.495333333333335,March
2021-03-18,59.95,2021,3,1,-4.599999999999994,-7.126258714175049,61.638,March
2021-03-19,61.43,2021,3,1,1.4799999999999969,2.468723936613837,61.812666666666665,March
2021-03-22,61.48,2021,3,1,0.04999999999999716,0.0813934559661389,61.968666666666664,March
2021-03-23,57.75,2021,3,1,-3.729999999999997,-6.067013662979825,61.961999999999996,March
2021-03-24,61.12,2021,3,1,3.3699999999999974,5.835497835497838,62.05466666666667,March
2021-03-25,58.47,2021,3,1,-2.6499999999999986,-4.335732984293195,62.04733333333333,March
2021-03-26,60.93,2021,3,1,2.460000000000001,4.207285787583381,62.13766666666666,March
2021-03-29,61.49,2021,3,1,0.5600000000000023,0.9190874774331226,62.20399999999999,March
2021-03-30,60.55,2021,3,1,-0.9400000000000048,-1.5287038542852627,62.22,March
2021-03-31,59.19,2021,3,1,-1.3599999999999994,-2.246077621800169,62.156666666666666,March
2021-04-01,61.41,2021,4,2,2.219999999999999,3.7506335529650325,62.190333333333335,April
2021-04-05,58.73,2021,4,2,-2.6799999999999997,-4.364110079791561,62.17733333333334,April
2021-04-06,59.34,2021,4,2,0.6100000000000065,1.0386514558147653,62.099666666666664,April
2021-04-07,59.77,2021,4,2,0.4299999999999997,0.7246376811594235,62.03666666666666,April
2021-04-08,59.61,2021,4,2,-0.1600000000000037,-0.2676928224861985,61.916666666666664,April
2021-04-09,59.29,2021,4,2,-0.3200000000000003,-0.5368226807582643,61.77866666666667,April
2021-04-12,59.7,2021,4,2,0.4100000000000037,0.6915162759318694,61.71699999999999,April
2021-04-13,60.2,2021,4,2,0.5,0.8375209380234505,61.70566666666666,April
2021-04-14,63.15,2021,4,2,2.9499999999999957,4.900332225913617,61.82066666666666,April
2021-04-15,63.42,2021,4,2,0.2700000000000031,0.42755344418052843,61.89033333333334,April
2021-04-16,63.16,2021,4,2,-0.2600000000000051,-0.40996531062756913,61.86866666666666,April
2021-04-19,63.33,2021,4,2,0.1700000000000017,0.2691576947435159,61.77700000000001,April
2021-04-20,62.61,2021,4,2,-0.7199999999999989,-1.13690194220748,61.696333333333335,April
2021-04-21,61.34,2021,4,2,-1.269999999999996,-2.028429963264644,61.60699999999999,April
2021-04-22,61.45,2021,4,2,0.10999999999999943,0.1793283338767493,61.507,April
2021-04-23,62.18,2021,4,2,0.7299999999999969,1.1879576891781873,61.379000000000005,April
2021-04-26,62.02,2021,4,2,-0.1599999999999966,-0.2573174654229571,61.26,April
2021-04-27,63.03,2021,4,2,1.009999999999998,1.6285069332473423,61.18233333333333,April
2021-04-28,63.81,2021,4,2,0.7800000000000011,1.2375059495478347,61.14866666666667,April
2021-04-29,65.0,2021,4,2,1.1899999999999977,1.8649114558846547,61.163666666666664,April
2021-04-30,63.5,2021,4,2,-1.5,-2.3076923076923106,61.282000000000004,April
2021-05-03,64.46,2021,5,2,0.9599999999999937,1.511811023622034,61.383,May
2021-05-04,65.72,2021,5,2,1.2600000000000051,1.954700589512881,61.52433333333333,May
2021-05-05,65.63,2021,5,2,-0.09000000000000341,-0.13694461351186904,61.787000000000006,May
2021-05-06,64.73,2021,5,2,-0.8999999999999915,-1.3713240895931622,61.90733333333333,May
2021-05-07,64.96,2021,5,2,0.22999999999998977,0.3553221072145618,62.123666666666665,May
2021-05-10,64.92,2021,5,2,-0.03999999999999204,-0.061576354679793166,62.25666666666667,May
2021-05-11,65.31,2021,5,2,0.39000000000000057,0.600739371534198,62.384,May
2021-05-12,65.96,2021,5,2,0.6499999999999915,0.9952534068289554,62.56433333333334,May
2021-05-13,63.82,2021,5,2,-2.1399999999999935,-3.2443905397210315,62.718666666666664,May
2021-05-14,65.32,2021,5,2,1.499999999999993,2.350360388592909,62.849000000000004,May
2021-05-17,66.24,2021,5,2,0.9200000000000017,1.4084507042253502,63.099333333333334,May
2021-05-18,65.49,2021,5,2,-0.75,-1.1322463768115965,63.30433333333334,May
2021-05-19,63.28,2021,5,2,-2.2099999999999937,-3.3745610016796324,63.42133333333334,May
2021-05-20,61.95,2021,5,2,-1.3299999999999983,-2.1017699115044253,63.499333333333325,May
2021-05-21,63.61,2021,5,2,1.6599999999999966,2.6795803066989476,63.64333333333333,May
2021-05-24,66.13,2021,5,2,2.519999999999996,3.9616412513755694,63.85766666666666,May
2021-05-25,66.27,2021,5,2,0.14000000000000057,0.21170421896266056,64.06,May
2021-05-26,66.41,2021,5,2,0.14000000000000057,0.21125697902519835,64.16866666666667,May
2021-05-27,66.87,2021,5,2,0.46000000000000796,0.6926667670531739,64.28366666666666,May
2021-05-28,66.31,2021,5,2,-0.5600000000000023,-0.8374457903394639,64.38866666666667,May
2021-06-01,67.8,2021,6,2,1.4899999999999949,2.2470215653747516,64.53766666666667,June
2021-06-02,68.79,2021,6,2,0.9900000000000091,1.4601769911504636,64.74366666666667,June
2021-06-03,68.81,2021,6,2,0.01999999999999602,0.029073993312977997,64.99266666666666,June
2021-06-04,69.57,2021,6,2,0.7599999999999909,1.104490626362442,65.26333333333334,June
2021-06-07,69.21,2021,6,2,-0.35999999999999943,-0.5174644243208237,65.49766666666666,June
2021-06-08,70.11,2021,6,2,0.9000000000000057,1.3003901170351106,65.76733333333333,June
2021-06-09,69.9,2021,6,2,-0.20999999999999375,-0.2995293110825803,65.99633333333334,June
2021-06-10,70.34,2021,6,2,0.4399999999999977,0.6294706723891208,66.214,June
2021-06-11,71.0,2021,6,2,0.6599999999999966,0.9382996872334237,66.414,June
2021-06-14,70.94,2021,6,2,-0.060000000000002274,-0.08450704225352323,66.662,June
2021-06-15,72.06,2021,6,2,1.1200000000000045,1.5787989850577944,66.91533333333334,June
2021-06-16,72.03,2021,6,2,-0.030000000000001137,-0.04163197335553814,67.12566666666666,June
2021-06-17,71.06,2021,6,2,-0.9699999999999989,-1.3466611134249629,67.30666666666666,June
2021-06-18,71.64,2021,6,2,0.5799999999999983,0.8162116521249541,67.53699999999999,June
2021-06-21,73.64,2021,6,2,2.0,2.7917364600781758,67.82633333333334,June
2021-06-22,73.15,2021,6,2,-0.4899999999999949,-0.665399239543718,68.10066666666667,June
2021-06-23,73.11,2021,6,2,-0.04000000000000625,-0.054682159945329545,68.36066666666667,June
2021-06-24,73.31,2021,6,2,0.20000000000000284,0.27356038845576247,68.60566666666666,June
2021-06-25,74.21,2021,6,2,0.8999999999999915,1.2276633474287202,68.952,June
2021-06-28,72.98,2021,6,2,-1.2299999999999898,-1.6574585635358963,69.20733333333332,June
2021-06-29,73.14,2021,6,2,0.1599999999999966,0.21923814743765035,69.43733333333333,June
2021-06-30,73.52,2021,6,2,0.37999999999999545,0.5195515449822219,69.705,June
2021-07-01,75.33,2021,7,3,1.8100000000000023,2.461915125136027,70.10666666666665,July
2021-07-02,75.37,2021,7,3,0.04000000000000625,0.05309969467677256,70.554,July
2021-07-06,73.62,2021,7,3,-1.75,-2.3218787315908207,70.88766666666668,July
2021-07-07,72.22,2021,7,3,-1.4000000000000057,-1.9016571583808872,71.09066666666666,July
2021-07-08,72.98,2021,7,3,0.7600000000000051,1.0523400720022336,71.31433333333332,July
2021-07-09,74.56,2021,7,3,1.5799999999999983,2.1649767059468417,71.586,July
2021-07-12,74.21,2021,7,3,-0.3500000000000085,-0.46942060085838344,71.83066666666667,July
2021-07-13,75.24,2021,7,3,1.0300000000000011,1.3879531060503991,72.12833333333334,July
2021-07-14,73.06,2021,7,3,-2.1799999999999926,-2.897395002658154,72.30366666666667,July
2021-07-15,71.67,2021,7,3,-1.3900000000000006,-1.9025458527237915,72.39966666666668,July
2021-07-16,71.76,2021,7,3,0.09000000000000341,0.12557555462537895,72.498,July
2021-07-19,66.45,2021,7,3,-5.310000000000002,-7.399665551839463,72.394,July
2021-07-20,67.32,2021,7,3,0.8699999999999903,1.3092550790067659,72.33099999999999,July
2021-07-21,70.26,2021,7,3,2.940000000000012,4.36720142602498,72.33600000000001,July
2021-07-22,72.15,2021,7,3,1.8900000000000006,2.690008539709643,72.411,July
2021-07-23,72.24,2021,7,3,0.0899999999999892,0.1247401247401081,72.47433333333333,July
2021-07-26,72.15,2021,7,3,-0.0899999999999892,-0.1245847176079562,72.51266666666668,July
2021-07-27,71.68,2021,7,3,-0.46999999999999886,-0.6514206514206533,72.53733333333334,July
2021-07-28,72.37,2021,7,3,0.6899999999999977,0.9626116071428603,72.54766666666666,July
2021-07-29,73.62,2021,7,3,1.25,1.727235042144537,72.60066666666667,July
2021-07-30,73.93,2021,7,3,0.3100000000000023,0.42108122792718916,72.69633333333333,July
2021-08-02,71.31,2021,8,3,-2.6200000000000045,-3.5438928716353346,72.68533333333333,August
2021-08-03,70.64,2021,8,3,-0.6700000000000017,-0.9395596690506269,72.58533333333334,August
2021-08-04,68.19,2021,8,3,-2.450000000000003,-3.4682899207248097,72.42,August
2021-08-05,69.1,2021,8,3,0.9099999999999966,1.334506525883561,72.28633333333333,August
2021-08-06,68.26,2021,8,3,-0.8399999999999892,-1.2156295224312386,72.118,August
2021-08-09,66.56,2021,8,3,-1.7000000000000028,-2.4904775857017336,71.863,August
2021-08-10,68.33,2021,8,3,1.769999999999996,2.6592548076922906,71.708,August
2021-08-11,69.3,2021,8,3,0.9699999999999989,1.4195814429972087,71.58,August
2021-08-12,69.12,2021,8,3,-0.1799999999999926,-0.2597402597402487,71.43333333333334,August
2021-08-13,68.36,2021,8,3,-0.7600000000000051,-1.099537037037046,71.20100000000001,August
2021-08-16,67.44,2021,8,3,-0.9200000000000017,-1.345816266822708,70.93666666666668,August
2021-08-17,66.5,2021,8,3,-0.9399999999999977,-1.393831553973901,70.69933333333333,August
2021-08-18,65.36,2021,8,3,-1.1400000000000006,-1.7142857142857126,70.47066666666666,August
2021-08-19,63.69,2021,8,3,-1.6700000000000017,-2.5550795593635267,70.161,August
2021-08-20,62.25,2021,8,3,-1.4399999999999977,-2.260951483749407,69.75066666666666,August
2021-08-23,65.65,2021,8,3,3.4000000000000057,5.461847389558239,69.46533333333333,August
2021-08-24,67.5,2021,8,3,1.8499999999999943,2.817974105102805,69.20733333333334,August
2021-08-25,68.54,2021,8,3,1.0400000000000063,1.5407407407407536,69.05666666666667,August
2021-08-26,67.42,2021,8,3,-1.1200000000000045,-1.6340822877152106,68.915,August
2021-08-27,68.84,2021,8,3,1.4200000000000017,2.106199940670428,68.81766666666667,August
2021-08-30,69.28,2021,8,3,0.4399999999999977,0.6391632771644451,68.912,August
2021-08-31,68.43,2021,8,3,-0.8499999999999943,-1.2269053117782813,68.94900000000001,August
2021-09-01,68.63,2021,9,3,0.19999999999998863,0.2922694724535768,68.89466666666667,September
2021-09-02,70.07,2021,9,3,1.4399999999999977,2.0982077808538557,68.82533333333335,September
2021-09-03,69.34,2021,9,3,-0.7299999999999898,-1.0418153275295938,68.72866666666667,September
2021-09-07,68.49,2021,9,3,-0.8500000000000085,-1.2258436688780017,68.60666666666665,September
2021-09-08,69.36,2021,9,3,0.8700000000000045,1.270258431887883,68.52933333333334,September
2021-09-09,68.26,2021,9,3,-1.0999999999999943,-1.585928489042665,68.39233333333333,September
2021-09-10,69.82,2021,9,3,1.559999999999988,2.2853794315850884,68.26566666666666,September
2021-09-13,70.54,2021,9,3,0.7200000000000131,1.0312231452306087,68.15266666666666,September
2021-09-14,70.53,2021,9,3,-0.010000000000005116,-0.014176353841799383,68.12666666666668,September
2021-09-15,72.59,2021,9,3,2.0600000000000023,2.92074294626401,68.19166666666666,September
2021-09-16,72.69,2021,9,3,0.09999999999999432,0.13776002204159976,68.34166666666667,September
2021-09-17,72.09,2021,9,3,-0.5999999999999943,-0.8254230293025078,68.44133333333335,September
2021-09-20,70.41,2021,9,3,-1.6800000000000068,-2.330420307948411,68.51299999999999,September
2021-09-21,70.51,2021,9,3,0.10000000000000853,0.14202528049993557,68.64466666666667,September
2021-09-22,72.37,2021,9,3,1.8599999999999994,2.6379236987661425,68.77933333333334,September
2021-09-23,73.43,2021,9,3,1.0600000000000023,1.4646953157385623,68.917,September
2021-09-24,74.18,2021,9,3,0.75,1.0213809069862467,69.08566666666667,September
2021-09-27,75.54,2021,9,3,1.3599999999999994,1.8333782690752143,69.325,September
2021-09-28,75.44,2021,9,3,-0.10000000000000853,-0.1323801959226989,69.59166666666667,September
2021-09-29,75.06,2021,9,3,-0.37999999999999545,-0.5037115588547136,69.877,September
2021-09-30,75.22,2021,9,3,0.1599999999999966,0.21316280309084945,70.20566666666667,September
2021-10-01,76.01,2021,10,4,0.7900000000000063,1.0502525923956396,70.61633333333333,October
2021-10-04,77.68,2021,10,4,1.6700000000000017,2.1970793316668846,71.13066666666667,October
2021-10-05,79.17,2021,10,4,1.4899999999999949,1.918125643666313,71.58133333333333,October
2021-10-06,77.66,2021,10,4,-1.5100000000000051,-1.9072881141846687,71.92,October
2021-10-07,78.46,2021,10,4,0.7999999999999972,1.0301313417460767,72.25066666666666,October
2021-10-08,79.55,2021,10,4,1.0900000000000034,1.3892429263318906,72.65499999999999,October
2021-10-11,80.64,2021,10,4,1.0900000000000034,1.3702074167190492,73.04833333333335,October
2021-10-12,80.75,2021,10,4,0.10999999999999943,0.13640873015872135,73.43066666666667,October
2021-10-13,80.67,2021,10,4,-0.0799999999999983,-0.0990712074303346,73.83866666666668,October
2021-10-14,81.43,2021,10,4,0.7600000000000051,0.9421098301723108,74.26533333333333,October
2021-10-15,82.39,2021,10,4,0.9599999999999937,1.1789266854967284,74.67599999999999,October
2021-10-18,82.62,2021,10,4,0.23000000000000398,0.2791600922442017,75.11866666666668,October
2021-10-19,83.19,2021,10,4,0.5699999999999932,0.6899055918663688,75.60866666666666,October
2021-10-20,84.4,2021,10,4,1.210000000000008,1.4545017429979712,76.11,October
2021-10-21,82.64,2021,10,4,-1.7600000000000051,-2.0853080568720483,76.58933333333333,October
2021-10-22,84.53,2021,10,4,1.8900000000000006,2.2870280735721282,77.07966666666667,October
2021-10-25,84.64,2021,10,4,0.10999999999999943,0.130131314326265,77.54966666666665,October
2021-10-26,85.64,2021,10,4,1.0,1.1814744801512234,78.05333333333334,October
2021-10-27,82.66,2021,10,4,-2.980000000000004,-3.4796823914058916,78.389,October
2021-10-28,82.78,2021,10,4,0.12000000000000455,0.1451729978224181,78.72533333333332,October
2021-10-29,83.5,2021,10,4,0.7199999999999989,0.8697753080454174,79.10566666666665,October
2021-11-01,84.08,2021,11,4,0.5799999999999983,0.6946107784431055,79.56133333333334,November
2021-11-02,83.91,2021,11,4,-0.1700000000000017,-0.2021883920076184,80.00800000000001,November
2021-11-03,80.82,2021,11,4,-3.0900000000000034,-3.682516982481232,80.28966666666666,November
2021-11-04,78.88,2021,11,4,-1.9399999999999977,-2.40039594159861,80.47133333333333,November
2021-11-05,81.25,2021,11,4,2.3700000000000045,3.0045638945233266,80.70700000000001,November
2021-11-08,81.96,2021,11,4,0.7099999999999937,0.8738461538461362,80.921,November
2021-11-09,84.12,2021,11,4,2.160000000000011,2.6354319180087904,81.21033333333334,November
2021-11-10,81.23,2021,11,4,-2.8900000000000006,-3.4355682358535478,81.416,November
2021-11-11,81.47,2021,11,4,0.23999999999999488,0.29545734334603946,81.62433333333334,November
2021-11-12,80.87,2021,11,4,-0.5999999999999943,-0.7364674113170433,81.78633333333333,November
2021-11-15,80.85,2021,11,4,-0.020000000000010232,-0.024731049833082164,81.892,November
2021-11-16,80.76,2021,11,4,-0.0899999999999892,-0.11131725417438121,81.945,November
2021-11-17,78.32,2021,11,4,-2.440000000000012,-3.02129767211492,81.967,November
2021-11-18,78.92,2021,11,4,0.6000000000000085,0.7660878447395492,81.98233333333333,November
2021-11-19,76.11,2021,11,4,-2.8100000000000023,-3.5605676634566708,81.86766666666668,November
2021-11-22,76.74,2021,11,4,0.6299999999999955,0.8277493102089029,81.73766666666667,November
2021-11-23,78.32,2021,11,4,1.5799999999999983,2.058900182434198,81.65666666666667,November
2021-11-24,78.32,2021,11,4,0.0,0.0,81.57833333333333,November
2021-11-29,69.88,2021,11,4,-8.439999999999998,-10.776302349336053,81.19333333333334,November
2021-11-30,66.14,2021,11,4,-3.739999999999995,-5.352032054951339,80.65166666666667,November
2021-12-01,65.44,2021,12,4,-0.7000000000000028,-1.0583610523132836,80.07900000000001,December
2021-12-02,66.6,2021,12,4,1.1599999999999966,1.7726161369193028,79.52600000000001,December
2021-12-03,66.39,2021,12,4,-0.20999999999999375,-0.315315315315301,78.92566666666667,December
2021-12-06,69.62,2021,12,4,3.230000000000004,4.865190540744102,78.49166666666666,December
2021-12-07,71.94,2021,12,4,2.319999999999993,3.3323757540936416,78.07199999999999,December
2021-12-08,72.43,2021,12,4,0.4900000000000091,0.68112315818738,77.665,December
2021-12-09,70.87,2021,12,4,-1.5600000000000023,-2.1538036725113896,77.17266666666666,December
2021-12-10,71.71,2021,12,4,0.8399999999999892,1.1852688020318691,76.80766666666666,December
2021-12-13,71.19,2021,12,4,-0.519999999999996,-0.7251429368288931,76.42133333333335,December
2021-12-14,70.57,2021,12,4,-0.6200000000000045,-0.8709088355106087,75.99033333333334,December
2021-12-15,70.89,2021,12,4,0.3200000000000074,0.4534504747059742,75.55066666666667,December
2021-12-16,72.34,2021,12,4,1.4500000000000028,2.045422485540982,75.16499999999999,December
2021-12-17,70.93,2021,12,4,-1.4099999999999966,-1.9491291125241839,74.83533333333334,December
2021-12-20,68.69,2021,12,4,-2.240000000000009,-3.1580431411250665,74.49566666666666,December
2021-12-21,71.1,2021,12,4,2.4099999999999966,3.508516523511429,74.15733333333334,December
2021-12-22,72.82,2021,12,4,1.7199999999999989,2.4191279887482375,73.85266666666666,December
2021-12-23,73.89,2021,12,4,1.0700000000000074,1.4693765449052654,73.51166666666668,December
2021-12-27,75.49,2021,12,4,1.5999999999999943,2.1653809717147032,73.32033333333334,December
2021-12-28,76.01,2021,12,4,0.5200000000000102,0.6888329580077013,73.13833333333334,December
2021-12-29,76.58,2021,12,4,0.5699999999999932,0.7499013287725287,72.99533333333333,December
2021-12-30,76.83,2021,12,4,0.25,0.32645599373204437,72.86133333333333,December
2021-12-31,75.33,2021,12,4,-1.5,-1.9523623584537297,72.68033333333332,December
2022-01-03,75.99,2022,1,1,0.6599999999999966,0.8761449621664585,72.60266666666668,January
2022-01-04,77.0,2022,1,1,1.0100000000000051,1.3291222529280278,72.53866666666667,January
2022-01-05,77.83,2022,1,1,0.8299999999999983,1.0779220779220777,72.596,January
2022-01-06,79.47,2022,1,1,1.6400000000000006,2.107156623409989,72.687,January
2022-01-07,79.0,2022,1,1,-0.46999999999999886,-0.5914181452120304,72.70966666666666,January
2022-01-10,78.11,2022,1,1,-0.8900000000000006,-1.1265822784810142,72.70266666666666,January
2022-01-11,81.17,2022,1,1,3.0600000000000023,3.917552170016636,73.079,January
2022-01-12,82.51,2022,1,1,1.3400000000000034,1.6508562276703165,73.62466666666666,January
2022-01-13,81.97,2022,1,1,-0.5400000000000063,-0.6544661253181538,74.17566666666667,January
2022-01-14,83.82,2022,1,1,1.8499999999999943,2.256923264609001,74.74966666666666,January
2022-01-18,85.42,2022,1,1,1.6000000000000085,1.9088523025531101,75.384,January
2022-01-19,86.84,2022,1,1,1.4200000000000017,1.6623741512526324,75.95800000000001,January
2022-01-20,86.29,2022,1,1,-0.5499999999999972,-0.6333486872408978,76.43633333333334,January
2022-01-21,85.16,2022,1,1,-1.1300000000000097,-1.3095376057480679,76.86066666666666,January
2022-01-24,84.48,2022,1,1,-0.6799999999999926,-0.7984969469234326,77.31433333333332,January
2022-01-25,86.61,2022,1,1,2.1299999999999955,2.521306818181812,77.81099999999999,January
2022-01-26,88.33,2022,1,1,1.7199999999999989,1.985913866759037,78.38233333333332,January
2022-01-27,87.61,2022,1,1,-0.7199999999999989,-0.8151250990603431,78.95033333333335,January
2022-01-28,87.67,2022,1,1,0.060000000000002274,0.06848533272458823,79.50966666666666,January
2022-01-31,89.16,2022,1,1,1.4899999999999949,1.6995551499942918,80.07033333333334,January
2022-02-01,88.22,2022,2,1,-0.9399999999999977,-1.0542844324809342,80.64666666666666,February
2022-02-02,88.16,2022,2,1,-0.060000000000002274,-0.06801178871004288,81.29566666666668,February
2022-02-03,90.17,2022,2,1,2.010000000000005,2.279945553539031,81.93133333333334,February
2022-02-04,92.27,2022,2,1,2.0999999999999943,2.3289342353332465,82.57966666666668,February
2022-02-07,91.25,2022,2,1,-1.019999999999996,-1.1054513926519904,83.15833333333333,February
2022-02-08,89.32,2022,2,1,-1.9300000000000068,-2.115068493150696,83.61933333333333,February
2022-02-09,89.57,2022,2,1,0.25,0.2798925212718295,84.07133333333333,February
2022-02-10,89.83,2022,2,1,0.2600000000000051,0.2902757619738905,84.51299999999999,February
2022-02-11,93.1,2022,2,1,3.269999999999996,3.6402092842034994,85.05533333333332,February
2022-02-14,95.52,2022,2,1,2.4200000000000017,2.5993555316863537,85.72833333333332,February
2022-02-15,92.07,2022,2,1,-3.450000000000003,-3.611809045226133,86.26433333333333,February
2022-02-16,93.83,2022,2,1,1.7600000000000051,1.9115890083632125,86.82533333333332,February
2022-02-17,91.78,2022,2,1,-2.049999999999997,-2.1848023020355933,87.29033333333334,February
2022-02-18,91.26,2022,2,1,-0.519999999999996,-0.5665722379603388,87.68333333333334,February
2022-02-22,92.11,2022,2,1,0.8499999999999943,0.9314047775586198,88.12033333333333,February
2022-02-23,92.14,2022,2,1,0.030000000000001137,0.032569753555522496,88.588,February
2022-02-24,92.77,2022,2,1,0.6299999999999955,0.6837421315389669,88.97466666666666,February
2022-02-25,91.68,2022,2,1,-1.0899999999999892,-1.1749487981028262,89.28033333333333,February
2022-02-28,96.13,2022,2,1,4.449999999999989,4.853839441535768,89.75233333333333,February
2022-03-01,103.66,2022,3,1,7.530000000000001,7.833142619369604,90.41366666666667,March
2022-03-02,110.74,2022,3,1,7.079999999999998,6.8300212232297985,91.25766666666667,March
2022-03-03,107.69,2022,3,1,-3.049999999999997,-2.754199024742643,91.95266666666666,March
2022-03-04,115.77,2022,3,1,8.079999999999998,7.503017921812605,92.93533333333333,March
2022-03-07,119.26,2022,3,1,3.490000000000009,3.014597909648442,94.07199999999999,March
2022-03-08,123.64,2022,3,1,4.3799999999999955,3.6726479959751757,95.37733333333334,March
2022-03-09,108.81,2022,3,1,-14.829999999999998,-11.994500161759946,96.11733333333333,March
2022-03-10,105.93,2022,3,1,-2.8799999999999955,-2.646815550041348,96.704,March
2022-03-11,109.31,2022,3,1,3.3799999999999955,3.1907863683564575,97.42733333333332,March
2022-03-14,103.22,2022,3,1,-6.090000000000003,-5.571310950507735,97.94566666666667,March
2022-03-15,96.42,2022,3,1,-6.799999999999997,-6.587870567719434,98.18766666666667,March
2022-03-16,94.85,2022,3,1,-1.5700000000000074,-1.6282928852935141,98.40866666666668,March
2022-03-17,102.97,2022,3,1,8.120000000000005,8.560885608856083,98.90233333333332,March
2022-03-18,104.69,2022,3,1,1.7199999999999989,1.6703894338156777,99.38633333333333,March
2022-03-21,112.14,2022,3,1,7.450000000000003,7.11624797019772,100.04866666666665,March
2022-03-22,111.03,2022,3,1,-1.1099999999999994,-0.9898341359015461,100.708,March
2022-03-23,114.89,2022,3,1,3.8599999999999994,3.476537872647034,101.56033333333333,March
2022-03-24,114.2,2022,3,1,-0.6899999999999977,-0.6005744625293685,102.38133333333333,March
2022-03-25,116.2,2022,3,1,2.0,1.7513134851138368,103.26033333333334,March
2022-03-28,107.55,2022,3,1,-8.650000000000006,-7.444061962134252,103.742,March
2022-03-29,104.25,2022,3,1,-3.299999999999997,-3.0683403068340276,104.033,March
2022-03-30,107.81,2022,3,1,3.5600000000000023,3.4148681055155894,104.55766666666666,March
2022-03-31,100.53,2022,3,1,-7.280000000000001,-6.752620350616823,104.78099999999999,March
2022-04-01,99.32,2022,4,2,-1.210000000000008,-1.20362080970855,105.03233333333333,April
2022-04-04,103.29,2022,4,2,3.970000000000013,3.997180829641578,105.43333333333334,April
2022-04-05,101.98,2022,4,2,-1.3100000000000023,-1.2682737922354526,105.76233333333333,April
2022-04-06,96.39,2022,4,2,-5.590000000000003,-5.48146695430477,105.904,April
2022-04-07,96.05,2022,4,2,-0.3400000000000034,-0.3527336860670194,106.01333333333334,April
2022-04-08,98.35,2022,4,2,2.299999999999997,2.394586153045286,106.23566666666667,April
2022-04-11,94.22,2022,4,2,-4.1299999999999955,-4.199288256227751,106.17200000000001,April
2022-04-12,100.52,2022,4,2,6.299999999999997,6.686478454680533,106.06733333333334,April
2022-04-13,104.26,2022,4,2,3.740000000000009,3.720652606446495,105.85133333333333,April
2022-04-14,106.84,2022,4,2,2.5799999999999983,2.4745827738346327,105.82300000000001,April
2022-04-18,108.24,2022,4,2,1.3999999999999915,1.3103706476974786,105.57199999999999,April
2022-04-19,102.54,2022,4,2,-5.699999999999989,-5.266075388026592,105.01466666666667,April
2022-04-20,102.56,2022,4,2,0.01999999999999602,0.019504583577134582,104.31199999999998,April
2022-04-21,103.89,2022,4,2,1.3299999999999983,1.296801872074882,104.148,April
2022-04-22,102.86,2022,4,2,-1.0300000000000011,-0.9914332467032438,104.04566666666666,April
2022-04-25,99.6,2022,4,2,-3.260000000000005,-3.169356406766488,103.72200000000001,April
2022-04-26,102.62,2022,4,2,3.0200000000000102,3.0321285140562315,103.702,April
2022-04-27,101.96,2022,4,2,-0.6600000000000108,-0.643149483531491,103.88666666666667,April
2022-04-28,105.47,2022,4,2,3.510000000000005,3.4425264809729406,104.24066666666666,April
2022-04-29,104.59,2022,4,2,-0.8799999999999955,-0.834360481653551,104.29466666666667,April
2022-05-02,105.18,2022,5,2,0.5900000000000034,0.5641074672530833,104.31099999999999,May
2022-05-03,102.53,2022,5,2,-2.6500000000000057,-2.5194903974139593,103.99066666666667,May
2022-05-04,107.84,2022,5,2,5.310000000000002,5.178972008192728,103.88433333333334,May
2022-05-05,108.17,2022,5,2,0.3299999999999983,0.30600890207714837,103.66033333333333,May
2022-05-06,109.72,2022,5,2,1.5499999999999972,1.4329296477766373,103.511,May
2022-05-09,103.08,2022,5,2,-6.640000000000001,-6.051768137076197,103.07366666666667,May
2022-05-10,99.74,2022,5,2,-3.3400000000000034,-3.240201785021346,102.81333333333332,May
2022-05-11,105.5,2022,5,2,5.760000000000005,5.775015039101672,102.85499999999999,May
2022-05-12,106.15,2022,5,2,0.6500000000000057,0.6161137440758413,102.79966666666665,May
2022-05-13,110.52,2022,5,2,4.36999999999999,4.116815826660369,103.13266666666667,May
2022-05-16,114.07,2022,5,2,3.549999999999997,3.21208830980817,103.62433333333334,May
2022-05-17,112.31,2022,5,2,-1.759999999999991,-1.5429122468659462,103.925,May
2022-05-18,109.67,2022,5,2,-2.6400000000000006,-2.350636630754166,104.18133333333334,May
2022-05-19,112.21,2022,5,2,2.539999999999992,2.316039026169414,104.70866666666667,May
2022-05-20,112.63,2022,5,2,0.4200000000000017,0.37429819089207506,105.26133333333334,May
2022-05-23,110.32,2022,5,2,-2.3100000000000023,-2.050963331261657,105.66033333333333,May
2022-05-24,112.55,2022,5,2,2.230000000000004,2.021392313270498,106.27133333333333,May
2022-05-25,112.88,2022,5,2,0.3299999999999983,0.2932030208796066,106.68333333333334,May
2022-05-26,116.19,2022,5,2,3.3100000000000023,2.932317505315374,107.08099999999999,May
2022-05-27,114.96,2022,5,2,-1.230000000000004,-1.0586108959462992,107.35166666666666,May
2022-05-31,114.38,2022,5,2,-0.5799999999999983,-0.5045233124565063,107.55633333333334,May
2022-06-01,115.26,2022,6,2,0.8800000000000097,0.7693652736492584,107.98033333333335,June
2022-06-02,116.88,2022,6,2,1.6199999999999903,1.4055179593961409,108.45766666666667,June
2022-06-03,118.97,2022,6,2,2.0900000000000034,1.7881587953456624,108.96033333333334,June
2022-06-06,118.41,2022,6,2,-0.5600000000000023,-0.47070690089938694,109.47866666666667,June
2022-06-07,119.55,2022,6,2,1.1400000000000006,0.9627565239422431,110.14366666666666,June
2022-06-08,121.94,2022,6,2,2.3900000000000006,1.9991635299038135,110.78766666666667,June
2022-06-09,121.52,2022,6,2,-0.4200000000000017,-0.3444316877152742,111.43966666666667,June
2022-06-10,120.73,2022,6,2,-0.789999999999992,-0.650098749177086,111.94833333333334,June
2022-06-13,120.92,2022,6,2,0.18999999999999773,0.1573759628924032,112.49266666666666,June
2022-06-14,118.92,2022,6,2,-2.0,-1.6539861065167027,112.95066666666666,June
2022-06-15,115.32,2022,6,2,-3.6000000000000085,-3.0272452068617617,113.377,June
2022-06-16,117.56,2022,6,2,2.240000000000009,1.9424210891432647,113.701,June
2022-06-17,109.56,2022,6,2,-8.0,-6.805035726437558,113.74733333333333,June
2022-06-21,110.49,2022,6,2,0.9299999999999926,0.8488499452354858,113.773,June
2022-06-22,106.22,2022,6,2,-4.269999999999996,-3.8646031315051066,113.87766666666667,June
2022-06-23,105.75,2022,6,2,-0.46999999999999886,-0.4424778761061954,114.078,June
2022-06-24,109.07,2022,6,2,3.319999999999993,3.139479905437348,114.19700000000002,June
2022-06-27,111.44,2022,6,2,2.3700000000000045,2.172916475657849,114.37333333333335,June
2022-06-28,113.66,2022,6,2,2.219999999999999,1.9921033740129213,114.47800000000001,June
2022-06-29,111.65,2022,6,2,-2.009999999999991,-1.768432166109446,114.39733333333334,June
2022-06-30,107.76,2022,6,2,-3.8900000000000006,-3.484102104791764,114.24566666666666,June
2022-07-01,110.3,2022,7,3,2.539999999999992,2.3570898292501807,114.26666666666667,July
2022-07-05,101.55,2022,7,3,-8.75,-7.93291024478695,113.91133333333332,July
2022-07-06,100.31,2022,7,3,-1.2399999999999949,-1.2210733628754245,113.50066666666665,July
2022-07-07,104.62,2022,7,3,4.310000000000002,4.296680291097599,113.31066666666668,July
2022-07-08,106.78,2022,7,3,2.1599999999999966,2.064614796406028,113.11833333333333,July
2022-07-11,106.09,2022,7,3,-0.6899999999999977,-0.6461884247986438,112.892,July
2022-07-12,97.69,2022,7,3,-8.400000000000006,-7.917805636723541,112.27533333333334,July
2022-07-13,98.44,2022,7,3,0.75,0.7677346708977462,111.72466666666668,July
2022-07-14,97.79,2022,7,3,-0.6499999999999915,-0.6603006907760944,111.17166666666667,July
2022-07-15,99.59,2022,7,3,1.7999999999999972,1.84067900603333,110.64933333333333,July
2022-07-18,104.48,2022,7,3,4.890000000000001,4.910131539311169,110.236,July
2022-07-19,106.12,2022,7,3,1.6400000000000006,1.5696784073506942,109.80766666666666,July
2022-07-20,104.45,2022,7,3,-1.6700000000000017,-1.5736901620806654,109.34233333333333,July
2022-07-21,98.44,2022,7,3,-6.010000000000005,-5.753949258018198,108.63866666666667,July
2022-07-22,97.71,2022,7,3,-0.730000000000004,-0.7415684681024048,107.83099999999999,July
2022-07-25,99.83,2022,7,3,2.1200000000000045,2.169685804932975,107.10799999999999,July
2022-07-26,97.74,2022,7,3,-2.0900000000000034,-2.0935590503856627,106.34166666666667,July
2022-07-27,100.03,2022,7,3,2.2900000000000063,2.342950685492129,105.64533333333334,July
2022-07-28,99.11,2022,7,3,-0.9200000000000017,-0.919724082775164,104.985,July
2022-07-29,101.31,2022,7,3,2.200000000000003,2.219755826859049,104.518,July
2022-08-01,96.59,2022,8,3,-4.719999999999999,-4.658967525417035,103.819,August
2022-08-02,97.14,2022,8,3,0.5499999999999972,0.5694171239258639,103.405,August
2022-08-03,93.25,2022,8,3,-3.8900000000000006,-4.004529544986612,102.83033333333333,August
2022-08-04,91.29,2022,8,3,-1.9599999999999937,-2.1018766756032092,102.33266666666667,August
2022-08-05,91.77,2022,8,3,0.47999999999998977,0.5257969109431437,101.86666666666666,August
2022-08-08,93.52,2022,8,3,1.75,1.9069412662090057,101.34833333333333,August
2022-08-09,93.18,2022,8,3,-0.3399999999999892,-0.36355859709151783,100.73966666666665,August
2022-08-10,94.68,2022,8,3,1.5,1.6097875080489432,100.107,August
2022-08-11,97.02,2022,8,3,2.339999999999989,2.4714828897338226,99.61933333333333,August
2022-08-12,94.86,2022,8,3,-2.1599999999999966,-2.226345083487935,99.18933333333334,August
2022-08-15,92.24,2022,8,3,-2.6200000000000045,-2.7619650010541896,98.58733333333333,August
2022-08-16,89.23,2022,8,3,-3.009999999999991,-3.2632263660017258,98.17666666666668,August
2022-08-17,90.85,2022,8,3,1.6199999999999903,1.8155328925249181,97.86133333333332,August
2022-08-18,93.2,2022,8,3,2.3500000000000085,2.5866813428728763,97.48066666666666,August
2022-08-19,93.55,2022,8,3,0.3499999999999943,0.375536480686689,97.03966666666666,August
2022-08-22,93.42,2022,8,3,-0.12999999999999545,-0.13896312132548605,96.61733333333333,August
2022-08-23,96.46,2022,8,3,3.039999999999992,3.2541211731963005,96.57633333333334,August
2022-08-24,95.52,2022,8,3,-0.9399999999999977,-0.9744972009122943,96.479,August
2022-08-25,93.33,2022,8,3,-2.1899999999999977,-2.2927135678391886,96.33033333333333,August
2022-08-26,93.63,2022,8,3,0.29999999999999716,0.32144005143039944,96.13166666666666,August
2022-08-29,97.4,2022,8,3,3.7700000000000102,4.026487236996701,95.89566666666668,August
2022-08-30,92.08,2022,8,3,-5.320000000000007,-5.4620123203285464,95.42766666666667,August
2022-08-31,90.09,2022,8,3,-1.9899999999999949,-2.16116420503909,94.94900000000001,August
2022-09-01,87.09,2022,9,3,-3.0,-3.3300033300033283,94.57066666666667,September
2022-09-02,87.29,2022,9,3,0.20000000000000284,0.22964749110117033,94.22333333333333,September
2022-09-06,87.35,2022,9,3,0.05999999999998806,0.06873639592162029,93.80733333333335,September
2022-09-07,82.5,2022,9,3,-4.849999999999994,-5.552375500858608,93.29933333333334,September
2022-09-08,84.04,2022,9,3,1.5400000000000063,1.8666666666666831,92.76633333333334,September
2022-09-09,87.27,2022,9,3,3.2299999999999898,3.843407900999507,92.37166666666667,September
2022-09-12,88.18,2022,9,3,0.9100000000000108,1.0427409189870618,91.934,September
2022-09-13,87.84,2022,9,3,-0.3400000000000034,-0.3855749603084657,91.64233333333333,September
2022-09-14,88.88,2022,9,3,1.039999999999992,1.1839708561020013,91.36699999999999,September
2022-09-15,85.72,2022,9,3,-3.1599999999999966,-3.5553555355535504,91.116,September
2022-09-16,85.57,2022,9,3,-0.15000000000000568,-0.1749883341110703,90.92533333333334,September
2022-09-19,86.15,2022,9,3,0.5800000000000125,0.6778076428655133,90.738,September
2022-09-20,84.69,2022,9,3,-1.460000000000008,-1.6947185142193955,90.44366666666666,September
2022-09-21,83.38,2022,9,3,-1.3100000000000023,-1.5468178061164295,90.117,September
2022-09-22,84.02,2022,9,3,0.6400000000000006,0.7675701607100072,89.76166666666667,September
2022-09-23,79.07,2022,9,3,-4.950000000000003,-5.891454415615338,89.16333333333334,September
2022-09-26,77.17,2022,9,3,-1.8999999999999915,-2.4029341090173184,88.57366666666665,September
2022-09-27,78.91,2022,9,3,1.7399999999999949,2.254762213295325,88.12933333333334,September
2022-09-28,82.61,2022,9,3,3.700000000000003,4.688886072741094,87.90866666666668,September
2022-09-29,81.78,2022,9,3,-0.8299999999999983,-1.0047209780898125,87.60633333333334,September
2022-09-30,79.91,2022,9,3,-1.8700000000000045,-2.286622646123748,87.16333333333333,September
2022-10-03,84.05,2022,10,4,4.140000000000001,5.180828431985995,86.84666666666666,October
2022-10-04,86.87,2022,10,4,2.8200000000000074,3.3551457465794243,86.62833333333333,October
2022-10-05,88.22,2022,10,4,1.3499999999999943,1.5540462760446516,86.35366666666667,October
2022-10-06,88.9,2022,10,4,0.6800000000000068,0.7708002720471674,86.133,October
2022-10-07,93.07,2022,10,4,4.1699999999999875,4.690663667041606,86.12433333333334,October
2022-10-10,91.6,2022,10,4,-1.4699999999999989,-1.5794563231975922,86.05666666666666,October
2022-10-11,89.75,2022,10,4,-1.8499999999999943,-2.019650655021832,85.80166666666666,October
2022-10-12,87.83,2022,10,4,-1.9200000000000017,-2.1392757660167128,85.66,October
2022-10-13,89.59,2022,10,4,1.7600000000000051,2.0038711146533217,85.64333333333333,October
2022-10-14,86.1,2022,10,4,-3.490000000000009,-3.895524054023891,85.61033333333333,October
2022-10-17,86.0,2022,10,4,-0.09999999999999432,-0.11614401858303092,85.56733333333334,October
2022-10-18,83.29,2022,10,4,-2.7099999999999937,-3.1511627906976702,85.43199999999999,October
2022-10-19,86.0,2022,10,4,2.7099999999999937,3.253691919798296,85.54866666666665,October
2022-10-20,86.02,2022,10,4,0.01999999999999602,0.023255813953482196,85.61466666666665,October
2022-10-21,85.47,2022,10,4,-0.5499999999999972,-0.6393861892583064,85.55466666666666,October
2022-10-24,86.12,2022,10,4,0.6500000000000057,0.7605007605007597,85.486,October
2022-10-25,86.93,2022,10,4,0.8100000000000023,0.9405480724570481,85.45566666666667,October
2022-10-26,89.39,2022,10,4,2.4599999999999937,2.8298631082479986,85.47266666666668,October
2022-10-27,89.06,2022,10,4,-0.3299999999999983,-0.3691688108289459,85.584,October
2022-10-28,87.85,2022,10,4,-1.210000000000008,-1.3586346283404493,85.66,October
2022-10-31,86.54,2022,10,4,-1.309999999999988,-1.4911781445645866,85.673,October
2022-11-01,88.36,2022,11,4,1.8199999999999932,2.103073723133808,85.79533333333333,November
2022-11-02,90.06,2022,11,4,1.7000000000000028,1.9239474875509366,86.018,November
2022-11-03,88.14,2022,11,4,-1.9200000000000017,-2.131912058627583,86.15533333333333,November
2022-11-04,92.58,2022,11,4,4.439999999999998,5.037440435670515,86.60566666666665,November
2022-11-07,91.8,2022,11,4,-0.7800000000000011,-0.8425145819831559,87.09333333333333,November
2022-11-08,88.8,2022,11,4,-3.0,-3.26797385620915,87.423,November
2022-11-09,85.79,2022,11,4,-3.009999999999991,-3.38963963963963,87.529,November
2022-11-10,86.52,2022,11,4,0.7299999999999898,0.850915025061183,87.687,November
2022-11-11,89.14,2022,11,4,2.6200000000000045,3.0282015718908983,87.99466666666667,November
2022-11-14,85.85,2022,11,4,-3.2900000000000063,-3.690823423827694,88.05466666666666,November
2022-11-15,86.87,2022,11,4,1.0200000000000102,1.1881188118811892,88.05466666666668,November
2022-11-16,85.62,2022,11,4,-1.25,-1.4389317370783972,87.968,November
2022-11-17,81.69,2022,11,4,-3.930000000000007,-4.590049053959366,87.72766666666668,November
2022-11-18,80.07,2022,11,4,-1.6200000000000045,-1.9831068674256436,87.29433333333333,November
2022-11-21,79.74,2022,11,4,-0.3299999999999983,-0.4121393780442073,86.89900000000002,November
2022-11-22,80.83,2022,11,4,1.0900000000000034,1.3669425633308308,86.60166666666667,November
2022-11-23,77.93,2022,11,4,-2.8999999999999915,-3.587776815538779,86.27166666666668,November
2022-11-25,76.45,2022,11,4,-1.480000000000004,-1.899140254074172,85.83366666666667,November
2022-11-28,77.1,2022,11,4,0.6499999999999915,0.8502289077828573,85.53366666666668,November
2022-11-29,77.96,2022,11,4,0.8599999999999994,1.1154345006485045,85.26566666666668,November
2022-11-30,80.48,2022,11,4,2.5200000000000102,3.2324268855823624,85.17200000000001,November
2022-12-01,81.06,2022,12,4,0.5799999999999983,0.7206759443340038,85.00733333333334,December
2022-12-02,79.86,2022,12,4,-1.2000000000000028,-1.4803849000740277,84.802,December
2022-12-05,76.83,2022,12,4,-3.030000000000001,-3.794139744552971,84.514,December
2022-12-06,74.21,2022,12,4,-2.6200000000000045,-3.410126252765855,84.117,December
2022-12-07,71.93,2022,12,4,-2.279999999999987,-3.072362215334845,83.61699999999999,December
2022-12-08,71.3,2022,12,4,-0.6300000000000097,-0.8758515223133756,83.014,December
2022-12-09,71.05,2022,12,4,-0.25,-0.3506311360448766,82.41366666666666,December
2022-12-12,72.96,2022,12,4,1.9099999999999966,2.6882477128782556,81.91733333333333,December
2022-12-13,75.44,2022,12,4,2.480000000000004,3.3991228070175517,81.54733333333334,December
2022-12-14,77.14,2022,12,4,1.7000000000000028,2.2534464475079563,81.17333333333333,December
2022-12-15,75.89,2022,12,4,-1.25,-1.6204303863106007,80.70100000000001,December
2022-12-16,74.19,2022,12,4,-1.7000000000000028,-2.240084332586645,80.236,December
2022-12-19,75.05,2022,12,4,0.8599999999999994,1.159185874107016,79.65166666666667,December
2022-12-20,75.92,2022,12,4,0.8700000000000045,1.1592271818787525,79.12233333333333,December
2022-12-21,78.17,2022,12,4,2.25,2.9636459430979922,78.768,December
2022-12-22,77.68,2022,12,4,-0.4899999999999949,-0.6268389407701136,78.49766666666666,December
2022-12-23,79.57,2022,12,4,1.8899999999999864,2.4330587023686734,78.266,December
2022-12-27,79.45,2022,12,4,-0.11999999999999034,-0.15081060701268578,77.943,December
2022-12-28,78.89,2022,12,4,-0.5600000000000023,-0.7048458149779724,77.711,December
2022-12-29,78.43,2022,12,4,-0.45999999999999375,-0.5830903790087438,77.42966666666668,December
2022-12-30,80.16,2022,12,4,1.7299999999999898,2.205788601300518,77.24766666666666,December
2023-01-03,76.87,2023,1,1,-3.289999999999992,-4.104291417165662,77.08699999999999,January
2023-01-04,72.82,2023,1,1,-4.050000000000011,-5.268635358397312,76.84533333333334,January
2023-01-05,73.61,2023,1,1,0.7900000000000063,1.084866794836592,76.641,January
2023-01-06,73.77,2023,1,1,0.1599999999999966,0.2173617714984255,76.40566666666668,January
2023-01-09,74.69,2023,1,1,0.9200000000000017,1.247119425240606,76.29766666666667,January
2023-01-10,75.11,2023,1,1,0.4200000000000017,0.5623242736644718,76.25299999999999,January
2023-01-11,77.46,2023,1,1,2.3499999999999943,3.128744508054848,76.265,January
2023-01-12,78.32,2023,1,1,0.8599999999999994,1.1102504518461176,76.277,January
2023-01-13,79.9,2023,1,1,1.5800000000000125,2.0173646578141025,76.25766666666667,January
2023-01-17,80.25,2023,1,1,0.3499999999999943,0.43804755944929497,76.23066666666666,January
2023-01-18,79.53,2023,1,1,-0.7199999999999989,-0.8971962616822426,76.21966666666665,January
2023-01-19,80.31,2023,1,1,0.7800000000000011,0.9807619766126097,76.33566666666665,January
2023-01-20,81.27,2023,1,1,0.9599999999999937,1.1953679491968572,76.57099999999998,January
2023-01-23,81.62,2023,1,1,0.3500000000000085,0.4306632213609163,76.894,January
2023-01-24,79.86,2023,1,1,-1.7600000000000051,-2.156334231805934,77.17933333333332,January
2023-01-25,79.78,2023,1,1,-0.0799999999999983,-0.10017530678687603,77.47033333333334,January
2023-01-26,80.64,2023,1,1,0.8599999999999994,1.077964402105791,77.72633333333333,January
2023-01-27,79.73,2023,1,1,-0.9099999999999966,-1.128472222222221,77.86933333333333,January
2023-01-30,77.97,2023,1,1,-1.7600000000000051,-2.2074501442368,77.897,January
2023-01-31,78.95,2023,1,1,0.980000000000004,1.2568936770552819,77.999,January
2023-02-01,76.34,2023,2,1,-2.6099999999999994,-3.305889803673212,78.07066666666668,February
2023-02-02,75.87,2023,2,1,-0.46999999999999886,-0.6156667539952809,78.098,February
2023-02-03,73.4,2023,2,1,-2.469999999999999,-3.255568735995784,78.014,February
2023-02-06,74.11,2023,2,1,0.7099999999999937,0.9673024523160656,77.87866666666666,February
2023-02-07,77.17,2023,2,1,3.0600000000000023,4.12899743624342,77.86166666666666,February
2023-02-08,78.47,2023,2,1,1.2999999999999972,1.6845924582091554,77.825,February
2023-02-09,78.04,2023,2,1,-0.4299999999999926,-0.5479801197909917,77.778,February
2023-02-10,79.74,2023,2,1,1.6999999999999886,2.1783700666324846,77.80633333333334,February
2023-02-13,80.14,2023,2,1,0.4000000000000057,0.5016302984700349,77.86333333333333,February
2023-02-14,79.08,2023,2,1,-1.0600000000000023,-1.322685300723736,77.82733333333334,February
2023-02-15,78.57,2023,2,1,-0.5100000000000051,-0.6449165402124479,77.884,February
2023-02-16,78.45,2023,2,1,-0.11999999999999034,-0.1527300496372508,78.07166666666667,February
2023-02-17,76.31,2023,2,1,-2.1400000000000006,-2.727852135117914,78.16166666666666,February
2023-02-21,76.28,2023,2,1,-0.030000000000001137,-0.03931332721792691,78.24533333333332,February
2023-02-22,73.95,2023,2,1,-2.3299999999999983,-3.054535920293655,78.22066666666666,February
2023-02-23,75.26,2023,2,1,1.3100000000000023,1.7714672075726856,78.22566666666667,February
2023-02-24,76.19,2023,2,1,0.9299999999999926,1.2357161838958186,78.18333333333334,February
2023-02-27,75.57,2023,2,1,-0.6200000000000045,-0.8137550859692921,78.09166666666667,February
2023-02-28,76.88,2023,2,1,1.3100000000000023,1.7334921265052206,77.991,February
2023-03-01,77.57,2023,3,1,0.6899999999999977,0.8975026014568233,77.90166666666666,March
2023-03-02,78.05,2023,3,1,0.480000000000004,0.6187959262601517,77.85233333333333,March
2023-03-03,79.62,2023,3,1,1.5700000000000074,2.011531069827033,77.82933333333334,March
2023-03-06,80.39,2023,3,1,0.769999999999996,0.9670936950514797,77.8,March
2023-03-07,77.45,2023,3,1,-2.9399999999999977,-3.657171289961436,77.661,March
2023-03-08,76.56,2023,3,1,-0.8900000000000006,-1.1491284699806315,77.551,March
2023-03-09,75.6,2023,3,1,-0.960000000000008,-1.2539184952978122,77.41166666666666,March
2023-03-10,76.55,2023,3,1,0.9500000000000028,1.256613756613767,77.27533333333334,March
2023-03-13,74.68,2023,3,1,-1.8699999999999903,-2.4428478118876384,77.107,March
2023-03-14,71.18,2023,3,1,-3.5,-4.686663095875732,76.88066666666666,March
2023-03-15,67.38,2023,3,1,-3.8000000000000114,-5.338578252318083,76.49499999999999,March
2023-03-16,68.15,2023,3,1,0.7700000000000102,1.1427723360047715,76.222,March
2023-03-17,66.61,2023,3,1,-1.5400000000000063,-2.259721203228182,75.91333333333334,March
2023-03-20,67.56,2023,3,1,0.9500000000000028,1.426212280438377,75.71866666666666,March
2023-03-21,69.4,2023,3,1,1.8400000000000034,2.7235050325636445,75.56166666666668,March
2023-03-22,70.71,2023,3,1,1.309999999999988,1.8876080691642372,75.34633333333335,March
2023-03-23,69.77,2023,3,1,-0.9399999999999977,-1.329373497383679,75.05633333333334,March
2023-03-24,69.22,2023,3,1,-0.5499999999999972,-0.7883044288376051,74.76233333333333,March
2023-03-27,72.87,2023,3,1,3.6500000000000057,5.273042473273626,74.53333333333333,March
2023-03-28,73.12,2023,3,1,0.25,0.34307671195279443,74.29933333333334,March
2023-03-29,72.95,2023,3,1,-0.1700000000000017,-0.23249452954048344,74.095,March
2023-03-30,74.32,2023,3,1,1.3699999999999903,1.8779986291980633,73.95333333333335,March
2023-03-31,75.68,2023,3,1,1.3600000000000136,1.829924650161474,73.861,March
2023-04-03,80.4,2023,4,2,4.719999999999999,6.236786469344602,73.99733333333333,April
2023-04-04,80.7,2023,4,2,0.29999999999999716,0.3731343283582156,74.14466666666667,April
2023-04-05,80.69,2023,4,2,-0.010000000000005116,-0.012391573729875205,74.36933333333333,April
2023-04-06,80.7,2023,4,2,0.010000000000005116,0.01239310943115246,74.55066666666667,April
2023-04-10,79.79,2023,4,2,-0.9099999999999966,-1.127633209417589,74.67066666666668,April
2023-04-11,81.54,2023,4,2,1.75,2.193257300413576,74.86966666666667,April
2023-04-12,83.26,2023,4,2,1.7199999999999989,2.1093941623743007,75.08233333333332,April
2023-04-13,82.16,2023,4,2,-1.1000000000000085,-1.3211626231083407,75.23533333333333,April
2023-04-14,82.58,2023,4,2,0.4200000000000017,0.5111976630963966,75.38633333333334,April
2023-04-17,80.93,2023,4,2,-1.6499999999999915,-1.99806248486315,75.43,April
2023-04-18,80.85,2023,4,2,-0.0800000000000125,-0.0988508587668524,75.44533333333334,April
2023-04-19,79.18,2023,4,2,-1.6699999999999875,-2.0655534941249054,75.503,April
2023-04-20,77.27,2023,4,2,-1.9100000000000108,-2.4122253094215895,75.52666666666667,April
2023-04-21,77.86,2023,4,2,0.5900000000000034,0.7635563608127338,75.602,April
2023-04-24,78.64,2023,4,2,0.7800000000000011,1.001798099152329,75.67166666666667,April
2023-04-25,77.05,2023,4,2,-1.5900000000000034,-2.021871820956256,75.75066666666666,April
2023-04-26,74.33,2023,4,2,-2.719999999999999,-3.530175210902009,75.85566666666666,April
2023-04-27,74.77,2023,4,2,0.4399999999999977,0.5919547961791949,76.102,April
2023-04-28,76.78,2023,4,2,2.010000000000005,2.688243948107538,76.38966666666667,April
2023-05-01,75.65,2023,5,2,-1.1299999999999955,-1.4717374316228105,76.691,May
2023-05-02,71.71,2023,5,2,-3.940000000000012,-5.2081956378057015,76.82933333333334,May
2023-05-03,68.62,2023,5,2,-3.089999999999989,-4.309022451540912,76.80333333333333,May
2023-05-04,68.52,2023,5,2,-0.10000000000000853,-0.14573010784029172,76.73033333333333,May
2023-05-05,71.32,2023,5,2,2.799999999999997,4.086398131932278,76.782,May
2023-05-08,73.13,2023,5,2,1.8100000000000023,2.537857543466071,76.91233333333334,May
2023-05-09,73.68,2023,5,2,0.5500000000000114,0.7520853274989969,76.93933333333334,May
2023-05-10,72.53,2023,5,2,-1.1500000000000057,-1.5608034744842625,76.91966666666666,May
2023-05-11,70.81,2023,5,2,-1.7199999999999989,-2.371432510685234,76.84833333333333,May
2023-05-12,70.02,2023,5,2,-0.7900000000000063,-1.115661629713327,76.70499999999998,May
2023-05-15,71.07,2023,5,2,1.0499999999999972,1.4995715509854346,76.55133333333333,May
2023-05-16,70.85,2023,5,2,-0.21999999999999886,-0.30955396088363507,76.23299999999999,May
2023-05-17,72.78,2023,5,2,1.9300000000000068,2.724064925899805,75.96900000000001,May
2023-05-18,71.82,2023,5,2,-0.960000000000008,-1.3190436933223526,75.67333333333333,May
2023-05-19,71.57,2023,5,2,-0.25,-0.34809245335560846,75.369,May
2023-05-22,71.81,2023,5,2,0.2400000000000091,0.33533603465141226,75.103,May
2023-05-23,72.87,2023,5,2,1.0600000000000023,1.476117532377108,74.814,May
2023-05-24,74.37,2023,5,2,1.5,2.0584602717167666,74.51766666666667,May
2023-05-25,71.68,2023,5,2,-2.6899999999999977,-3.6170498857066025,74.16833333333334,May
2023-05-26,72.35,2023,5,2,0.6699999999999875,0.9347098214285587,73.82733333333333,May
2023-05-30,69.45,2023,5,2,-2.8999999999999915,-4.008293020041453,73.44466666666668,May
2023-05-31,68.11,2023,5,2,-1.3400000000000034,-1.9294456443484598,73.02,May
2023-06-01,70.09,2023,6,2,1.980000000000004,2.9070621054177126,72.717,June
2023-06-02,71.76,2023,6,2,1.6700000000000017,2.382650877443293,72.53333333333333,June
2023-06-05,72.14,2023,6,2,0.37999999999999545,0.5295429208472591,72.34266666666667,June
2023-06-06,71.71,2023,6,2,-0.4300000000000068,-0.5960632104241803,72.11166666666666,June
2023-06-07,72.52,2023,6,2,0.8100000000000023,1.12954957467577,71.96066666666667,June
2023-06-08,71.28,2023,6,2,-1.2399999999999949,-1.709873138444562,71.859,June
2023-06-09,70.16,2023,6,2,-1.1200000000000045,-1.5712682379349086,71.70533333333334,June
2023-06-12,67.08,2023,6,2,-3.0799999999999983,-4.389965792474337,71.382,June
2023-06-13,69.39,2023,6,2,2.3100000000000023,3.4436493738819296,71.17333333333333,June
2023-06-14,68.22,2023,6,2,-1.1700000000000017,-1.6861219195849597,71.057,June
2023-06-15,70.61,2023,6,2,2.3900000000000006,3.503371445323955,71.12333333333332,June
2023-06-16,71.81,2023,6,2,1.2000000000000028,1.699475994901567,71.23299999999999,June
2023-06-20,70.94,2023,6,2,-0.8700000000000045,-1.2115304275170602,71.22033333333333,June
2023-06-21,72.55,2023,6,2,1.6099999999999994,2.2695235410205905,71.20100000000001,June
2023-06-22,69.22,2023,6,2,-3.3299999999999983,-4.589937973811164,71.05233333333332,June
2023-06-23,68.91,2023,6,2,-0.3100000000000023,-0.4478474429355672,70.93166666666667,June
2023-06-26,69.09,2023,6,2,0.18000000000000682,0.2612102742707956,70.87433333333334,June
2023-06-27,67.68,2023,6,2,-1.4099999999999966,-2.0408163265306034,70.79633333333335,June
2023-06-28,69.54,2023,6,2,1.8599999999999994,2.7482269503546153,70.74533333333333,June
2023-06-29,69.85,2023,6,2,0.30999999999998806,0.44578659764162865,70.712,June
2023-06-30,70.66,2023,6,2,0.8100000000000023,1.1596277738010086,70.64133333333332,June
2023-07-03,69.71,2023,7,3,-0.9500000000000028,-1.3444664590999245,70.571,July
2023-07-05,71.78,2023,7,3,2.0700000000000074,2.9694448429206766,70.578,July
2023-07-06,71.76,2023,7,3,-0.01999999999999602,-0.027862914460852206,70.57633333333334,July
2023-07-07,73.91,2023,7,3,2.1499999999999915,2.996098104793754,70.611,July
2023-07-10,73.05,2023,7,3,-0.8599999999999994,-1.163577323772158,70.56700000000001,July
2023-07-11,74.87,2023,7,3,1.8200000000000074,2.4914442162902173,70.67333333333333,July
2023-07-12,75.77,2023,7,3,0.8999999999999915,1.2020836115934186,70.78733333333334,July
2023-07-13,76.86,2023,7,3,1.0900000000000034,1.438564075491633,71.03433333333332,July
2023-07-14,75.44,2023,7,3,-1.4200000000000017,-1.847514962269059,71.27866666666667,July
2023-07-17,74.17,2023,7,3,-1.269999999999996,-1.683457051961823,71.41466666666666,July
2023-07-18,75.76,2023,7,3,1.5900000000000034,2.1437238775785294,71.54799999999999,July
2023-07-19,75.4,2023,7,3,-0.35999999999999943,-0.47518479408659164,71.65666666666667,July
2023-07-20,75.65,2023,7,3,0.25,0.3315649867374093,71.788,July
2023-07-21,77.06,2023,7,3,1.4099999999999966,1.8638466622604044,71.93933333333332,July
2023-07-24,78.81,2023,7,3,1.75,2.270957695302367,72.19033333333333,July
2023-07-25,79.76,2023,7,3,0.9500000000000028,1.2054307828955668,72.51033333333334,July
2023-07-26,79.11,2023,7,3,-0.6500000000000057,-0.8149448345035171,72.91133333333333,July
2023-07-27,80.17,2023,7,3,1.0600000000000023,1.339906459360396,73.27066666666666,July
2023-07-28,80.55,2023,7,3,0.37999999999999545,0.4739927653735654,73.68166666666666,July
2023-07-31,81.8,2023,7,3,1.25,1.5518311607697122,74.05466666666668,July
2023-08-01,81.37,2023,8,3,-0.4299999999999926,-0.5256723716381306,74.37333333333335,August
2023-08-02,79.5,2023,8,3,-1.8700000000000045,-2.298144279218395,74.65866666666668,August
2023-08-03,81.56,2023,8,3,2.0600000000000023,2.5911949685534674,74.959,August
2023-08-04,82.76,2023,8,3,1.2000000000000028,1.471309465424242,75.41033333333333,August
2023-08-07,81.94,2023,8,3,-0.8200000000000074,-0.9908168197196754,75.84466666666665,August
2023-08-08,82.94,2023,8,3,1.0,1.2204051745179356,76.30633333333334,August
2023-08-09,84.35,2023,8,3,1.4099999999999966,1.7000241138172223,76.862,August
2023-08-10,82.81,2023,8,3,-1.539999999999992,-1.8257261410788317,77.30433333333333,August
2023-08-11,83.17,2023,8,3,0.35999999999999943,0.4347301050597663,77.74833333333332,August
2023-08-14,82.5,2023,8,3,-0.6700000000000017,-0.8055789347120368,78.143,August
2023-08-15,81.06,2023,8,3,-1.4399999999999977,-1.745454545454539,78.52133333333335,August
2023-08-16,79.4,2023,8,3,-1.6599999999999966,-2.04786577843572,78.77533333333332,August
2023-08-17,80.43,2023,8,3,1.0300000000000011,1.2972292191435697,79.06433333333334,August
2023-08-18,81.25,2023,8,3,0.8199999999999932,1.0195200795722892,79.309,August
2023-08-21,80.71,2023,8,3,-0.5400000000000063,-0.6646153846153968,79.56433333333334,August
2023-08-22,80.25,2023,8,3,-0.45999999999999375,-0.5699417668194706,79.74366666666668,August
2023-08-23,78.91,2023,8,3,-1.3400000000000034,-1.669781931464176,79.84833333333334,August
2023-08-24,79.52,2023,8,3,0.6099999999999994,0.7730325687492101,79.937,August
2023-08-25,80.47,2023,8,3,0.9500000000000028,1.194668008048283,80.10466666666666,August
2023-08-28,80.65,2023,8,3,0.18000000000000682,0.22368584565677363,80.32066666666667,August
2023-08-29,81.14,2023,8,3,0.4899999999999949,0.6075635461872286,80.5,August
2023-08-30,81.64,2023,8,3,0.5,0.6162188809465174,80.70800000000001,August
2023-08-31,83.55,2023,8,3,1.9099999999999966,2.339539441450267,80.97133333333333,August
2023-09-01,85.52,2023,9,3,1.9699999999999989,2.3578695391980764,81.25333333333333,September
2023-09-05,86.74,2023,9,3,1.2199999999999989,1.4265668849391844,81.51766666666667,September
2023-09-06,87.55,2023,9,3,0.8100000000000023,0.9338252248097811,81.77733333333332,September
2023-09-07,86.87,2023,9,3,-0.6799999999999926,-0.7766990291262044,82.036,September
2023-09-08,87.51,2023,9,3,0.6400000000000006,0.7367330493841306,82.28066666666668,September
2023-09-11,87.3,2023,9,3,-0.21000000000000796,-0.23997257456291887,82.50566666666667,September
2023-09-12,88.87,2023,9,3,1.5700000000000074,1.7983963344788245,82.74133333333333,September
2023-09-13,88.59,2023,9,3,-0.28000000000000114,-0.31506695172723864,82.982,September
2023-09-14,90.13,2023,9,3,1.539999999999992,1.7383451856868737,83.33633333333334,September
2023-09-15,90.83,2023,9,3,0.7000000000000028,0.7766559414179586,83.64533333333334,September
2023-09-18,91.47,2023,9,3,0.6400000000000006,0.7046130133215867,83.93566666666668,September
2023-09-19,91.16,2023,9,3,-0.3100000000000023,-0.3389089318902361,84.243,September
2023-09-20,89.2,2023,9,3,-1.9599999999999937,-2.1500658183413734,84.45166666666667,September
2023-09-21,89.56,2023,9,3,0.35999999999999943,0.40358744394619617,84.62533333333334,September
2023-09-22,90.0,2023,9,3,0.4399999999999977,0.4912907548012546,84.865,September
2023-09-25,89.68,2023,9,3,-0.3199999999999932,-0.3555555555555534,85.08200000000001,September
2023-09-26,91.43,2023,9,3,1.75,1.951382694023196,85.37966666666668,September
2023-09-27,93.67,2023,9,3,2.239999999999995,2.449961719348126,85.8,September
2023-09-28,91.65,2023,9,3,-2.019999999999996,-2.1565068858759417,86.20833333333333,September
2023-09-29,90.77,2023,9,3,-0.8800000000000097,-0.9601745771958603,86.55299999999998,September
2023-10-02,88.81,2023,10,4,-1.9599999999999937,-2.159303734714102,86.80499999999999,October
2023-10-03,89.26,2023,10,4,0.45000000000000284,0.5066996959801839,87.08999999999999,October
2023-10-04,84.32,2023,10,4,-4.940000000000012,-5.534393905444778,87.22566666666667,October
2023-10-05,82.3,2023,10,4,-2.019999999999996,-2.3956356736242856,87.33866666666667,October
2023-10-06,82.83,2023,10,4,0.5300000000000011,0.6439854191980565,87.449,October
2023-10-10,85.89,2023,10,4,3.0600000000000023,3.6943136544730137,87.62966666666668,October
2023-10-11,83.7,2023,10,4,-2.1899999999999977,-2.5497729654208823,87.73133333333334,October
2023-10-12,82.87,2023,10,4,-0.8299999999999983,-0.9916367980884133,87.789,October
2023-10-13,87.67,2023,10,4,4.799999999999997,5.792204657897915,87.99,October
2023-10-16,86.65,2023,10,4,-1.019999999999996,-1.1634538610699185,88.09333333333333,October
2023-10-17,86.66,2023,10,4,0.009999999999990905,0.011540680900168354,88.13133333333333,October
2023-10-18,88.35,2023,10,4,1.6899999999999977,1.9501500115393533,88.185,October
2023-10-19,89.35,2023,10,4,1.0,1.1318619128466434,88.24500000000002,October
2023-10-20,89.12,2023,10,4,-0.22999999999998977,-0.2574146614437445,88.32,October
2023-10-23,85.49,2023,10,4,-3.6300000000000097,-4.073159784560154,88.25266666666667,October
2023-10-24,84.58,2023,10,4,-0.9099999999999966,-1.0644519826880305,88.162,October
2023-10-25,86.07,2023,10,4,1.4899999999999949,1.7616457791439943,88.06866666666666,October
2023-10-26,83.8,2023,10,4,-2.269999999999996,-2.6373881724177983,87.909,October
2023-10-27,86.04,2023,10,4,2.240000000000009,2.6730310262530033,87.77266666666668,October
2023-10-30,83.03,2023,10,4,-3.010000000000005,-3.4983728498372946,87.51266666666666,October
2023-10-31,81.64,2023,10,4,-1.3900000000000006,-1.6740937010718993,87.185,October
2023-11-01,81.05,2023,11,4,-0.5900000000000034,-0.7226849583537476,86.848,November
2023-11-02,83.04,2023,11,4,1.990000000000009,2.455274521900064,86.64266666666666,November
2023-11-03,81.19,2023,11,4,-1.8500000000000085,-2.227842003853575,86.36366666666666,November
2023-11-06,81.54,2023,11,4,0.3500000000000085,0.43108757236114403,86.08166666666666,November
2023-11-07,77.96,2023,11,4,-3.5800000000000125,-4.390483198430228,85.691,November
2023-11-08,75.85,2023,11,4,-2.1099999999999994,-2.7065161621344314,85.17166666666665,November
2023-11-09,76.34,2023,11,4,0.4900000000000091,0.6460118655240654,84.594,November
2023-11-13,78.86,2023,11,4,2.519999999999996,3.301021744825783,84.16766666666668,November
2023-11-14,78.9,2023,11,4,0.04000000000000625,0.050722799898572646,83.772,November
2023-11-15,77.15,2023,11,4,-1.75,-2.217997465145749,83.38333333333334,November
2023-11-16,73.5,2023,11,4,-3.6500000000000057,-4.73104342190539,82.85799999999999,November
2023-11-17,76.47,2023,11,4,2.969999999999999,4.040816326530616,82.59633333333333,November
2023-11-20,78.1,2023,11,4,1.6299999999999955,2.131554858114293,82.45633333333333,November
2023-11-21,78.35,2023,11,4,0.25,0.3201024327784907,82.307,November
2023-11-22,76.8,2023,11,4,-1.5499999999999972,-1.978302488832162,82.00399999999999,November
2023-11-24,74.83,2023,11,4,-1.9699999999999989,-2.565104166666665,81.70833333333333,November
2023-11-27,74.46,2023,11,4,-0.37000000000000455,-0.4944540959508248,81.42800000000001,November
2023-11-28,76.09,2023,11,4,1.6300000000000097,2.1890948160086188,81.042,November
2023-11-29,77.56,2023,11,4,1.4699999999999989,1.931922723091084,80.739,November
2023-11-30,75.66,2023,11,4,-1.9000000000000057,-2.449716348633324,80.37233333333333,November
2023-12-01,73.7,2023,12,4,-1.9599999999999937,-2.5905366111551587,79.88399999999999,December
2023-12-04,72.73,2023,12,4,-0.9699999999999989,-1.31614654002713,79.32999999999998,December
2023-12-05,71.95,2023,12,4,-0.7800000000000011,-1.0724597827581506,78.75766666666667,December
2023-12-06,68.98,2023,12,4,-2.969999999999999,-4.127866574009731,78.20733333333334,December
2023-12-07,69.0,2023,12,4,0.01999999999999602,0.02899391127861861,77.688,December
2023-12-08,70.87,2023,12,4,1.8700000000000045,2.710144927536229,77.18133333333334,December
2023-12-11,70.95,2023,12,4,0.0799999999999983,0.11288274305065737,76.753,December
2023-12-12,68.27,2023,12,4,-2.680000000000007,-3.7773079633544815,76.16066666666667,December
2023-12-13,69.09,2023,12,4,0.8200000000000074,1.2011132268932245,75.696,December
2023-12-14,71.21,2023,12,4,2.1199999999999903,3.068461427124025,75.34833333333333,December
2023-12-15,71.05,2023,12,4,-0.1599999999999966,-0.22468754388428325,75.01500000000001,December
2023-12-18,72.16,2023,12,4,1.1099999999999994,1.5622800844475648,74.65233333333335,December
2023-12-19,73.23,2023,12,4,1.0700000000000074,1.4828159645232875,74.387,December
2023-12-20,73.87,2023,12,4,0.6400000000000006,0.8739587600710141,74.13133333333333,December
2023-12-21,73.59,2023,12,4,-0.28000000000000114,-0.3790442669554639,73.98566666666667,December
2023-12-22,73.29,2023,12,4,-0.29999999999999716,-0.40766408479412375,73.90033333333334,December
2023-12-26,75.84,2023,12,4,2.549999999999997,3.4793286942284007,73.88366666666667,December
2023-12-27,74.31,2023,12,4,-1.5300000000000011,-2.0174050632911444,73.732,December
2023-12-28,72.02,2023,12,4,-2.2900000000000063,-3.0816848338043434,73.50266666666667,December
2023-12-29,71.89,2023,12,4,-0.12999999999999545,-0.18050541516244634,73.32733333333334,December
2024-01-02,70.62,2024,1,1,-1.269999999999996,-1.766587842537204,73.23133333333332,January
2024-01-03,72.97,2024,1,1,2.3499999999999943,3.3276692155196796,73.11466666666666,January
2024-01-04,72.38,2024,1,1,-0.5900000000000034,-0.8085514595039145,72.924,January
2024-01-05,74.0,2024,1,1,1.6200000000000045,2.2381873445703304,72.77900000000001,January
2024-01-08,71.06,2024,1,1,-2.9399999999999977,-3.9729729729729657,72.58766666666666,January
2024-01-09,72.43,2024,1,1,1.3700000000000045,1.9279482127779302,72.50766666666667,January
2024-01-10,71.57,2024,1,1,-0.8600000000000136,-1.1873533066409148,72.41133333333333,January
2024-01-11,72.15,2024,1,1,0.5800000000000125,0.8103954170742167,72.28,January
2024-01-12,72.94,2024,1,1,0.789999999999992,1.094941094941082,72.12599999999999,January
2024-01-16,72.63,2024,1,1,-0.3100000000000023,-0.4250068549492725,72.025,January
2024-01-17,72.79,2024,1,1,0.1600000000000108,0.2202946440864828,71.99466666666667,January
2024-01-18,74.32,2024,1,1,1.529999999999987,2.1019370792691117,72.04766666666667,January
2024-01-19,73.69,2024,1,1,-0.6299999999999955,-0.8476856835306745,72.10566666666666,January
2024-01-22,75.26,2024,1,1,1.5700000000000074,2.1305468856018583,72.315,January
2024-01-23,74.72,2024,1,1,-0.5400000000000063,-0.7175126229072681,72.50566666666667,January
2024-01-24,75.48,2024,1,1,0.7600000000000051,1.0171306209850073,72.65933333333334,January
2024-01-25,77.91,2024,1,1,2.4299999999999926,3.2193958664546773,72.89133333333332,January
2024-01-26,78.45,2024,1,1,0.5400000000000063,0.6931074316519181,73.23066666666665,January
2024-01-29,77.25,2024,1,1,-1.2000000000000028,-1.5296367112810794,73.50266666666667,January
2024-01-30,78.3,2024,1,1,1.0499999999999972,1.3592233009708687,73.739,January
2024-01-31,76.28,2024,1,1,-2.019999999999996,-2.5798212005108456,73.91333333333334,January
2024-02-01,74.36,2024,2,1,-1.9200000000000017,-2.5170424750917686,73.98666666666666,February
2024-02-02,72.72,2024,2,1,-1.6400000000000006,-2.2054868208714384,73.96966666666667,February
2024-02-05,73.21,2024,2,1,0.4899999999999949,0.6738173817381732,73.94766666666668,February
2024-02-06,73.83,2024,2,1,0.6200000000000045,0.8468788416883033,73.95566666666667,February
2024-02-07,74.26,2024,2,1,0.4300000000000068,0.5824190708384247,73.988,February
2024-02-08,76.67,2024,2,1,2.4099999999999966,3.2453541610557357,74.01566666666666,February
2024-02-09,77.26,2024,2,1,0.5900000000000034,0.7695317594887285,74.114,February
2024-02-12,77.34,2024,2,1,0.0799999999999983,0.10354646647683374,74.29133333333333,February
2024-02-13,78.28,2024,2,1,0.9399999999999977,1.2154124644427222,74.50433333333334,February
2024-02-14,77.09,2024,2,1,-1.1899999999999977,-1.5201839550332163,74.72000000000001,February
2024-02-15,78.47,2024,2,1,1.3799999999999955,1.7901154494746274,74.90333333333334,February
2024-02-16,79.65,2024,2,1,1.1800000000000068,1.5037593984962516,75.14566666666666,February
2024-02-20,78.72,2024,2,1,-0.9300000000000068,-1.167608286252364,75.30299999999998,February
2024-02-21,78.89,2024,2,1,0.1700000000000017,0.21595528455284896,75.56400000000001,February
2024-02-22,79.64,2024,2,1,0.75,0.9506908353403398,75.80433333333333,February
2024-02-23,77.6,2024,2,1,-2.0400000000000063,-2.5615268709191397,76.00533333333333,February
2024-02-26,78.53,2024,2,1,0.9300000000000068,1.1984536082474406,76.218,February
2024-02-27,79.8,2024,2,1,1.269999999999996,1.617216350439321,76.44666666666667,February
2024-02-28,79.44,2024,2,1,-0.35999999999999943,-0.4511278195488688,76.67366666666666,February
2024-02-29,79.22,2024,2,1,-0.21999999999999886,-0.2769385699899263,76.888,February
2024-03-01,80.9,2024,3,1,1.6800000000000068,2.1206765968190044,77.10733333333333,March
2024-03-04,79.67,2024,3,1,-1.230000000000004,-1.520395550061815,77.30666666666666,March
2024-03-05,79.11,2024,3,1,-0.5600000000000023,-0.7028994602736316,77.435,March
2024-03-06,80.08,2024,3,1,0.9699999999999989,1.2261408165844978,77.61366666666666,March
2024-03-07,79.81,2024,3,1,-0.269999999999996,-0.3371628371628299,77.758,March
2024-03-08,78.96,2024,3,1,-0.8500000000000085,-1.06502944493172,77.79299999999999,March
2024-03-11,78.87,2024,3,1,-0.0899999999999892,-0.11398176291791406,77.807,March
2024-03-12,78.51,2024,3,1,-0.35999999999999943,-0.4564473183719997,77.849,March
2024-03-13,80.67,2024,3,1,2.1599999999999966,2.751241880015276,77.92800000000001,March
2024-03-14,82.16,2024,3,1,1.4899999999999949,1.8470311144167528,78.124,March
2024-03-15,81.94,2024,3,1,-0.21999999999999886,-0.2677702044790675,78.37666666666668,March
2024-03-18,83.68,2024,3,1,1.740000000000009,2.12350500366123,78.74199999999999,March
2024-03-19,84.39,2024,3,1,0.7099999999999937,0.8484703632887003,79.11466666666666,March
2024-03-20,82.79,2024,3,1,-1.5999999999999943,-1.895959236876399,79.41333333333334,March
2024-03-21,81.99,2024,3,1,-0.8000000000000114,-0.9663002778113383,79.671,March
2024-03-22,81.1,2024,3,1,-0.8900000000000006,-1.085498231491644,79.81866666666666,March
2024-03-25,82.41,2024,3,1,1.3100000000000023,1.6152897657213394,79.99033333333334,March
2024-03-26,82.41,2024,3,1,0.0,0.0,80.15933333333334,March
2024-03-27,82.15,2024,3,1,-0.2599999999999909,-0.31549569227034,80.28833333333334,March
2024-03-28,83.96,2024,3,1,1.809999999999988,2.2032866707242693,80.51733333333333,March
2024-04-01,84.54,2024,4,2,0.5800000000000125,0.690805145307305,80.71966666666667,April
2024-04-02,85.95,2024,4,2,1.4099999999999966,1.6678495386799108,80.92966666666666,April
2024-04-03,86.22,2024,4,2,0.269999999999996,0.3141361256544517,81.17966666666668,April
2024-04-04,87.37,2024,4,2,1.1500000000000057,1.333797262816061,81.46233333333333,April
2024-04-05,87.69,2024,4,2,0.3199999999999932,0.36625844111251027,81.73066666666666,April
2024-04-08,87.24,2024,4,2,-0.45000000000000284,-0.5131713992473474,82.05199999999999,April
2024-04-09,86.04,2024,4,2,-1.1999999999999886,-1.3755158184318939,82.30233333333332,April
2024-04-10,86.98,2024,4,2,0.9399999999999977,1.0925151092515017,82.54166666666667,April
2024-04-11,85.79,2024,4,2,-1.1899999999999977,-1.368130604736717,82.75333333333333,April
2024-04-12,86.46,2024,4,2,0.6699999999999875,0.7809768038232745,82.99466666666666,April
2024-04-15,86.21,2024,4,2,-0.25,-0.2891510525098284,83.17166666666667,April
2024-04-16,86.15,2024,4,2,-0.05999999999998806,-0.06959749449018116,83.38766666666668,April
2024-04-17,83.58,2024,4,2,-2.5700000000000074,-2.9831688914683796,83.53666666666666,April
2024-04-18,83.5,2024,4,2,-0.0799999999999983,-0.09571667863125244,83.65066666666667,April
2024-04-19,83.79,2024,4,2,0.29000000000000625,0.34730538922156384,83.78333333333333,April
2024-04-22,83.82,2024,4,2,0.029999999999986926,0.035803795202271615,83.94533333333334,April
2024-04-23,84.17,2024,4,2,0.3500000000000085,0.41756144118350047,84.12200000000001,April
2024-04-24,84.09,2024,4,2,-0.0799999999999983,-0.09504574076274475,84.30799999999999,April
2024-04-25,84.92,2024,4,2,0.8299999999999983,0.987037697704829,84.44966666666666,April
2024-04-26,85.38,2024,4,2,0.45999999999999375,0.5416862929816135,84.557,April
2024-04-29,84.26,2024,4,2,-1.1199999999999903,-1.3117826188802861,84.63433333333333,April
2024-04-30,83.49,2024,4,2,-0.7700000000000102,-0.9138381201044488,84.628,April
2024-05-01,80.7,2024,5,2,-2.789999999999992,-3.3417175709665736,84.50499999999998,May
2024-05-02,80.59,2024,5,2,-0.10999999999999943,-0.13630731102850513,84.43166666666666,May
2024-05-03,79.65,2024,5,2,-0.9399999999999977,-1.1663978161062127,84.35366666666667,May
2024-05-06,80.1,2024,5,2,0.44999999999998863,0.5649717514124131,84.32033333333334,May
2024-05-07,79.97,2024,5,2,-0.12999999999999545,-0.1622971285892616,84.239,May
2024-05-08,80.57,2024,5,2,0.5999999999999943,0.7502813555082977,84.17766666666667,May
2024-05-09,80.86,2024,5,2,0.29000000000000625,0.35993545984858155,84.13466666666666,May
2024-05-10,79.81,2024,5,2,-1.0499999999999972,-1.2985406876082073,83.99633333333333,May
2024-05-13,80.71,2024,5,2,0.8999999999999915,1.1276782358100368,83.86866666666667,May
2024-05-14,79.62,2024,5,2,-1.0899999999999892,-1.3505141865939652,83.65766666666667,May
2024-05-15,80.23,2024,5,2,0.6099999999999994,0.7661391610148227,83.458,May
2024-05-16,80.85,2024,5,2,0.6199999999999903,0.7727782624953106,83.24066666666666,May
2024-05-17,81.66,2024,5,2,0.8100000000000023,1.0018552875695752,83.03966666666666,May
2024-05-20,81.39,2024,5,2,-0.269999999999996,-0.33063923585597843,82.84466666666667,May
2024-05-21,80.66,2024,5,2,-0.730000000000004,-0.8969160830568867,82.66533333333334,May
2024-05-22,79.15,2024,5,2,-1.509999999999991,-1.8720555417803042,82.40433333333334,May
2024-05-23,77.47,2024,5,2,-1.6800000000000068,-2.1225521162350103,82.127,May
2024-05-24,78.48,2024,5,2,1.0100000000000051,1.303730476313425,81.861,May
2024-05-28,80.9,2024,5,2,2.4200000000000017,3.0835881753312977,81.684,May
2024-05-29,80.24,2024,5,2,-0.6600000000000108,-0.8158220024721996,81.48700000000001,May
2024-05-30,78.96,2024,5,2,-1.2800000000000011,-1.5952143569292088,81.33300000000001,May
2024-05-31,77.97,2024,5,2,-0.9899999999999949,-1.2537993920972546,81.14866666666667,May
2024-06-03,75.26,2024,6,2,-2.7099999999999937,-3.4756957804283672,80.86433333333335,June
2024-06-04,74.27,2024,6,2,-0.9900000000000091,-1.3154398086633101,80.546,June
2024-06-05,75.08,2024,6,2,0.8100000000000023,1.090615322472055,80.243,June
2024-06-06,76.52,2024,6,2,1.4399999999999977,1.917954182205639,79.99066666666667,June
2024-06-07,76.53,2024,6,2,0.010000000000005116,0.013068478829070251,79.711,June
2024-06-10,78.75,2024,6,2,2.219999999999999,2.9008232065856454,79.49,June
2024-06-11,78.88,2024,6,2,0.12999999999999545,0.16507936507936805,79.31066666666666,June
2024-06-12,79.56,2024,6,2,0.6800000000000068,0.8620689655172598,79.17966666666666,June
2024-06-13,79.61,2024,6,2,0.04999999999999716,0.06284565108094498,79.14333333333335,June
2024-06-14,79.41,2024,6,2,-0.20000000000000284,-0.25122472051249956,79.104,June
2024-06-17,81.33,2024,6,2,1.9200000000000017,2.41783150736683,79.16,June
2024-06-18,82.67,2024,6,2,1.3400000000000034,1.6476085085454395,79.24566666666666,June
2024-06-20,83.34,2024,6,2,0.6700000000000017,0.8104511914842183,79.35799999999999,June
2024-06-21,81.71,2024,6,2,-1.6300000000000097,-1.9558435325174095,79.396,June
2024-06-24,82.63,2024,6,2,0.9200000000000017,1.125933178313554,79.455,June
2024-06-25,81.97,2024,6,2,-0.6599999999999966,-0.7987413772237661,79.527,June
2024-06-26,82.19,2024,6,2,0.21999999999999886,0.268390874710267,79.57633333333334,June
2024-06-27,83.04,2024,6,2,0.8500000000000085,1.0341890740966253,79.69033333333333,June
2024-06-28,82.83,2024,6,2,-0.21000000000000796,-0.25289017341041387,79.777,June
2024-07-01,84.7,2024,7,3,1.8700000000000045,2.257636122177953,79.90533333333335,July
2024-07-02,84.09,2024,7,3,-0.6099999999999994,-0.7201889020070795,79.98633333333332,July
2024-07-03,85.19,2024,7,3,1.0999999999999943,1.308122249970256,80.113,July
2024-07-05,84.44,2024,7,3,-0.75,-0.880385021716168,80.239,July
2024-07-08,83.63,2024,7,3,-0.8100000000000023,-0.9592610137375668,80.38833333333334,July
2024-07-09,82.78,2024,7,3,-0.8499999999999943,-1.016381681214873,80.56533333333333,July
2024-07-10,83.39,2024,7,3,0.6099999999999994,0.7368929693162496,80.72900000000001,July
2024-07-11,83.92,2024,7,3,0.5300000000000011,0.6355678138865617,80.82966666666667,July
2024-07-12,83.49,2024,7,3,-0.4300000000000068,-0.5123927550047758,80.938,July
2024-07-15,83.22,2024,7,3,-0.269999999999996,-0.3233920229967602,81.07999999999998,July
2024-07-16,81.92,2024,7,3,-1.2999999999999972,-1.5621244893054498,81.21166666666666,July
2024-07-17,84.16,2024,7,3,2.239999999999995,2.734375,81.50833333333334,July
2024-07-18,84.17,2024,7,3,0.010000000000005116,0.011882129277562825,81.83833333333332,July
2024-07-19,81.43,2024,7,3,-2.739999999999995,-3.255316621123905,82.05,July
2024-07-22,81.25,2024,7,3,-0.18000000000000682,-0.22104875353065045,82.20766666666667,July
2024-07-23,78.24,2024,7,3,-3.010000000000005,-3.704615384615395,82.26466666666667,July
2024-07-24,78.78,2024,7,3,0.5400000000000063,0.6901840490797673,82.26566666666668,July
2024-07-25,79.43,2024,7,3,0.6500000000000057,0.8250825082508406,82.284,July
2024-07-26,78.58,2024,7,3,-0.8500000000000085,-1.0701246380460883,82.25133333333333,July
2024-07-29,77.27,2024,7,3,-1.3100000000000023,-1.6670908628149683,82.17333333333333,July
2024-07-30,76.17,2024,7,3,-1.0999999999999943,-1.4235796557525493,82.06533333333333,July
2024-07-31,79.36,2024,7,3,3.1899999999999977,4.188000525141122,81.99966666666667,July
2024-08-01,77.74,2024,8,3,-1.6200000000000045,-2.041330645161299,81.83533333333334,August
2024-08-02,74.99,2024,8,3,-2.75,-3.5374324671983537,81.557,August
2024-08-05,74.46,2024,8,3,-0.5300000000000011,-0.7067609014535292,81.31533333333333,August
2024-08-06,74.6,2024,8,3,0.14000000000000057,0.18802041364491817,81.04766666666666,August
2024-08-07,76.68,2024,8,3,2.0800000000000125,2.788203753351226,80.87133333333333,August
2024-08-08,77.64,2024,8,3,0.9599999999999937,1.2519561815336422,80.71966666666667,August
2024-08-09,78.28,2024,8,3,0.6400000000000006,0.8243173621844457,80.56099999999999,August
2024-08-12,81.45,2024,8,3,3.1700000000000017,4.049565661727139,80.51500000000001,August
2024-08-13,79.81,2024,8,3,-1.6400000000000006,-2.0135052179251045,80.352,August
2024-08-14,78.47,2024,8,3,-1.3400000000000034,-1.6789875955394051,80.16466666666666,August
2024-08-15,79.66,2024,8,3,1.1899999999999977,1.5165031222122982,79.98033333333333,August
2024-08-16,78.05,2024,8,3,-1.6099999999999994,-2.0210896309314608,79.76733333333333,August
2024-08-19,75.82,2024,8,3,-2.230000000000004,-2.857142857142858,79.507,August
2024-08-20,75.27,2024,8,3,-0.5499999999999972,-0.7254022685307282,79.25666666666667,August
2024-08-21,72.76,2024,8,3,-2.509999999999991,-3.334661883884671,78.90233333333332,August
2024-08-22,73.72,2024,8,3,0.9599999999999937,1.319406267179768,78.56233333333334,August
2024-08-23,75.82,2024,8,3,2.0999999999999943,2.84861638632663,78.30666666666666,August
2024-08-26,78.4,2024,8,3,2.5800000000000125,3.4027960960169024,78.146,August
2024-08-27,76.5,2024,8,3,-1.9000000000000057,-2.423469387755106,77.96533333333333,August
2024-08-28,75.49,2024,8,3,-1.0100000000000051,-1.3202614379084987,77.67633333333335,August
2024-08-29,76.9,2024,8,3,1.4100000000000108,1.867797059213161,77.434,August
2024-08-30,74.52,2024,8,3,-2.3800000000000097,-3.0949284785435793,77.20366666666665,August
2024-09-03,71.28,2024,9,3,-3.239999999999995,-4.347826086956519,76.87133333333333,September
2024-09-04,70.11,2024,9,3,-1.1700000000000017,-1.6414141414141437,76.60033333333334,September
2024-09-05,70.09,2024,9,3,-0.01999999999999602,-0.02852660105547855,76.31066666666666,September
2024-09-06,68.58,2024,9,3,-1.5100000000000051,-2.1543729490654973,75.94900000000001,September
2024-09-09,69.65,2024,9,3,1.0700000000000074,1.5602216389618118,75.65133333333333,September
2024-09-10,66.73,2024,9,3,-2.9200000000000017,-4.192390524048816,75.3,September
2024-09-11,68.25,2024,9,3,1.519999999999996,2.277836055747029,75.036,September
2024-09-12,69.89,2024,9,3,1.6400000000000006,2.4029304029304033,74.72033333333334,September
2024-09-13,69.59,2024,9,3,-0.29999999999999716,-0.4292459579338881,74.44866666666667,September
2024-09-16,71.1,2024,9,3,1.509999999999991,2.1698519902284774,74.31899999999999,September
2024-09-17,72.16,2024,9,3,1.0600000000000023,1.4908579465541472,74.24233333333333,September
2024-09-18,71.87,2024,9,3,-0.28999999999999204,-0.40188470066517823,74.15133333333333,September
2024-09-19,72.86,2024,9,3,0.9899999999999949,1.3774871295394453,74.02400000000002,September
2024-09-20,72.72,2024,9,3,-0.14000000000000057,-0.19214932747735336,73.85999999999999,September
2024-09-23,71.33,2024,9,3,-1.3900000000000006,-1.911441144114412,73.62833333333333,September
2024-09-24,72.34,2024,9,3,1.0100000000000051,1.415954016542842,73.32466666666666,September
2024-09-25,70.42,2024,9,3,-1.9200000000000017,-2.6541332596074163,73.01166666666667,September
2024-09-26,68.28,2024,9,3,-2.1400000000000006,-3.038909400738432,72.672,September
2024-09-27,68.72,2024,9,3,0.4399999999999977,0.6444053895723556,72.30733333333335,September
2024-09-30,68.75,2024,9,3,0.030000000000001137,0.043655413271248555,71.99733333333333,September
2024-10-01,70.41,2024,10,4,1.6599999999999966,2.414545454545447,71.817,October
2024-10-02,70.74,2024,10,4,0.3299999999999983,0.46868342564976295,71.666,October
2024-10-03,74.33,2024,10,4,3.5900000000000034,5.074922250494773,71.71833333333333,October
2024-10-04,74.93,2024,10,4,0.6000000000000085,0.8072110856989223,71.75866666666666,October
2024-10-07,77.76,2024,10,4,2.8299999999999983,3.776858401174432,71.82333333333334,October
2024-10-08,74.26,2024,10,4,-3.5,-4.501028806584362,71.68533333333333,October
2024-10-09,73.85,2024,10,4,-0.4100000000000108,-0.5521141933746421,71.597,October
2024-10-10,76.46,2024,10,4,2.6099999999999994,3.534190927555847,71.62933333333332,October
2024-10-11,76.11,2024,10,4,-0.3499999999999943,-0.4577556892492729,71.60300000000001,October
2024-10-15,71.22,2024,10,4,-4.890000000000001,-6.4249113125739115,71.493,October
2024-10-16,70.97,2024,10,4,-0.25,-0.3510249929794984,71.48266666666667,October
2024-10-17,71.26,2024,10,4,0.29000000000000625,0.4086233619839508,71.52099999999999,October
2024-10-18,69.78,2024,10,4,-1.480000000000004,-2.0769014875105296,71.51066666666667,October
2024-10-21,71.16,2024,10,4,1.3799999999999955,1.9776440240756532,71.59666666666665,October
2024-10-22,72.84,2024,10,4,1.6800000000000068,2.360876897133224,71.703,October
2024-10-23,71.37,2024,10,4,-1.4699999999999989,-2.0181219110378845,71.85766666666667,October
2024-10-24,70.58,2024,10,4,-0.7900000000000063,-1.1069076642847175,71.93533333333333,October
2024-10-25,72.02,2024,10,4,1.4399999999999977,2.040238027769914,72.00633333333332,October
2024-10-28,67.65,2024,10,4,-4.36999999999999,-6.067758955845582,71.94166666666666,October
2024-10-29,67.48,2024,10,4,-0.1700000000000017,-0.25129342202513394,71.821,October
2024-10-30,68.91,2024,10,4,1.4299999999999926,2.1191464137522154,71.71266666666666,October
2024-10-31,69.58,2024,10,4,0.6700000000000017,0.972282687563486,71.63633333333334,October
2024-11-01,69.81,2024,11,4,0.23000000000000398,0.33055475711412097,71.53466666666667,November
2024-11-04,71.83,2024,11,4,2.019999999999996,2.8935682566967325,71.50500000000001,November
2024-11-05,72.26,2024,11,4,0.4300000000000068,0.5986356675483862,71.536,November
2024-11-06,71.98,2024,11,4,-0.28000000000000114,-0.3874896208137302,71.52399999999999,November
2024-11-07,72.69,2024,11,4,0.7099999999999937,0.9863851069741525,71.59966666666666,November
2024-11-08,70.69,2024,11,4,-2.0,-2.7514100976750555,71.68,November
2024-11-12,68.43,2024,11,4,-2.259999999999991,-3.1970575753288877,71.67033333333333,November
2024-11-13,68.76,2024,11,4,0.3299999999999983,0.48224462954844505,71.67066666666666,November
2024-11-14,68.99,2024,11,4,0.22999999999998977,0.3344968004653781,71.62333333333335,November
2024-11-15,67.33,2024,11,4,-1.6599999999999966,-2.4061458182345175,71.50966666666666,November
2024-11-18,69.46,2024,11,4,2.1299999999999955,3.1635229466805193,71.34733333333334,November
2024-11-19,69.75,2024,11,4,0.29000000000000625,0.4175064785488125,71.17466666666668,November
2024-11-20,69.25,2024,11,4,-0.5,-0.7168458781361964,70.891,November
2024-11-21,70.39,2024,11,4,1.1400000000000006,1.646209386281594,70.762,November
2024-11-22,71.68,2024,11,4,1.2900000000000063,1.8326466827674581,70.68966666666667,November
2024-11-25,69.41,2024,11,4,-2.2700000000000102,-3.1668526785714413,70.45466666666667,November
2024-11-26,69.05,2024,11,4,-0.35999999999999943,-0.5186572539979784,70.21933333333332,November
2024-11-27,69.03,2024,11,4,-0.01999999999999602,-0.02896451846488013,70.14633333333333,November
2024-11-29,68.26,2024,11,4,-0.769999999999996,-1.1154570476604286,70.056,November
2024-12-02,68.35,2024,12,4,0.0899999999999892,0.13184881336065768,69.959,December
2024-12-03,70.15,2024,12,4,1.8000000000000114,2.633504023408939,69.97133333333333,December
2024-12-04,68.81,2024,12,4,-1.3400000000000034,-1.9101924447612273,69.893,December
2024-12-05,68.58,2024,12,4,-0.23000000000000398,-0.33425374218863935,69.751,December
2024-12-06,68.58,2024,12,4,0.0,0.0,69.658,December
2024-12-09,68.65,2024,12,4,0.07000000000000739,0.10207057451152579,69.59366666666666,December
2024-12-10,68.85,2024,12,4,0.19999999999998863,0.2913328477785804,69.488,December
2024-12-11,70.57,2024,12,4,1.7199999999999989,2.4981844589687663,69.58533333333334,December
2024-12-12,70.25,2024,12,4,-0.3199999999999932,-0.453450474705952,69.67766666666667,December
2024-12-13,71.54,2024,12,4,1.2900000000000063,1.8362989323843504,69.76533333333333,December
2024-12-16,71.03,2024,12,4,-0.5100000000000051,-0.7128878948839845,69.81366666666668,December
2024-12-17,70.31,2024,12,4,-0.7199999999999989,-1.013656201604951,69.83033333333333,December
2024-12-18,70.8,2024,12,4,0.4899999999999949,0.6969136680415211,69.796,December
2024-12-19,70.1,2024,12,4,-0.7000000000000028,-0.9887005649717562,69.72399999999999,December
2024-12-20,69.71,2024,12,4,-0.39000000000000057,-0.5563480741797466,69.64833333333333,December
2024-12-23,69.5,2024,12,4,-0.20999999999999375,-0.30124802754266655,69.54199999999999,December
2024-12-24,70.87,2024,12,4,1.3700000000000045,1.9712230215827464,69.548,December
2024-12-26,70.38,2024,12,4,-0.4900000000000091,-0.6914068011852792,69.613,December
2024-12-27,71.28,2024,12,4,0.9000000000000057,1.278772378516635,69.69699999999999,December
2024-12-30,71.73,2024,12,4,0.45000000000000284,0.631313131313127,69.78833333333334,December
2024-12-31,72.44,2024,12,4,0.7099999999999937,0.989822947162966,69.95866666666667,December
2025-01-02,73.79,2025,1,1,1.3500000000000085,1.8636112644947689,70.10300000000001,January
2025-01-03,74.64,2025,1,1,0.8499999999999943,1.1519176040113654,70.266,January
2025-01-06,74.31,2025,1,1,-0.3299999999999983,-0.4421221864951752,70.43466666666667,January
2025-01-07,74.99,2025,1,1,0.6799999999999926,0.9150854528327201,70.588,January
2025-01-08,73.99,2025,1,1,-1.0,-1.3335111348179773,70.66499999999999,January
2025-01-10,77.27,2025,1,1,3.280000000000001,4.43303149074199,70.92699999999999,January
2025-01-13,79.57,2025,1,1,2.299999999999997,2.9765756438462576,71.27766666666666,January
2025-01-14,78.2,2025,1,1,-1.3699999999999903,-1.7217544300615728,71.58333333333333,January
2025-01-15,80.73,2025,1,1,2.530000000000001,3.2352941176470695,71.999,January
2025-01-16,79.35,2025,1,1,-1.3800000000000097,-1.7094017094017255,72.36566666666666,January
2025-01-17,78.56,2025,1,1,-0.789999999999992,-0.9955891619407575,72.646,January
2025-01-21,76.79,2025,1,1,-1.769999999999996,-2.253054989816694,72.912,January
2025-01-22,76.12,2025,1,1,-0.6700000000000017,-0.8725094413335133,73.16333333333334,January
2025-01-23,75.03,2025,1,1,-1.0900000000000034,-1.431949553336842,73.37833333333333,January
2025-01-24,74.97,2025,1,1,-0.060000000000002274,-0.0799680127948843,73.589,January
2025-01-27,73.51,2025,1,1,-1.4599999999999937,-1.947445644924628,73.74433333333333,January
2025-01-28,74.15,2025,1,1,0.6400000000000006,0.8706298462794138,73.86366666666666,January
2025-01-29,72.94,2025,1,1,-1.210000000000008,-1.6318273769386438,73.95333333333333,January
2025-01-30,73.1,2025,1,1,0.1599999999999966,0.2193583767480023,74.00533333333333,January
2025-01-31,72.84,2025,1,1,-0.2599999999999909,-0.3556771545827564,74.06566666666666,January
2025-02-03,73.52,2025,2,1,0.6799999999999926,0.9335529928610642,74.17266666666666,February
2025-02-04,73.04,2025,2,1,-0.47999999999998977,-0.6528835690968293,74.24733333333333,February
2025-02-05,71.39,2025,2,1,-1.6500000000000057,-2.259036144578319,74.29033333333334,February
2025-02-06,70.97,2025,2,1,-0.4200000000000017,-0.5883176915534416,74.33233333333334,February
2025-02-07,71.32,2025,2,1,0.3499999999999943,0.4931661265323406,74.393,February
2025-02-10,72.73,2025,2,1,1.4100000000000108,1.9770050476724865,74.45499999999998,February
2025-02-11,73.67,2025,2,1,0.9399999999999977,1.2924515330674957,74.56466666666667,February
2025-02-12,71.72,2025,2,1,-1.9500000000000028,-2.6469390525315606,74.57933333333334,February
2025-02-13,71.66,2025,2,1,-0.060000000000002274,-0.08365867261572735,74.577,February
2025-02-14,71.05,2025,2,1,-0.6099999999999994,-0.851241975997763,74.53066666666668,February
2025-02-18,72.21,2025,2,1,1.1599999999999966,1.6326530612244872,74.47800000000001,February
2025-02-19,72.58,2025,2,1,0.37000000000000455,0.5123944052070506,74.40933333333334,February
2025-02-20,72.88,2025,2,1,0.29999999999999716,0.4133370074400622,74.36166666666666,February
2025-02-21,70.72,2025,2,1,-2.1599999999999966,-2.9637760702524663,74.21933333333332,February
2025-02-24,71.06,2025,2,1,0.3400000000000034,0.48076923076922906,74.12166666666667,February
2025-02-25,69.15,2025,2,1,-1.9099999999999966,-2.6878694061356567,73.85100000000001,February
2025-02-26,68.87,2025,2,1,-0.28000000000000114,-0.4049168474331233,73.49433333333333,February
2025-02-27,70.62,2025,2,1,1.75,2.5410193117467728,73.24166666666666,February
2025-02-28,69.97,2025,2,1,-0.6500000000000057,-0.9204191447182208,72.88300000000001,February
2025-03-03,68.63,2025,3,1,-1.3400000000000034,-1.915106474203232,72.52566666666667,March
2025-03-04,68.47,2025,3,1,-0.1599999999999966,-0.233134197872642,72.18933333333332,March
2025-03-05,66.58,2025,3,1,-1.8900000000000006,-2.760332992551484,71.84899999999999,March
2025-03-06,66.62,2025,3,1,0.04000000000000625,0.06007810153199067,71.53233333333333,March
2025-03-07,67.29,2025,3,1,0.6700000000000017,1.0057039927949596,71.27433333333333,March
2025-03-10,66.31,2025,3,1,-0.980000000000004,-1.4563828206271445,70.98566666666667,March
2025-03-11,66.52,2025,3,1,0.20999999999999375,0.31669431458301034,70.75266666666668,March
2025-03-12,67.65,2025,3,1,1.1300000000000097,1.698737221888158,70.536,March
2025-03-13,66.82,2025,3,1,-0.8300000000000125,-1.2269031781227069,70.33200000000001,March
2025-03-14,67.43,2025,3,1,0.6100000000000136,0.9129003292427607,70.143,March
2025-03-17,67.84,2025,3,1,0.4099999999999966,0.6080379652973367,69.97633333333333,March
2025-03-18,67.49,2025,3,1,-0.3500000000000085,-0.5159198113207641,69.77533333333334,March
2025-03-19,67.4,2025,3,1,-0.0899999999999892,-0.1333530893465551,69.58733333333333,March
2025-03-20,68.55,2025,3,1,1.1499999999999915,1.7062314540059242,69.49266666666666,March
2025-03-21,68.52,2025,3,1,-0.030000000000001137,-0.04376367614880028,69.411,March
2025-03-24,69.46,2025,3,1,0.9399999999999977,1.371862230005827,69.34899999999999,March
2025-03-25,69.48,2025,3,1,0.020000000000010232,0.028793550244765598,69.24066666666666,March
2025-03-26,70.05,2025,3,1,0.5699999999999932,0.8203799654576738,69.11999999999999,March
2025-03-27,70.3,2025,3,1,0.25,0.35688793718773315,69.07266666666668,March
2025-03-28,69.74,2025,3,1,-0.5600000000000023,-0.7965860597439534,69.00866666666667,March
2025-03-31,71.87,2025,3,1,2.1300000000000097,3.0542013191855677,69.036,March
2025-04-01,71.61,2025,4,2,-0.2600000000000051,-0.36176429664672716,69.016,April
2025-04-02,72.12,2025,4,2,0.5100000000000051,0.712191034771692,69.00066666666666,April
2025-04-03,67.43,2025,4,2,-4.689999999999998,-6.503050471436489,68.819,April
2025-04-04,62.42,2025,4,2,-5.010000000000005,-7.4299273320480586,68.54233333333333,April
2025-04-07,61.05,2025,4,2,-1.3700000000000045,-2.1948093559756576,68.20866666666667,April
2025-04-08,60.04,2025,4,2,-1.009999999999998,-1.6543816543816536,67.905,April
2025-04-09,62.63,2025,4,2,2.5900000000000034,4.3137908061292585,67.697,April
2025-04-10,60.57,2025,4,2,-2.0600000000000023,-3.289158550215554,67.362,April
2025-04-11,61.91,2025,4,2,1.3399999999999963,2.2123163282152802,67.09333333333333,April
2025-04-14,61.99,2025,4,2,0.0800000000000054,0.12921983524472047,66.872,April
2025-04-15,61.74,2025,4,2,-0.25,-0.40329085336344717,66.64766666666667,April
2025-04-16,62.88,2025,4,2,1.1400000000000006,1.8464528668610258,66.52433333333333,April
2025-04-17,65.07,2025,4,2,2.1899999999999906,3.4828244274808906,66.47266666666665,April
2025-04-21,63.48,2025,4,2,-1.5899999999999963,-2.4435223605348,66.34566666666666,April
2025-04-22,64.6,2025,4,2,1.1199999999999974,1.7643352236925036,66.28866666666667,April
2025-04-23,62.64,2025,4,2,-1.9599999999999937,-3.0340557275541746,66.15933333333334,April
2025-04-24,63.55,2025,4,2,0.9099999999999966,1.4527458492975764,66.02266666666667,April
2025-04-25,63.85,2025,4,2,0.30000000000000426,0.4720692368214152,65.92366666666666,April
2025-04-28,63.3,2025,4,2,-0.5500000000000043,-0.8613938919342257,65.786,April
2025-04-29,61.84,2025,4,2,-1.4599999999999937,-2.306477093206938,65.586,April
2025-04-30,59.55,2025,4,2,-2.2900000000000063,-3.70310478654593,65.32133333333334,April
2025-05-01,60.59,2025,5,2,1.0400000000000063,1.7464315701091637,65.09433333333332,May
2025-05-02,59.67,2025,5,2,-0.9200000000000017,-1.5184023766298127,64.79833333333333,May
2025-05-05,58.5,2025,5,2,-1.1700000000000017,-1.9607843137254943,64.46433333333333,May
2025-05-06,60.42,2025,5,2,1.9200000000000017,3.2820512820512793,64.163,May
2025-05-07,59.42,2025,5,2,-1.0,-1.655081098973854,63.827666666666666,May
2025-05-08,61.25,2025,5,2,1.8299999999999983,3.079771120834729,63.53433333333333,May
2025-05-09,62.37,2025,5,2,1.1199999999999974,1.8285714285714239,63.269999999999996,May
2025-05-12,63.32,2025,5,2,0.9500000000000028,1.523168189834867,63.056000000000004,May
2025-05-13,65.04,2025,5,2,1.720000000000006,2.716361339229323,62.82833333333333,May
2025-05-14,64.48,2025,5,2,-0.5600000000000023,-0.8610086100861003,62.59066666666667,May
2025-05-15,63.03,2025,5,2,-1.4500000000000028,-2.2487593052109234,62.287666666666674,May
2025-05-16,63.84,2025,5,2,0.8100000000000023,1.285102332222765,62.168,May
2025-05-19,63.98,2025,5,2,0.13999999999999346,0.21929824561401912,62.22,May
2025-05-20,63.97,2025,5,2,-0.00999999999999801,-0.015629884338852484,62.31733333333333,May
2025-05-21,62.93,2025,5,2,-1.0399999999999991,-1.625762075973114,62.41366666666667,May
2025-05-22,62.55,2025,5,2,-0.38000000000000256,-0.6038455426664591,62.410999999999994,May
2025-05-23,62.89,2025,5,2,0.3400000000000034,0.5435651478816972,62.48833333333334,May
2025-05-27,61.61,2025,5,2,-1.2800000000000011,-2.035299729686757,62.47833333333333,May
2025-05-28,62.54,2025,5,2,0.9299999999999997,1.5094952118162697,62.49666666666666,May
2025-05-29,61.66,2025,5,2,-0.8800000000000026,-1.4070994563479378,62.494,May
2025-05-30,61.46,2025,5,2,-0.19999999999999574,-0.3243593902043429,62.44666666666667,May
2025-06-02,63.27,2025,6,2,1.8100000000000023,2.9450048812235563,62.38666666666667,June
2025-06-03,64.1,2025,6,2,0.8299999999999912,1.311838153943401,62.407333333333334,June
2025-06-04,63.57,2025,6,2,-0.529999999999994,-0.826833073322919,62.373,June
2025-06-05,64.06,2025,6,2,0.490000000000002,0.7708038382885141,62.42033333333334,June
2025-06-06,65.3,2025,6,2,1.2399999999999949,1.9356852950358938,62.47866666666667,June
2025-06-09,65.99,2025,6,2,0.6899999999999977,1.0566615620214437,62.55,June
2025-06-10,65.66,2025,6,2,-0.3299999999999983,-0.5000757690559188,62.62866666666666,June
2025-06-11,68.91,2025,6,2,3.25,4.949741090466042,62.864333333333335,June
2025-06-12,68.73,2025,6,2,-0.1799999999999926,-0.26121027427077337,63.17033333333333,June
2025-06-13,73.84,2025,6,2,5.109999999999999,7.434890149861784,63.611999999999995,June
2025-06-16,72.53,2025,6,2,-1.3100000000000023,-1.7741061755146337,64.04066666666667,June
2025-06-17,75.62,2025,6,2,3.0900000000000034,4.2603060802426596,64.61133333333333,June
2025-06-18,75.89,2025,6,2,0.269999999999996,0.3570483998942109,65.127,June
2025-06-20,75.72,2025,6,2,-0.1700000000000017,-0.22400843325867115,65.67033333333333,June
2025-06-23,69.36,2025,6,2,-6.359999999999999,-8.39936608557844,65.94066666666667,June
2025-06-24,65.45,2025,6,2,-3.9099999999999966,-5.637254901960775,66.04333333333334,June
2025-06-25,65.98,2025,6,2,0.5300000000000011,0.8097784568372735,66.132,June
2025-06-26,66.44,2025,6,2,0.45999999999999375,0.6971809639284565,66.17866666666666,June
2025-06-27,66.66,2025,6,2,0.21999999999999886,0.3311258278145601,66.25133333333333,June
2025-06-30,66.3,2025,6,2,-0.35999999999999943,-0.5400540054005365,66.36033333333333,June
2025-07-01,66.64,2025,7,3,0.3400000000000034,0.512820512820511,66.45366666666668,July
2025-07-02,68.66,2025,7,3,2.019999999999996,3.0312124849939837,66.60966666666667,July
2025-07-03,68.13,2025,7,3,-0.5300000000000011,-0.7719196038450393,66.74833333333333,July
2025-07-07,69.16,2025,7,3,1.0300000000000011,1.5118156465580457,66.95599999999999,July
2025-07-08,69.55,2025,7,3,0.39000000000000057,0.5639097744360999,67.18933333333334,July
2025-07-09,69.61,2025,7,3,0.060000000000002274,0.0862688713155979,67.41333333333333,July
2025-07-10,67.78,2025,7,3,-1.8299999999999983,-2.628932624622893,67.619,July
2025-07-11,69.63,2025,7,3,1.8499999999999943,2.729418707583342,67.85533333333333,July
2025-07-14,68.19,2025,7,3,-1.4399999999999977,-2.068074105988793,68.073,July
2025-07-15,67.76,2025,7,3,-0.4299999999999926,-0.6305909957471711,68.28299999999999,July
2025-07-16,67.13,2025,7,3,-0.6300000000000097,-0.9297520661157188,68.41166666666666,July
2025-07-17,68.76,2025,7,3,1.6300000000000097,2.428124534485332,68.56700000000001,July
2025-07-18,68.53,2025,7,3,-0.23000000000000398,-0.3344968004653892,68.73233333333334,July
2025-07-21,68.39,2025,7,3,-0.14000000000000057,-0.20429009193053682,68.87666666666665,July
2025-07-22,67.56,2025,7,3,-0.8299999999999983,-1.2136277233513626,68.952,July
2025-07-23,66.05,2025,7,3,-1.5100000000000051,-2.2350503256364784,68.954,July
2025-07-24,67.16,2025,7,3,1.1099999999999994,1.6805450416351286,69.00399999999999,July
2025-07-25,66.38,2025,7,3,-0.7800000000000011,-1.1614055985705751,68.91966666666667,July
2025-07-28,67.81,2025,7,3,1.4300000000000068,2.1542633323290206,68.889,July
2025-07-29,70.27,2025,7,3,2.4599999999999937,3.627783512756211,68.77,July
2025-07-30,71.09,2025,7,3,0.8200000000000074,1.1669275651060351,68.722,July
2025-07-31,70.36,2025,7,3,-0.730000000000004,-1.026867351244909,68.54666666666667,July
2025-08-01,68.39,2025,8,3,-1.9699999999999989,-2.7998862990335383,68.29666666666667,August
2025-08-04,67.33,2025,8,3,-1.0600000000000023,-1.5499342009065664,68.017,August
2025-08-05,66.2,2025,8,3,-1.1299999999999955,-1.6783009059854415,67.91166666666666,August
2025-08-06,65.38,2025,8,3,-0.8200000000000074,-1.2386706948640636,67.90933333333334,August
2025-08-07,64.9,2025,8,3,-0.47999999999998977,-0.7341694707861612,67.87333333333332,August
2025-08-08,64.94,2025,8,3,0.03999999999999204,0.06163328197226203,67.82333333333334,August
2025-08-11,65.03,2025,8,3,0.09000000000000341,0.13858946720048948,67.76899999999999,August
2025-08-12,64.22,2025,8,3,-0.8100000000000023,-1.2455789635552827,67.69966666666667,August
2025-08-13,63.68,2025,8,3,-0.5399999999999991,-0.8408595453129886,67.601,August
2025-08-14,64.99,2025,8,3,1.3099999999999952,2.0571608040200973,67.47866666666667,August
2025-08-15,63.78,2025,8,3,-1.2099999999999937,-1.8618248961378536,67.33366666666667,August
2025-08-18,64.51,2025,8,3,0.730000000000004,1.1445594230166334,67.17866666666667,August
2025-08-19,63.38,2025,8,3,-1.1300000000000026,-1.751666408308794,66.973,August
2025-08-20,64.19,2025,8,3,0.8099999999999952,1.2780056800252293,66.79233333333333,August
2025-08-21,64.56,2025,8,3,0.37000000000000455,0.5764137716155249,66.685,August
2025-08-22,64.08,2025,8,3,-0.480000000000004,-0.743494423791824,66.5,August
2025-08-25,65.18,2025,8,3,1.1000000000000085,1.7166042446941532,66.39966666666666,August
2025-08-26,63.6,2025,8,3,-1.5800000000000054,-2.4240564590365277,66.26100000000001,August
2025-08-27,64.49,2025,8,3,0.8899999999999935,1.3993710691823757,66.173,August
2025-08-28,64.96,2025,8,3,0.46999999999999886,0.7287951620406297,66.04633333333334,August
2025-08-29,64.36,2025,8,3,-0.5999999999999943,-0.9236453201970307,65.90733333333334,August
2025-09-02,65.95,2025,9,3,1.5900000000000034,2.4704785581106226,65.826,September
2025-09-03,64.36,2025,9,3,-1.5900000000000034,-2.41091736163761,65.71933333333332,September
2025-09-04,63.81,2025,9,3,-0.5499999999999972,-0.8545680546923506,65.64466666666667,September
2025-09-05,62.22,2025,9,3,-1.5900000000000034,-2.4917724494593396,65.47999999999999,September
2025-09-08,62.6,2025,9,3,0.38000000000000256,0.6107360977177789,65.354,September
2025-09-09,62.97,2025,9,3,0.36999999999999744,0.5910543130990265,65.19266666666667,September
2025-09-10,64.01,2025,9,3,1.0400000000000063,1.6515801175162936,64.984,September
2025-09-11,62.71,2025,9,3,-1.3000000000000043,-2.030932666770824,64.70466666666667,September
2025-09-12,63.02,2025,9,3,0.3100000000000023,0.4943390208898224,64.46000000000001,September
2025-09-15,63.66,2025,9,3,0.6399999999999935,1.0155506188511465,64.30233333333334,September
2025-09-16,64.89,2025,9,3,1.230000000000004,1.9321394910461809,64.221,September
2025-09-17,64.41,2025,9,3,-0.480000000000004,-0.7397133610725914,64.16133333333333,September
2025-09-18,63.91,2025,9,3,-0.5,-0.7762769756249011,64.11233333333332,September
2025-09-19,63.02,2025,9,3,-0.8899999999999935,-1.3925833202941496,64.04966666666667,September
2025-09-22,62.99,2025,9,3,-0.030000000000001137,-0.04760393525864437,63.98466666666666,September
2025-09-23,63.76,2025,9,3,0.769999999999996,1.2224162565486418,63.94233333333333,September
2025-09-24,65.4,2025,9,3,1.6400000000000077,2.5721455457967446,63.98166666666667,September
2025-09-25,65.51,2025,9,3,0.10999999999999943,0.16819571865442917,64.04266666666666,September
2025-09-26,66.5,2025,9,3,0.9899999999999949,1.511219661120422,64.093,September
2025-09-29,64.27,2025,9,3,-2.230000000000004,-3.3533834586466194,64.10933333333334,September
2025-09-30,63.17,2025,9,3,-1.0999999999999943,-1.711529484985208,64.06466666666667,September
2025-10-01,62.59,2025,10,4,-0.5799999999999983,-0.9181573531739762,64.03833333333334,October
2025-10-02,61.28,2025,10,4,-1.3100000000000023,-2.092986100015981,63.94133333333333,October
2025-10-03,61.65,2025,10,4,0.36999999999999744,0.6037859007832935,63.84433333333334,October
2025-10-06,62.49,2025,10,4,0.8400000000000034,1.362530413625307,63.791333333333334,October
2025-10-07,62.52,2025,10,4,0.030000000000001137,0.048007681228989796,63.70266666666667,October
2025-10-08,63.37,2025,10,4,0.8499999999999943,1.3595649392194487,63.695,October
2025-10-09,62.36,2025,10,4,-1.009999999999998,-1.5938141076219048,63.624,October
2025-10-10,59.75,2025,10,4,-2.6099999999999994,-4.185375240538802,63.45033333333333,October
2025-10-14,59.52,2025,10,4,-0.22999999999999687,-0.3849372384937211,63.289,October
2025-10-15,59.08,2025,10,4,-0.44000000000000483,-0.7392473118279619,63.059999999999995,October
2025-10-16,58.29,2025,10,4,-0.7899999999999991,-1.3371699390656744,62.85766666666667,October
2025-10-17,58.3,2025,10,4,0.00999999999999801,0.01715560130381988,62.67400000000001,October
2025-10-20,58.34,2025,10,4,0.04000000000000625,0.06861063464838058,62.54466666666667,October
2025-10-21,58.66,2025,10,4,0.3199999999999932,0.5485087418580559,62.413333333333334,October
2025-10-22,59.3,2025,10,4,0.6400000000000006,1.0910330719399841,62.291000000000004,October
2025-10-23,62.44,2025,10,4,3.1400000000000006,5.295109612141657,62.23866666666666,October
2025-10-24,62.27,2025,10,4,-0.1699999999999946,-0.2722613709160715,62.224000000000004,October
2025-10-27,62.13,2025,10,4,-0.14000000000000057,-0.22482736470210707,62.19433333333333,October
2025-10-28,60.97,2025,10,4,-1.1600000000000037,-1.867052953484638,62.10466666666667,October
2025-10-29,61.26,2025,10,4,0.28999999999999915,0.4756437592258411,61.983666666666664,October
2025-10-30,61.36,2025,10,4,0.10000000000000142,0.1632386549134779,61.88199999999999,October
2025-10-31,61.75,2025,10,4,0.39000000000000057,0.6355932203389925,61.809999999999995,October
2025-11-03,61.79,2025,11,4,0.03999999999999915,0.06477732793521707,61.769000000000005,November
2025-11-04,61.38,2025,11,4,-0.4099999999999966,-0.6635377892862837,61.715333333333334,November
2025-11-05,60.4,2025,11,4,-0.980000000000004,-1.5966112740306349,61.60333333333334,November
2025-11-06,60.24,2025,11,4,-0.1599999999999966,-0.26490066225165476,61.431333333333335,November
2025-11-07,60.54,2025,11,4,0.29999999999999716,0.4980079681274896,61.26566666666667,November
2025-11-10,60.94,2025,11,4,0.3999999999999986,0.6607201850016509,61.080333333333336,November
2025-11-12,59.3,2025,11,4,-1.6400000000000006,-2.6911716442402422,60.91466666666667,November
2025-11-13,59.54,2025,11,4,0.240000000000002,0.4047217537942682,60.79366666666667,November
2025-11-14,60.87,2025,11,4,1.3299999999999983,2.2337924084648852,60.73633333333333,November
2025-11-17,60.66,2025,11,4,-0.21000000000000085,-0.3449975357318835,60.71566666666667,November
2025-11-18,61.51,2025,11,4,0.8500000000000014,1.4012528849324024,60.711,November
2025-11-19,60.27,2025,11,4,-1.2399999999999949,-2.01593236872053,60.63699999999999,November
2025-11-20,60.07,2025,11,4,-0.20000000000000284,-0.3318400530944121,60.55533333333333,November
2025-11-21,58.86,2025,11,4,-1.2100000000000009,-2.0143166305976345,60.405,November
2025-11-24,59.11,2025,11,4,0.25,0.42473666326876547,60.29666666666666,November
2025-11-25,58.25,2025,11,4,-0.8599999999999994,-1.45491456606327,60.24666666666666,November
2025-11-26,58.81,2025,11,4,0.5600000000000023,0.9613733905579513,60.223,November
2025-11-28,58.58,2025,11,4,-0.23000000000000398,-0.39108995068866115,60.20633333333333,November
2025-12-01,59.47,2025,12,4,0.8900000000000006,1.5192898600204785,60.24566666666667,December
2025-12-02,58.81,2025,12,4,-0.6599999999999966,-1.1098032621489784,60.26266666666667,December
2025-12-03,59.09,2025,12,4,0.28000000000000114,0.4761095051861952,60.28766666666666,December
2025-12-04,59.82,2025,12,4,0.7299999999999969,1.2354036215941777,60.32633333333333,December
2025-12-05,60.23,2025,12,4,0.4099999999999966,0.6853895018388512,60.35733333333334,December
2025-12-08,59.04,2025,12,4,-1.1899999999999977,-1.9757595882450518,60.24400000000001,December
2025-12-09,58.4,2025,12,4,-0.6400000000000006,-1.084010840108407,60.114999999999995,December
2025-12-10,58.67,2025,12,4,0.2700000000000031,0.46232876712328785,59.99966666666667,December
2025-12-11,57.76,2025,12,4,-0.9100000000000037,-1.5510482358956912,59.89266666666666,December
2025-12-12,57.61,2025,12,4,-0.14999999999999858,-0.2596952908587191,59.770999999999994,December
2025-12-15,56.97,2025,12,4,-0.6400000000000006,-1.1109182433605258,59.62466666666667,December
2025-12-16,55.44,2025,12,4,-1.5300000000000011,-2.6856240126382325,59.41433333333334,December
2025-12-17,56.07,2025,12,4,0.6300000000000026,1.1363636363636465,59.22366666666666,December
2025-12-18,56.22,2025,12,4,0.14999999999999858,0.2675227394328461,59.05166666666666,December
2025-12-19,56.8,2025,12,4,0.5799999999999983,1.0316613304873767,58.93166666666666,December
2025-12-22,58.18,2025,12,4,1.3800000000000026,2.4295774647887347,58.86299999999999,December
2025-12-23,58.55,2025,12,4,0.36999999999999744,0.635957373667928,58.79666666666666,December
2025-12-24,58.72,2025,12,4,0.1700000000000017,0.29035012809564,58.72266666666666,December
2025-12-26,56.6,2025,12,4,-2.1199999999999974,-3.610354223433243,58.632666666666665,December
2025-12-29,57.89,2025,12,4,1.2899999999999991,2.279151943462887,58.577666666666666,December
2025-12-30,57.79,2025,12,4,-0.10000000000000142,-0.17274140611505118,58.475,December
2025-12-31,57.26,2025,12,4,-0.5300000000000011,-0.9171136874891905,58.361666666666665,December
2026-01-02,57.21,2026,1,1,-0.04999999999999716,-0.08732099196646637,58.218333333333334,January
2026-01-05,58.1,2026,1,1,0.8900000000000006,1.555672085299764,58.146,January
2026-01-06,56.97,2026,1,1,-1.1300000000000026,-1.9449225473321952,58.04266666666667,January
2026-01-07,56.01,2026,1,1,-0.9600000000000009,-1.6850974196945812,57.94766666666666,January
2026-01-08,57.74,2026,1,1,1.730000000000004,3.088734154615258,57.902,January
2026-01-09,58.96,2026,1,1,1.2199999999999989,2.112919986144779,57.925666666666665,January
2026-01-12,59.39,2026,1,1,0.4299999999999997,0.7293080054274093,57.945,January
2026-01-13,60.85,2026,1,1,1.4600000000000009,2.4583263175618875,58.02066666666666,January
2026-01-14,61.84,2026,1,1,0.990000000000002,1.626951520131481,58.099666666666664,January
2026-01-15,59.13,2026,1,1,-2.710000000000001,-4.3822768434670145,58.11033333333333,January
2026-01-16,59.4,2026,1,1,0.269999999999996,0.45662100456620447,58.12066666666667,January
2026-01-20,60.3,2026,1,1,0.8999999999999986,1.5151515151515138,58.13666666666666,January
2026-01-21,60.38,2026,1,1,0.0800000000000054,0.1326699834162559,58.141666666666666,January
2026-01-22,59.24,2026,1,1,-1.1400000000000006,-1.8880423981450845,58.148333333333326,January
2026-01-23,60.7,2026,1,1,1.4600000000000009,2.464550979068192,58.225,January
2026-01-26,60.46,2026,1,1,-0.240000000000002,-0.39538714991763646,58.284666666666666,January
2026-01-27,62.04,2026,1,1,1.5799999999999983,2.6132980482963974,58.42733333333333,January
2026-01-28,62.75,2026,1,1,0.7100000000000009,1.1444229529335992,58.59866666666667,January
2026-01-29,64.77,2026,1,1,2.019999999999996,3.2191235059760848,58.858666666666664,January
2026-01-30,64.5,2026,1,1,-0.269999999999996,-0.41685965724872487,59.160666666666664,January
2026-02-02,61.6,2026,2,1,-2.8999999999999986,-4.496124031007753,59.345000000000006,February
2026-02-03,62.62,2026,2,1,1.019999999999996,1.655844155844144,59.55833333333333,February
2026-02-04,64.56,2026,2,1,1.9400000000000048,3.0980517406579366,59.81700000000001,February
2026-02-05,62.9,2026,2,1,-1.6600000000000037,-2.571251548946718,59.974333333333334,February
2026-02-06,63.77,2026,2,1,0.8700000000000045,1.3831478537360997,60.14833333333333,February
2026-02-09,64.53,2026,2,1,0.759999999999998,1.191782970048605,60.342,February
2026-02-10,64.2,2026,2,1,-0.3299999999999983,-0.5113900511390046,60.59533333333333,February
2026-02-11,64.8,2026,2,1,0.5999999999999943,0.9345794392523255,60.82566666666666,February
2026-02-12,63.08,2026,2,1,-1.7199999999999989,-2.654320987654324,61.002,February
2026-02-13,63.05,2026,2,1,-0.030000000000001137,-0.047558655675339345,61.19500000000001,February
2026-02-17,62.53,2026,2,1,-0.519999999999996,-0.8247422680412342,61.37233333333334,February
2026-02-18,65.33,2026,2,1,2.799999999999997,4.477850631696789,61.61333333333333,February
2026-02-19,66.66,2026,2,1,1.3299999999999983,2.0358181539874565,61.93633333333334,February
2026-02-20,66.69,2026,2,1,0.030000000000001137,0.04500450045004101,62.29233333333333,February
2026-02-23,66.36,2026,2,1,-0.3299999999999983,-0.49482681061627787,62.57966666666667,February
2026-02-24,65.62,2026,2,1,-0.7399999999999949,-1.1151295961422503,62.80166666666667,February
2026-02-25,65.3,2026,2,1,-0.3200000000000074,-0.4876562023773401,62.998666666666665,February
2026-02-26,65.1,2026,2,1,-0.20000000000000284,-0.3062787136294043,63.14033333333334,February
2026-02-27,66.96,2026,2,1,1.8599999999999994,2.857142857142847,63.311,February
2026-03-02,71.13,2026,3,1,4.170000000000002,6.227598566308257,63.711,March
2026-03-03,74.48,2026,3,1,3.3500000000000085,4.7096864895262325,64.21366666666667,March
2026-03-04,74.58,2026,3,1,0.09999999999999432,0.13426423200859627,64.68966666666667,March
2026-03-05,80.88,2026,3,1,6.299999999999997,8.44730490748189,65.37299999999999,March
2026-03-06,90.77,2026,3,1,9.89,12.227992087042526,66.424,March
2026-03-09,94.65,2026,3,1,3.8800000000000097,4.274540046270814,67.55566666666667,March
2026-03-10,83.71,2026,3,1,-10.940000000000012,-11.558372952984698,68.33066666666667,March
2026-03-11,86.8,2026,3,1,3.0900000000000034,3.6913152550472006,69.15599999999999,March
2026-03-12,95.61,2026,3,1,8.810000000000002,10.149769585253466,70.25133333333333,March
2026-03-13,98.48,2026,3,1,2.8700000000000045,3.001778056688642,71.375,March
2026-03-16,93.39,2026,3,1,-5.090000000000003,-5.168562144597888,72.338,March
2026-03-17,96.01,2026,3,1,2.6200000000000045,2.805439554556166,73.485,March
2026-03-18,96.12,2026,3,1,0.10999999999999943,0.11457139881261291,74.60166666666666,March
2026-03-19,96.11,2026,3,1,-0.010000000000005116,-0.010403662089064625,75.65333333333334,March
2026-03-20,98.71,2026,3,1,2.5999999999999943,2.705233586515443,76.847,March
2026-03-23,89.33,2026,3,1,-9.379999999999995,-9.50258332489109,77.699,March
2026-03-24,93.18,2026,3,1,3.8500000000000085,4.309862308295087,78.654,March
2026-03-25,91.51,2026,3,1,-1.6700000000000017,-1.792230092294489,79.56433333333332,March
2026-03-26,96.18,2026,3,1,4.670000000000002,5.103267402469669,80.61033333333333,March
2026-03-27,101.26,2026,3,1,5.079999999999998,5.2817633603659875,81.88300000000001,March
2026-03-30,104.69,2026,3,1,3.4299999999999926,3.387319770886821,83.271,March
2026-03-31,102.86,2026,3,1,-1.8299999999999983,-1.7480179577801125,84.61533333333334,March
2026-04-01,101.9,2026,4,2,-0.9599999999999937,-0.9333074081275483,85.83433333333332,April
2026-04-02,113.23,2026,4,2,11.329999999999998,11.11874386653582,87.38666666666667,April
2026-04-06,114.01,2026,4,2,0.7800000000000011,0.6888633754305484,88.964,April
2026-04-07,114.58,2026,4,2,0.5699999999999932,0.49995614419786616,90.57133333333333,April
2026-04-08,96.17,2026,4,2,-18.409999999999997,-16.067376505498345,91.58966666666667,April
2026-04-09,99.62,2026,4,2,3.450000000000003,3.5873973172507068,92.73366666666668,April
2026-04-10,98.34,2026,4,2,-1.2800000000000011,-1.2848825537040809,93.84166666666667,April
2026-04-13,100.72,2026,4,2,2.3799999999999955,2.420174903396366,94.96700000000001,April
2026-04-14,93.07,2026,4,2,-7.650000000000006,-7.595313741064347,95.69833333333334,April
2026-04-15,93.04,2026,4,2,-0.029999999999986926,-0.032233802514225474,96.31700000000001,April
2026-04-16,96.46,2026,4,2,3.4199999999999875,3.675838349097149,97.04633333333335,April
2026-04-17,85.91,2026,4,2,-10.549999999999997,-10.93717603151565,97.214,April
2026-04-20,91.06,2026,4,2,5.150000000000006,5.994645559306266,97.22366666666667,April
2026-04-21,93.64,2026,4,2,2.5799999999999983,2.833296727432466,97.19,April
2026-04-22,94.76,2026,4,2,1.1200000000000045,1.1960700555318393,97.55833333333334,April
2026-04-23,99.27,2026,4,2,4.509999999999991,4.759392148585895,97.974,April
2026-04-24,98.42,2026,4,2,-0.8499999999999943,-0.8562506295960448,98.06766666666667,April
2026-04-27,99.89,2026,4,2,1.4699999999999989,1.493598862019918,98.11466666666666,April
2026-04-28,103.45,2026,4,2,3.5600000000000023,3.5639203123435825,98.45,April
2026-04-29,110.47,2026,4,2,7.019999999999996,6.785886901884974,98.932,April
2026-04-30,108.64,2026,4,2,-1.8299999999999983,-1.656558341631209,99.34933333333333,April
2026-05-01,105.38,2026,5,2,-3.260000000000005,-3.0007363770250373,99.65833333333333,May
2026-05-04,109.76,2026,5,2,4.38000000000001,4.156386411083712,100.02666666666667,May
2026-05-05,105.66,2026,5,2,-4.1000000000000085,-3.7354227405247853,100.571,May
2026-05-06,98.75,2026,5,2,-6.909999999999997,-6.539844785159943,100.75666666666667,May
2026-05-07,98.38,2026,5,2,-0.37000000000000455,-0.3746835443037999,100.98566666666667,May
2026-05-08,98.87,2026,5,2,0.4900000000000091,0.4980687131530992,101.07533333333335,May
2026-05-11,101.56,2026,5,2,2.6899999999999977,2.720744411853948,101.08533333333334,May
